--
-- PostgreSQL database dump
--

-- Dumped from database version 12.11 (Ubuntu 12.11-0ubuntu0.20.04.1)
-- Dumped by pg_dump version 12.11 (Ubuntu 12.11-0ubuntu0.20.04.1)

SET statement_timeout = 0;
SET lock_timeout = 0;
SET idle_in_transaction_session_timeout = 0;
SET client_encoding = 'UTF8';
SET standard_conforming_strings = on;
SELECT pg_catalog.set_config('search_path', '', false);
SET check_function_bodies = false;
SET xmloption = content;
SET client_min_messages = warning;
SET row_security = off;

--
-- Name: diesel_manage_updated_at(regclass); Type: FUNCTION; Schema: public; Owner: serg
--

CREATE FUNCTION public.diesel_manage_updated_at(_tbl regclass) RETURNS void
    LANGUAGE plpgsql
    AS $$
BEGIN
    EXECUTE format('CREATE TRIGGER set_updated_at BEFORE UPDATE ON %s
                    FOR EACH ROW EXECUTE PROCEDURE diesel_set_updated_at()', _tbl);
END;
$$;


ALTER FUNCTION public.diesel_manage_updated_at(_tbl regclass) OWNER TO serg;

--
-- Name: diesel_set_updated_at(); Type: FUNCTION; Schema: public; Owner: serg
--

CREATE FUNCTION public.diesel_set_updated_at() RETURNS trigger
    LANGUAGE plpgsql
    AS $$
BEGIN
    IF (
        NEW IS DISTINCT FROM OLD AND
        NEW.updated_at IS NOT DISTINCT FROM OLD.updated_at
    ) THEN
        NEW.updated_at := current_timestamp;
    END IF;
    RETURN NEW;
END;
$$;


ALTER FUNCTION public.diesel_set_updated_at() OWNER TO serg;

SET default_tablespace = '';

SET default_table_access_method = heap;

--
-- Name: __diesel_schema_migrations; Type: TABLE; Schema: public; Owner: serg
--

CREATE TABLE public.__diesel_schema_migrations (
    version character varying(50) NOT NULL,
    run_on timestamp without time zone DEFAULT CURRENT_TIMESTAMP NOT NULL
);


ALTER TABLE public.__diesel_schema_migrations OWNER TO serg;

--
-- Name: categories; Type: TABLE; Schema: public; Owner: serg
--

CREATE TABLE public.categories (
    id integer NOT NULL,
    name character varying(100) NOT NULL,
    description character varying(500),
    "position" smallint NOT NULL,
    image character varying(500),
    count smallint NOT NULL,
    view integer NOT NULL,
    height double precision NOT NULL,
    seconds integer NOT NULL,
    types smallint NOT NULL,
    slug character varying(100) NOT NULL,
    now_u smallint DEFAULT 0 NOT NULL
);


ALTER TABLE public.categories OWNER TO serg;

--
-- Name: categories_id_seq; Type: SEQUENCE; Schema: public; Owner: serg
--

CREATE SEQUENCE public.categories_id_seq
    AS integer
    START WITH 1
    INCREMENT BY 1
    NO MINVALUE
    NO MAXVALUE
    CACHE 1;


ALTER TABLE public.categories_id_seq OWNER TO serg;

--
-- Name: categories_id_seq; Type: SEQUENCE OWNED BY; Schema: public; Owner: serg
--

ALTER SEQUENCE public.categories_id_seq OWNED BY public.categories.id;


--
-- Name: category; Type: TABLE; Schema: public; Owner: serg
--

CREATE TABLE public.category (
    id integer NOT NULL,
    categories_id integer NOT NULL,
    item_id integer NOT NULL,
    types smallint NOT NULL
);


ALTER TABLE public.category OWNER TO serg;

--
-- Name: category_id_seq; Type: SEQUENCE; Schema: public; Owner: serg
--

CREATE SEQUENCE public.category_id_seq
    AS integer
    START WITH 1
    INCREMENT BY 1
    NO MINVALUE
    NO MAXVALUE
    CACHE 1;


ALTER TABLE public.category_id_seq OWNER TO serg;

--
-- Name: category_id_seq; Type: SEQUENCE OWNED BY; Schema: public; Owner: serg
--

ALTER SEQUENCE public.category_id_seq OWNED BY public.category.id;


--
-- Name: chats; Type: TABLE; Schema: public; Owner: serg
--

CREATE TABLE public.chats (
    id integer NOT NULL,
    user_id integer NOT NULL,
    created timestamp without time zone NOT NULL
);


ALTER TABLE public.chats OWNER TO serg;

--
-- Name: chats_id_seq; Type: SEQUENCE; Schema: public; Owner: serg
--

CREATE SEQUENCE public.chats_id_seq
    AS integer
    START WITH 1
    INCREMENT BY 1
    NO MINVALUE
    NO MAXVALUE
    CACHE 1;


ALTER TABLE public.chats_id_seq OWNER TO serg;

--
-- Name: chats_id_seq; Type: SEQUENCE OWNED BY; Schema: public; Owner: serg
--

ALTER SEQUENCE public.chats_id_seq OWNED BY public.chats.id;


--
-- Name: cookie_stats; Type: TABLE; Schema: public; Owner: serg
--

CREATE TABLE public.cookie_stats (
    id integer NOT NULL,
    user_id integer NOT NULL,
    page smallint NOT NULL,
    link character varying(200) NOT NULL,
    title character varying(200) NOT NULL,
    height double precision NOT NULL,
    seconds integer NOT NULL,
    created timestamp without time zone NOT NULL,
    template character varying(100) DEFAULT 'rhythm'::character varying NOT NULL
);


ALTER TABLE public.cookie_stats OWNER TO serg;

--
-- Name: cookie_stats_id_seq; Type: SEQUENCE; Schema: public; Owner: serg
--

CREATE SEQUENCE public.cookie_stats_id_seq
    AS integer
    START WITH 1
    INCREMENT BY 1
    NO MINVALUE
    NO MAXVALUE
    CACHE 1;


ALTER TABLE public.cookie_stats_id_seq OWNER TO serg;

--
-- Name: cookie_stats_id_seq; Type: SEQUENCE OWNED BY; Schema: public; Owner: serg
--

ALTER SEQUENCE public.cookie_stats_id_seq OWNED BY public.cookie_stats.id;


--
-- Name: cookie_users; Type: TABLE; Schema: public; Owner: serg
--

CREATE TABLE public.cookie_users (
    id integer NOT NULL,
    ip character varying(100) NOT NULL,
    device smallint NOT NULL,
    city_ru character varying(150),
    city_en character varying(150),
    region_ru character varying(150),
    region_en character varying(150),
    country_ru character varying(150),
    country_en character varying(150),
    height double precision NOT NULL,
    seconds integer NOT NULL,
    created timestamp without time zone NOT NULL
);


ALTER TABLE public.cookie_users OWNER TO serg;

--
-- Name: cookie_users_id_seq; Type: SEQUENCE; Schema: public; Owner: serg
--

CREATE SEQUENCE public.cookie_users_id_seq
    AS integer
    START WITH 1
    INCREMENT BY 1
    NO MINVALUE
    NO MAXVALUE
    CACHE 1;


ALTER TABLE public.cookie_users_id_seq OWNER TO serg;

--
-- Name: cookie_users_id_seq; Type: SEQUENCE OWNED BY; Schema: public; Owner: serg
--

ALTER SEQUENCE public.cookie_users_id_seq OWNED BY public.cookie_users.id;


--
-- Name: feedbacks; Type: TABLE; Schema: public; Owner: serg
--

CREATE TABLE public.feedbacks (
    id integer NOT NULL,
    username character varying(100) NOT NULL,
    email character varying(200) NOT NULL,
    message character varying(1000) NOT NULL
);


ALTER TABLE public.feedbacks OWNER TO serg;

--
-- Name: feedbacks_id_seq; Type: SEQUENCE; Schema: public; Owner: serg
--

CREATE SEQUENCE public.feedbacks_id_seq
    AS integer
    START WITH 1
    INCREMENT BY 1
    NO MINVALUE
    NO MAXVALUE
    CACHE 1;


ALTER TABLE public.feedbacks_id_seq OWNER TO serg;

--
-- Name: feedbacks_id_seq; Type: SEQUENCE OWNED BY; Schema: public; Owner: serg
--

ALTER SEQUENCE public.feedbacks_id_seq OWNED BY public.feedbacks.id;


--
-- Name: files; Type: TABLE; Schema: public; Owner: serg
--

CREATE TABLE public.files (
    id integer NOT NULL,
    user_id integer NOT NULL,
    item_id integer NOT NULL,
    item_types smallint NOT NULL,
    types smallint NOT NULL,
    src character varying(500) NOT NULL,
    description character varying,
    "position" smallint NOT NULL,
    view integer NOT NULL,
    seconds integer NOT NULL
);


ALTER TABLE public.files OWNER TO serg;

--
-- Name: files_id_seq; Type: SEQUENCE; Schema: public; Owner: serg
--

CREATE SEQUENCE public.files_id_seq
    AS integer
    START WITH 1
    INCREMENT BY 1
    NO MINVALUE
    NO MAXVALUE
    CACHE 1;


ALTER TABLE public.files_id_seq OWNER TO serg;

--
-- Name: files_id_seq; Type: SEQUENCE OWNED BY; Schema: public; Owner: serg
--

ALTER SEQUENCE public.files_id_seq OWNED BY public.files.id;


--
-- Name: item_comments; Type: TABLE; Schema: public; Owner: serg
--

CREATE TABLE public.item_comments (
    id integer NOT NULL,
    comment character varying(1000) NOT NULL,
    item_id integer NOT NULL,
    user_id integer NOT NULL,
    parent_id integer,
    created timestamp without time zone NOT NULL
);


ALTER TABLE public.item_comments OWNER TO serg;

--
-- Name: item_comments_id_seq; Type: SEQUENCE; Schema: public; Owner: serg
--

CREATE SEQUENCE public.item_comments_id_seq
    AS integer
    START WITH 1
    INCREMENT BY 1
    NO MINVALUE
    NO MAXVALUE
    CACHE 1;


ALTER TABLE public.item_comments_id_seq OWNER TO serg;

--
-- Name: item_comments_id_seq; Type: SEQUENCE OWNED BY; Schema: public; Owner: serg
--

ALTER SEQUENCE public.item_comments_id_seq OWNED BY public.item_comments.id;


--
-- Name: items; Type: TABLE; Schema: public; Owner: serg
--

CREATE TABLE public.items (
    id integer NOT NULL,
    title character varying(100) NOT NULL,
    description character varying,
    content character varying(30000),
    link character varying(500),
    image character varying(500),
    is_active boolean NOT NULL,
    price integer NOT NULL,
    user_id integer NOT NULL,
    created timestamp without time zone NOT NULL,
    "position" smallint NOT NULL,
    view integer NOT NULL,
    height double precision NOT NULL,
    seconds integer NOT NULL,
    price_acc integer,
    types smallint NOT NULL,
    slug character varying(100) NOT NULL,
    now_u smallint DEFAULT 0 NOT NULL
);


ALTER TABLE public.items OWNER TO serg;

--
-- Name: items_id_seq; Type: SEQUENCE; Schema: public; Owner: serg
--

CREATE SEQUENCE public.items_id_seq
    AS integer
    START WITH 1
    INCREMENT BY 1
    NO MINVALUE
    NO MAXVALUE
    CACHE 1;


ALTER TABLE public.items_id_seq OWNER TO serg;

--
-- Name: items_id_seq; Type: SEQUENCE OWNED BY; Schema: public; Owner: serg
--

ALTER SEQUENCE public.items_id_seq OWNED BY public.items.id;


--
-- Name: messages; Type: TABLE; Schema: public; Owner: serg
--

CREATE TABLE public.messages (
    id integer NOT NULL,
    user_id integer NOT NULL,
    chat_id integer NOT NULL,
    created timestamp without time zone NOT NULL,
    content character varying(5000),
    view smallint NOT NULL,
    types smallint NOT NULL
);


ALTER TABLE public.messages OWNER TO serg;

--
-- Name: messages_id_seq; Type: SEQUENCE; Schema: public; Owner: serg
--

CREATE SEQUENCE public.messages_id_seq
    AS integer
    START WITH 1
    INCREMENT BY 1
    NO MINVALUE
    NO MAXVALUE
    CACHE 1;


ALTER TABLE public.messages_id_seq OWNER TO serg;

--
-- Name: messages_id_seq; Type: SEQUENCE OWNED BY; Schema: public; Owner: serg
--

ALTER SEQUENCE public.messages_id_seq OWNED BY public.messages.id;


--
-- Name: order_files; Type: TABLE; Schema: public; Owner: serg
--

CREATE TABLE public.order_files (
    id integer NOT NULL,
    order_id integer NOT NULL,
    src character varying(500) NOT NULL
);


ALTER TABLE public.order_files OWNER TO serg;

--
-- Name: order_files_id_seq; Type: SEQUENCE; Schema: public; Owner: serg
--

CREATE SEQUENCE public.order_files_id_seq
    AS integer
    START WITH 1
    INCREMENT BY 1
    NO MINVALUE
    NO MAXVALUE
    CACHE 1;


ALTER TABLE public.order_files_id_seq OWNER TO serg;

--
-- Name: order_files_id_seq; Type: SEQUENCE OWNED BY; Schema: public; Owner: serg
--

ALTER SEQUENCE public.order_files_id_seq OWNED BY public.order_files.id;


--
-- Name: orders; Type: TABLE; Schema: public; Owner: serg
--

CREATE TABLE public.orders (
    id integer NOT NULL,
    title character varying(100) NOT NULL,
    types smallint NOT NULL,
    object_id integer NOT NULL,
    username character varying(200) NOT NULL,
    email character varying(200) NOT NULL,
    description character varying(1000),
    created timestamp without time zone NOT NULL,
    user_id integer NOT NULL,
    price integer NOT NULL,
    price_acc integer
);


ALTER TABLE public.orders OWNER TO serg;

--
-- Name: orders_id_seq; Type: SEQUENCE; Schema: public; Owner: serg
--

CREATE SEQUENCE public.orders_id_seq
    AS integer
    START WITH 1
    INCREMENT BY 1
    NO MINVALUE
    NO MAXVALUE
    CACHE 1;


ALTER TABLE public.orders_id_seq OWNER TO serg;

--
-- Name: orders_id_seq; Type: SEQUENCE OWNED BY; Schema: public; Owner: serg
--

ALTER SEQUENCE public.orders_id_seq OWNED BY public.orders.id;


--
-- Name: serve; Type: TABLE; Schema: public; Owner: serg
--

CREATE TABLE public.serve (
    id integer NOT NULL,
    name character varying(100) NOT NULL,
    description character varying(10000),
    "position" smallint NOT NULL,
    serve_categories integer NOT NULL,
    price integer NOT NULL,
    man_hours smallint NOT NULL,
    is_default boolean NOT NULL,
    user_id integer NOT NULL,
    tech_cat_id integer NOT NULL,
    height double precision NOT NULL,
    seconds integer NOT NULL,
    serve_id integer,
    view integer NOT NULL
);


ALTER TABLE public.serve OWNER TO serg;

--
-- Name: serve_categories; Type: TABLE; Schema: public; Owner: serg
--

CREATE TABLE public.serve_categories (
    id integer NOT NULL,
    name character varying(100) NOT NULL,
    description character varying(10000),
    tech_categories integer NOT NULL,
    "position" smallint NOT NULL,
    count smallint NOT NULL,
    default_price integer NOT NULL,
    user_id integer NOT NULL,
    view integer NOT NULL,
    height double precision NOT NULL,
    seconds integer NOT NULL
);


ALTER TABLE public.serve_categories OWNER TO serg;

--
-- Name: serve_categories_id_seq; Type: SEQUENCE; Schema: public; Owner: serg
--

CREATE SEQUENCE public.serve_categories_id_seq
    AS integer
    START WITH 1
    INCREMENT BY 1
    NO MINVALUE
    NO MAXVALUE
    CACHE 1;


ALTER TABLE public.serve_categories_id_seq OWNER TO serg;

--
-- Name: serve_categories_id_seq; Type: SEQUENCE OWNED BY; Schema: public; Owner: serg
--

ALTER SEQUENCE public.serve_categories_id_seq OWNED BY public.serve_categories.id;


--
-- Name: serve_id_seq; Type: SEQUENCE; Schema: public; Owner: serg
--

CREATE SEQUENCE public.serve_id_seq
    AS integer
    START WITH 1
    INCREMENT BY 1
    NO MINVALUE
    NO MAXVALUE
    CACHE 1;


ALTER TABLE public.serve_id_seq OWNER TO serg;

--
-- Name: serve_id_seq; Type: SEQUENCE OWNED BY; Schema: public; Owner: serg
--

ALTER SEQUENCE public.serve_id_seq OWNED BY public.serve.id;


--
-- Name: serve_items; Type: TABLE; Schema: public; Owner: serg
--

CREATE TABLE public.serve_items (
    id integer NOT NULL,
    serve_id integer NOT NULL,
    item_id integer NOT NULL,
    types smallint NOT NULL
);


ALTER TABLE public.serve_items OWNER TO serg;

--
-- Name: serve_items_id_seq; Type: SEQUENCE; Schema: public; Owner: serg
--

CREATE SEQUENCE public.serve_items_id_seq
    AS integer
    START WITH 1
    INCREMENT BY 1
    NO MINVALUE
    NO MAXVALUE
    CACHE 1;


ALTER TABLE public.serve_items_id_seq OWNER TO serg;

--
-- Name: serve_items_id_seq; Type: SEQUENCE OWNED BY; Schema: public; Owner: serg
--

ALTER SEQUENCE public.serve_items_id_seq OWNED BY public.serve_items.id;


--
-- Name: stat_pages; Type: TABLE; Schema: public; Owner: serg
--

CREATE TABLE public.stat_pages (
    id integer NOT NULL,
    types smallint NOT NULL,
    view integer NOT NULL,
    height double precision NOT NULL,
    seconds integer NOT NULL,
    now_u smallint DEFAULT 0 NOT NULL
);


ALTER TABLE public.stat_pages OWNER TO serg;

--
-- Name: stat_pages_id_seq; Type: SEQUENCE; Schema: public; Owner: serg
--

CREATE SEQUENCE public.stat_pages_id_seq
    AS integer
    START WITH 1
    INCREMENT BY 1
    NO MINVALUE
    NO MAXVALUE
    CACHE 1;


ALTER TABLE public.stat_pages_id_seq OWNER TO serg;

--
-- Name: stat_pages_id_seq; Type: SEQUENCE OWNED BY; Schema: public; Owner: serg
--

ALTER SEQUENCE public.stat_pages_id_seq OWNED BY public.stat_pages.id;


--
-- Name: tags; Type: TABLE; Schema: public; Owner: serg
--

CREATE TABLE public.tags (
    id integer NOT NULL,
    name character varying(100) NOT NULL,
    "position" smallint NOT NULL,
    count smallint NOT NULL,
    user_id integer NOT NULL,
    view integer NOT NULL,
    height double precision NOT NULL,
    seconds integer NOT NULL,
    now_u smallint DEFAULT 0 NOT NULL
);


ALTER TABLE public.tags OWNER TO serg;

--
-- Name: tags_id_seq; Type: SEQUENCE; Schema: public; Owner: serg
--

CREATE SEQUENCE public.tags_id_seq
    AS integer
    START WITH 1
    INCREMENT BY 1
    NO MINVALUE
    NO MAXVALUE
    CACHE 1;


ALTER TABLE public.tags_id_seq OWNER TO serg;

--
-- Name: tags_id_seq; Type: SEQUENCE OWNED BY; Schema: public; Owner: serg
--

ALTER SEQUENCE public.tags_id_seq OWNED BY public.tags.id;


--
-- Name: tags_items; Type: TABLE; Schema: public; Owner: serg
--

CREATE TABLE public.tags_items (
    id integer NOT NULL,
    tag_id integer NOT NULL,
    item_id integer NOT NULL,
    types smallint NOT NULL,
    created timestamp without time zone NOT NULL
);


ALTER TABLE public.tags_items OWNER TO serg;

--
-- Name: tags_items_id_seq; Type: SEQUENCE; Schema: public; Owner: serg
--

CREATE SEQUENCE public.tags_items_id_seq
    AS integer
    START WITH 1
    INCREMENT BY 1
    NO MINVALUE
    NO MAXVALUE
    CACHE 1;


ALTER TABLE public.tags_items_id_seq OWNER TO serg;

--
-- Name: tags_items_id_seq; Type: SEQUENCE OWNED BY; Schema: public; Owner: serg
--

ALTER SEQUENCE public.tags_items_id_seq OWNED BY public.tags_items.id;


--
-- Name: tech_categories; Type: TABLE; Schema: public; Owner: serg
--

CREATE TABLE public.tech_categories (
    id integer NOT NULL,
    name character varying(100) NOT NULL,
    description character varying(10000),
    "position" smallint NOT NULL,
    count smallint NOT NULL,
    level smallint NOT NULL,
    user_id integer NOT NULL,
    view integer NOT NULL,
    height double precision NOT NULL,
    seconds integer NOT NULL
);


ALTER TABLE public.tech_categories OWNER TO serg;

--
-- Name: tech_categories_id_seq; Type: SEQUENCE; Schema: public; Owner: serg
--

CREATE SEQUENCE public.tech_categories_id_seq
    AS integer
    START WITH 1
    INCREMENT BY 1
    NO MINVALUE
    NO MAXVALUE
    CACHE 1;


ALTER TABLE public.tech_categories_id_seq OWNER TO serg;

--
-- Name: tech_categories_id_seq; Type: SEQUENCE OWNED BY; Schema: public; Owner: serg
--

ALTER SEQUENCE public.tech_categories_id_seq OWNED BY public.tech_categories.id;


--
-- Name: tech_categories_items; Type: TABLE; Schema: public; Owner: serg
--

CREATE TABLE public.tech_categories_items (
    id integer NOT NULL,
    category_id integer NOT NULL,
    item_id integer NOT NULL,
    types smallint NOT NULL,
    is_active smallint NOT NULL
);


ALTER TABLE public.tech_categories_items OWNER TO serg;

--
-- Name: tech_categories_items_id_seq; Type: SEQUENCE; Schema: public; Owner: serg
--

CREATE SEQUENCE public.tech_categories_items_id_seq
    AS integer
    START WITH 1
    INCREMENT BY 1
    NO MINVALUE
    NO MAXVALUE
    CACHE 1;


ALTER TABLE public.tech_categories_items_id_seq OWNER TO serg;

--
-- Name: tech_categories_items_id_seq; Type: SEQUENCE OWNED BY; Schema: public; Owner: serg
--

ALTER SEQUENCE public.tech_categories_items_id_seq OWNED BY public.tech_categories_items.id;


--
-- Name: users; Type: TABLE; Schema: public; Owner: serg
--

CREATE TABLE public.users (
    id integer NOT NULL,
    username character varying(100) NOT NULL,
    email character varying(100) NOT NULL,
    password character varying(1000) NOT NULL,
    bio character varying(500),
    image character varying(500),
    perm smallint NOT NULL
);


ALTER TABLE public.users OWNER TO serg;

--
-- Name: users_id_seq; Type: SEQUENCE; Schema: public; Owner: serg
--

CREATE SEQUENCE public.users_id_seq
    AS integer
    START WITH 1
    INCREMENT BY 1
    NO MINVALUE
    NO MAXVALUE
    CACHE 1;


ALTER TABLE public.users_id_seq OWNER TO serg;

--
-- Name: users_id_seq; Type: SEQUENCE OWNED BY; Schema: public; Owner: serg
--

ALTER SEQUENCE public.users_id_seq OWNED BY public.users.id;


--
-- Name: categories id; Type: DEFAULT; Schema: public; Owner: serg
--

ALTER TABLE ONLY public.categories ALTER COLUMN id SET DEFAULT nextval('public.categories_id_seq'::regclass);


--
-- Name: category id; Type: DEFAULT; Schema: public; Owner: serg
--

ALTER TABLE ONLY public.category ALTER COLUMN id SET DEFAULT nextval('public.category_id_seq'::regclass);


--
-- Name: chats id; Type: DEFAULT; Schema: public; Owner: serg
--

ALTER TABLE ONLY public.chats ALTER COLUMN id SET DEFAULT nextval('public.chats_id_seq'::regclass);


--
-- Name: cookie_stats id; Type: DEFAULT; Schema: public; Owner: serg
--

ALTER TABLE ONLY public.cookie_stats ALTER COLUMN id SET DEFAULT nextval('public.cookie_stats_id_seq'::regclass);


--
-- Name: cookie_users id; Type: DEFAULT; Schema: public; Owner: serg
--

ALTER TABLE ONLY public.cookie_users ALTER COLUMN id SET DEFAULT nextval('public.cookie_users_id_seq'::regclass);


--
-- Name: feedbacks id; Type: DEFAULT; Schema: public; Owner: serg
--

ALTER TABLE ONLY public.feedbacks ALTER COLUMN id SET DEFAULT nextval('public.feedbacks_id_seq'::regclass);


--
-- Name: files id; Type: DEFAULT; Schema: public; Owner: serg
--

ALTER TABLE ONLY public.files ALTER COLUMN id SET DEFAULT nextval('public.files_id_seq'::regclass);


--
-- Name: item_comments id; Type: DEFAULT; Schema: public; Owner: serg
--

ALTER TABLE ONLY public.item_comments ALTER COLUMN id SET DEFAULT nextval('public.item_comments_id_seq'::regclass);


--
-- Name: items id; Type: DEFAULT; Schema: public; Owner: serg
--

ALTER TABLE ONLY public.items ALTER COLUMN id SET DEFAULT nextval('public.items_id_seq'::regclass);


--
-- Name: messages id; Type: DEFAULT; Schema: public; Owner: serg
--

ALTER TABLE ONLY public.messages ALTER COLUMN id SET DEFAULT nextval('public.messages_id_seq'::regclass);


--
-- Name: order_files id; Type: DEFAULT; Schema: public; Owner: serg
--

ALTER TABLE ONLY public.order_files ALTER COLUMN id SET DEFAULT nextval('public.order_files_id_seq'::regclass);


--
-- Name: orders id; Type: DEFAULT; Schema: public; Owner: serg
--

ALTER TABLE ONLY public.orders ALTER COLUMN id SET DEFAULT nextval('public.orders_id_seq'::regclass);


--
-- Name: serve id; Type: DEFAULT; Schema: public; Owner: serg
--

ALTER TABLE ONLY public.serve ALTER COLUMN id SET DEFAULT nextval('public.serve_id_seq'::regclass);


--
-- Name: serve_categories id; Type: DEFAULT; Schema: public; Owner: serg
--

ALTER TABLE ONLY public.serve_categories ALTER COLUMN id SET DEFAULT nextval('public.serve_categories_id_seq'::regclass);


--
-- Name: serve_items id; Type: DEFAULT; Schema: public; Owner: serg
--

ALTER TABLE ONLY public.serve_items ALTER COLUMN id SET DEFAULT nextval('public.serve_items_id_seq'::regclass);


--
-- Name: stat_pages id; Type: DEFAULT; Schema: public; Owner: serg
--

ALTER TABLE ONLY public.stat_pages ALTER COLUMN id SET DEFAULT nextval('public.stat_pages_id_seq'::regclass);


--
-- Name: tags id; Type: DEFAULT; Schema: public; Owner: serg
--

ALTER TABLE ONLY public.tags ALTER COLUMN id SET DEFAULT nextval('public.tags_id_seq'::regclass);


--
-- Name: tags_items id; Type: DEFAULT; Schema: public; Owner: serg
--

ALTER TABLE ONLY public.tags_items ALTER COLUMN id SET DEFAULT nextval('public.tags_items_id_seq'::regclass);


--
-- Name: tech_categories id; Type: DEFAULT; Schema: public; Owner: serg
--

ALTER TABLE ONLY public.tech_categories ALTER COLUMN id SET DEFAULT nextval('public.tech_categories_id_seq'::regclass);


--
-- Name: tech_categories_items id; Type: DEFAULT; Schema: public; Owner: serg
--

ALTER TABLE ONLY public.tech_categories_items ALTER COLUMN id SET DEFAULT nextval('public.tech_categories_items_id_seq'::regclass);


--
-- Name: users id; Type: DEFAULT; Schema: public; Owner: serg
--

ALTER TABLE ONLY public.users ALTER COLUMN id SET DEFAULT nextval('public.users_id_seq'::regclass);


--
-- Data for Name: __diesel_schema_migrations; Type: TABLE DATA; Schema: public; Owner: serg
--

COPY public.__diesel_schema_migrations (version, run_on) FROM stdin;
00000000000000	2022-09-20 09:42:21.293832
20220920094226	2022-09-20 09:52:22.064444
20221003134540	2022-10-03 13:46:08.117553
20221003134930	2022-10-03 13:55:35.524728
20221003172646	2022-10-03 17:27:33.409424
20230118134034	2023-01-18 13:45:05.856341
\.


--
-- Data for Name: categories; Type: TABLE DATA; Schema: public; Owner: serg
--

COPY public.categories (id, name, description, "position", image, count, view, height, seconds, types, slug, now_u) FROM stdin;
4	Все работы	\r\n                Все работы\r\n              	1	/media/1/2022/12/25/1611331453_7-p-fon-dlya-veb-dizaina-7.jpg	0	10	2.7199999999999998	125	5	all-works	0
11	Веб-разработка		2	/media/1/2023/1/27/programming.jpeg	0	0	0	0	5	web_development	0
6	Все товары	all-stores	1		0	3	0.74	113	3	all-stores	0
7	Как заказать проект	how_to_order_a_project	1		7	0	0	0	6	how_to_order_a_project	1
1	Все статьи	all-articles	1		0	4	0.76	19	1	all-articles	0
8	Что мы о Вас знаем	what_do_we_know_abou_you	2		5	0	0	0	6	what_do_we_know_abou_you	1
3	Все статьи	all-wikis	1		0	4	0.7999999999999999	12	4	all-wikis	0
10	Веб-разработка	\r\n                service_web\r\n              	1	/media/1/2022/12/25/a-graphic-for-communities-being-connected-across-the-world-digital-legacies-communities-julius-wiedemann-stirworld-201222021352.jpg	0	8	1.5899999999999999	32	2	service_web	0
9	Этапы создания проектов	stages_of_project_creation	3		7	0	0	0	6	stages_of_project_creation	1
5	Все услуги	\r\n                all-services\r\n              	1	/media/1/2022/12/25/1611331453_7-p-fon-dlya-veb-dizaina-7.jpg	0	14	2.9699999999999998	66	2	all-services	0
\.


--
-- Data for Name: category; Type: TABLE DATA; Schema: public; Owner: serg
--

COPY public.category (id, categories_id, item_id, types) FROM stdin;
5	7	3	6
6	7	4	6
7	7	5	6
8	7	6	6
9	7	7	6
10	7	8	6
11	7	9	6
12	8	10	6
13	8	11	6
14	8	12	6
15	8	13	6
16	8	14	6
17	9	15	6
18	9	16	6
19	9	17	6
20	9	18	6
21	9	19	6
22	9	20	6
23	9	21	6
32	4	23	5
33	11	23	5
34	1	2	1
35	10	22	2
36	5	22	2
\.


--
-- Data for Name: chats; Type: TABLE DATA; Schema: public; Owner: serg
--

COPY public.chats (id, user_id, created) FROM stdin;
\.


--
-- Data for Name: cookie_stats; Type: TABLE DATA; Schema: public; Owner: serg
--

COPY public.cookie_stats (id, user_id, page, link, title, height, seconds, created, template) FROM stdin;
1	1	1	/	Главная страница	0.27	22	2022-09-23 08:25:32.552793	rhythm
2	1	1	/	Главная страница	0.38	6	2022-09-23 08:25:39.420684	rhythm
3	1	13	/history/	История просмотров	0.22	9	2022-09-23 08:25:47.485645	rhythm
4	1	1	/	Главная страница	0.53	121	2022-09-23 08:30:27.817265	rhythm
5	1	10	/info/	Информация	0.19	5	2022-09-23 08:30:31.672091	rhythm
6	1	13	/history/	История просмотров	0.24	125	2022-09-23 08:33:03.160772	rhythm
7	1	12	/user_orders/	Ваши заказы	0.19	9	2022-09-23 08:33:07.003089	rhythm
8	1	13	/history/	История просмотров	0.19	121	2022-09-23 08:35:32.02961	rhythm
9	1	42	/blogs/all-articles/	Категория блога Все статьи	0.19	6	2022-09-23 08:35:34.73518	rhythm
10	1	1	/	Главная страница	0.53	21	2022-09-23 08:35:41.489583	rhythm
11	1	42	/blogs/all-articles/	Категория блога Все статьи	0.19	7	2022-09-23 08:35:43.46919	rhythm
12	1	42	/blogs/all-articles/	Категория блога Все статьи	0.19	4	2022-09-23 08:35:44.477641	rhythm
13	1	32	/tag/%D0%92%D0%B5%D0%B1-%D1%80%D0%B0%D0%B7%D1%80%D0%B0%D0%B1%D0%BE%D1%82%D0%BA%D0%B0/	Тег Веб-разработка	0.19	121	2022-09-23 08:38:51.316865	rhythm
14	1	6	/login/	Вход	0.19	23	2022-09-23 08:38:59.085692	rhythm
15	1	1	/	Главная страница	0.64	15	2022-09-23 08:39:14.587757	rhythm
16	1	43	/blog/all-articles/test-article/	Статья блога Тест	0.19	29	2022-09-23 08:39:43.016566	rhythm
17	1	43	/blog/all-articles/test-article/	Статья блога Тест	0.19	121	2022-09-23 09:09:17.650148	rhythm
18	1	43	/blog/all-articles/test-article/	Статья блога Тест	0.19	21	2022-09-23 09:09:39.404835	rhythm
19	1	43	/blog/all-articles/test-article/	Статья блога Тест	0.19	4	2022-09-23 09:09:43.130906	rhythm
20	1	32	/tag/%D1%82%D1%80%D0%B5%D0%B7%D0%B2%D1%8B%D0%B9.%D1%80%D1%83%D1%81/	Тег трезвый.рус	0.19	4	2022-09-23 09:09:46.039172	rhythm
21	1	42	/blogs/all-articles/	Категория блога Все статьи	0.19	3	2022-09-23 09:09:48.635503	rhythm
22	1	32	/tag/%D1%82%D1%80%D0%B5%D0%B7%D0%B2%D1%8B%D0%B9.%D1%80%D1%83%D1%81/	Тег трезвый.рус	0.19	2	2022-09-23 09:09:49.542065	rhythm
23	1	43	/blog/all-articles/test-article/	Статья блога Тест	0.19	57	2022-09-23 09:11:19.52564	rhythm
24	1	43	/blog/all-articles/test-article/	Статья блога Тест	0.19	49	2022-09-23 09:12:27.704606	rhythm
25	1	43	/blog/all-articles/test-article/	Статья блога Тест	0.19	24	2022-09-23 09:13:04.250723	rhythm
26	1	43	/blog/all-articles/test-article/	Статья блога Тест	0.19	121	2022-09-23 09:15:06.274574	rhythm
27	1	43	/blog/all-articles/test-article/	Статья блога Тест	0.19	121	2022-09-23 09:18:34.723374	rhythm
28	1	43	/blog/all-articles/test-article/	Статья блога Тест	0.19	97	2022-09-23 09:20:12.941922	rhythm
29	1	43	/blog/all-articles/test-article/	Статья блога Тест	0.19	4	2022-09-23 09:20:17.014226	rhythm
30	1	43	/blog/all-articles/test-article/	Статья блога Тест	0.19	2	2022-09-23 09:20:20.284851	rhythm
31	1	1	/	Главная страница	0.59	4	2022-09-23 09:20:23.250564	rhythm
32	1	41	/blog_categories/	Блог	0.19	3	2022-09-23 09:20:25.017442	rhythm
33	1	42	/blogs/all-articles/	Категория блога Все статьи	0.19	75	2022-09-23 09:21:39.335774	rhythm
34	1	43	/blog/all-articles/test-article/	Статья блога Тест	0.24	4	2022-09-23 09:21:42.478991	rhythm
35	1	41	/blog_categories/	Блог	0.19	4	2022-09-23 09:21:45.246069	rhythm
36	1	1	/	Главная страница	0.67	6	2022-09-23 09:21:49.624211	rhythm
37	1	41	/blog_categories/	Блог	0.19	121	2022-09-23 09:37:49.023541	rhythm
38	1	41	/blog_categories/	Блог	0.24	3	2022-09-23 09:37:52.908837	rhythm
39	1	43	/blog/all-articles/test-article/	Статья блога Тест	0.19	3	2022-09-23 09:37:54.784146	rhythm
40	1	32	/tag/%D0%BD%D0%BE%D0%B2%D0%BE%D1%81%D1%82%D0%B8/	Тег новости	0.19	2	2022-09-23 09:37:55.630809	rhythm
41	1	43	/blog/all-articles/test-article/	Статья блога Тест	0.24	12	2022-09-23 09:38:06.956573	rhythm
42	1	43	/blog/all-articles/test-article/	Статья блога Тест	0.19	3	2022-09-23 09:38:10.684536	rhythm
43	1	41	/blog_categories/	Блог	0.19	23	2022-09-23 09:38:32.755436	rhythm
44	1	42	/blogs/all-articles/	Категория блога Все статьи	0.19	121	2022-09-23 09:40:53.825192	rhythm
45	1	41	/blog_categories/	Блог	0.19	121	2022-09-23 09:48:26.717925	rhythm
46	1	41	/blog_categories/	Блог	0.19	8	2022-09-23 09:48:35.413721	rhythm
47	1	42	/blogs/all-articles/	Категория блога Все статьи	0.19	121	2022-09-23 09:56:21.747915	rhythm
48	1	42	/blogs/all-articles/	Категория блога Все статьи	0.19	4	2022-09-23 09:56:26.598074	rhythm
49	1	42	/blogs/all-articles/	Категория блога Все статьи	0.19	3	2022-09-23 09:56:28.222971	rhythm
50	1	41	/blog_categories/	Блог	0.26	130	2022-09-23 09:59:34.588713	rhythm
51	1	41	/blog_categories/	Блог	0.19	2	2022-09-23 09:59:37.719709	rhythm
52	1	42	/blogs/all-articles/	Категория блога Все статьи	0.19	4	2022-09-23 09:59:40.201747	rhythm
53	1	42	/blogs/all-articles/	Категория блога Все статьи	0.19	2	2022-09-23 09:59:41.407347	rhythm
54	1	32	/tag/%D0%92%D0%B5%D0%B1-%D1%80%D0%B0%D0%B7%D1%80%D0%B0%D0%B1%D0%BE%D1%82%D0%BA%D0%B0/	Тег Веб-разработка	0.22	3	2022-09-23 09:59:43.610085	rhythm
55	1	43	/blog/all-articles/test-article/	Статья блога Тест	0.24	7	2022-09-23 09:59:49.054813	rhythm
56	1	41	/blog_categories/	Блог	0.19	2	2022-09-23 09:59:50.66814	rhythm
57	1	42	/blogs/all-articles/	Категория блога Все статьи	0.19	3	2022-09-23 09:59:52.713073	rhythm
58	1	82	/wikis/all-wikis/	Категория обучалки Все статьи	0.19	2	2022-09-23 09:59:53.780059	rhythm
59	1	81	/wiki_categories/	База знаний	0.19	3	2022-09-23 09:59:55.060759	rhythm
60	1	71	/store_categories/	Товары	0.19	2	2022-09-23 09:59:56.458479	rhythm
61	1	1	/	Главная страница	0.56	17	2022-09-23 10:00:12.728731	rhythm
62	1	43	/blog/all-articles/test-article/	Статья блога Тест	0.22	7	2022-09-23 10:00:18.035701	rhythm
63	1	32	/tag/%D0%BD%D0%BE%D0%B2%D0%BE%D1%81%D1%82%D0%B8/	Тег новости	0.19	4	2022-09-23 10:00:21.344618	rhythm
64	1	1	/	Главная страница	0.35	78	2022-09-23 10:01:05.833788	rhythm
65	1	42	/blogs/all-articles/	Категория блога Все статьи	0.19	10	2022-09-23 10:01:08.924123	rhythm
66	1	71	/store_categories/	Товары	0.19	5	2022-09-23 10:01:10.159325	rhythm
631	28	6	/login/	Вход	0.19	1	2022-10-02 15:17:19.453177	rhythm
67	1	72	/stores/all-stores/	Категория товаров Все товары	0.19	16	2022-09-23 10:01:15.245211	rhythm
68	1	1	/	Главная страница	0.32	99	2022-09-23 10:13:09.272125	rhythm
69	1	41	/blog_categories/	Блог	0.26	107	2022-09-23 10:14:04.238507	rhythm
70	1	42	/blogs/all-articles/	Категория блога Все статьи	0.2	9	2022-09-23 10:14:06.071708	rhythm
71	1	43	/blog/all-articles/test-article/	Статья блога Тест	0.19	13	2022-09-23 10:14:08.25966	rhythm
72	1	32	/tag/%D0%92%D0%B5%D0%B1-%D1%80%D0%B0%D0%B7%D1%80%D0%B0%D0%B1%D0%BE%D1%82%D0%BA%D0%B0/	Тег Веб-разработка	0.19	8	2022-09-23 10:14:09.817063	rhythm
73	1	33	/tag_blogs/1/	Статьи тега Веб-разработка	0.19	21	2022-09-23 10:14:13.851456	rhythm
74	1	31	/tags/	Теги	0.19	9	2022-09-23 10:14:15.345515	rhythm
75	1	32	/tag/%D0%BD%D0%BE%D0%B2%D0%BE%D1%81%D1%82%D0%B8/	Тег новости	0.19	11	2022-09-23 10:14:17.293726	rhythm
76	1	31	/tags/	Теги	0.19	4	2022-09-23 10:14:18.160157	rhythm
77	1	32	/tag/%D1%82%D1%80%D0%B5%D0%B7%D0%B2%D1%8B%D0%B9.%D1%80%D1%83%D1%81/	Тег трезвый.рус	0.19	11	2022-09-23 10:14:20.174632	rhythm
78	1	33	/tag_blogs/2/	Статьи тега трезвый.рус	0.19	101	2022-09-23 10:14:42.830156	rhythm
79	1	31	/tags/	Теги	0.19	121	2022-09-23 10:30:12.009434	rhythm
80	1	31	/tags/	Теги	0.19	2	2022-09-23 10:30:14.868909	rhythm
81	1	32	/tag/%D0%BD%D0%BE%D0%B2%D0%BE%D1%81%D1%82%D0%B8/	Тег новости	0.19	2	2022-09-23 10:30:16.199358	rhythm
82	1	1	/	Главная страница	0.19	18	2022-09-23 10:30:32.907746	rhythm
83	1	9	/helps/how_to_order_a_project/	Категория помощи 'Как заказать проект'	0.19	14	2022-09-23 10:35:56.129475	rhythm
84	1	9	/helps/what_do_we_know_abou_you/	Категория помощи 'Что мы о Вас знаем'	0.19	2	2022-09-23 10:35:57.063007	rhythm
85	1	9	/helps/stages_of_project_creation/	Категория помощи 'Этапы создания проектов'	0.19	4	2022-09-23 10:35:58.185255	rhythm
86	1	9	/helps/what_do_we_know_abou_you/	Категория помощи 'Что мы о Вас знаем'	0.19	1	2022-09-23 10:35:58.73163	rhythm
87	1	9	/helps/how_to_order_a_project/	Категория помощи 'Как заказать проект'	0.19	121	2022-09-23 10:51:19.385376	rhythm
88	1	9	/helps/what_do_we_know_abou_you/	Категория помощи 'Что мы о Вас знаем'	0.19	2	2022-09-23 10:51:19.97624	rhythm
89	1	9	/helps/stages_of_project_creation/	Категория помощи 'Этапы создания проектов'	0.19	2	2022-09-23 10:52:01.82618	rhythm
90	1	6	/login/	Вход	0.19	8	2022-09-23 10:52:09.596303	rhythm
91	1	1	/	Главная страница	0.19	4	2022-09-23 10:52:14.195484	rhythm
92	1	1	/	Главная страница	0.19	5	2022-09-23 10:54:27.063495	rhythm
93	1	1	/	Главная страница	0.19	2	2022-09-23 10:54:29.379795	rhythm
94	1	9	/helps/how_to_order_a_project/	Категория помощи 'Как заказать проект'	0.19	7	2022-09-23 10:54:34.79973	rhythm
95	1	9	/helps/what_do_we_know_abou_you/	Категория помощи 'Что мы о Вас знаем'	0.19	2	2022-09-23 10:54:36.160883	rhythm
96	1	9	/helps/stages_of_project_creation/	Категория помощи 'Этапы создания проектов'	0.19	2	2022-09-23 10:54:37.376265	rhythm
97	1	9	/helps/how_to_order_a_project/	Категория помощи 'Как заказать проект'	0.19	5	2022-09-23 10:54:40.816258	rhythm
98	1	9	/helps/how_to_order_a_project/	Категория помощи 'Как заказать проект'	0.19	121	2022-09-23 10:57:04.798982	rhythm
99	1	9	/helps/how_to_order_a_project/	Категория помощи 'Как заказать проект'	0.19	1	2022-09-23 11:00:36.31345	rhythm
100	1	32	/tag/%D0%92%D0%B5%D0%B1-%D1%80%D0%B0%D0%B7%D1%80%D0%B0%D0%B1%D0%BE%D1%82%D0%BA%D0%B0/	Тег Веб-разработка	0.22	5	2022-09-23 11:00:42.576192	rhythm
101	1	9	/helps/stages_of_project_creation/	Категория помощи 'Этапы создания проектов'	0.19	2	2022-09-23 11:00:43.493469	rhythm
102	1	9	/helps/what_do_we_know_abou_you/	Категория помощи 'Что мы о Вас знаем'	0.19	2	2022-09-23 11:00:44.006198	rhythm
103	1	9	/helps/how_to_order_a_project/	Категория помощи 'Как заказать проект'	0.19	121	2022-09-23 11:09:55.069715	rhythm
104	1	9	/helps/how_to_order_a_project/	Категория помощи 'Как заказать проект'	0.19	23	2022-09-23 11:10:18.855225	rhythm
105	1	9	/helps/what_do_we_know_abou_you/	Категория помощи 'Что мы о Вас знаем'	0.19	2	2022-09-23 11:10:19.388874	rhythm
106	1	9	/helps/stages_of_project_creation/	Категория помощи 'Этапы создания проектов'	0.19	2	2022-09-23 11:10:20.877979	rhythm
107	1	9	/helps/how_to_order_a_project/	Категория помощи 'Как заказать проект'	0.19	2	2022-09-23 11:10:21.855364	rhythm
108	1	9	/helps/what_do_we_know_abou_you/	Категория помощи 'Что мы о Вас знаем'	0.19	2	2022-09-23 11:10:22.403423	rhythm
109	1	9	/helps/stages_of_project_creation/	Категория помощи 'Этапы создания проектов'	0.19	1	2022-09-23 11:10:22.988689	rhythm
110	1	9	/helps/how_to_order_a_project/	Категория помощи 'Как заказать проект'	0.19	2	2022-09-23 11:10:23.832791	rhythm
111	1	9	/helps/what_do_we_know_abou_you/	Категория помощи 'Что мы о Вас знаем'	0.19	1	2022-09-23 11:10:24.228081	rhythm
112	1	9	/helps/stages_of_project_creation/	Категория помощи 'Этапы создания проектов'	0.19	2	2022-09-23 11:10:24.684844	rhythm
113	1	9	/helps/how_to_order_a_project/	Категория помощи 'Как заказать проект'	0.19	3	2022-09-23 11:10:27.036018	rhythm
114	1	9	/helps/how_to_order_a_project/	Категория помощи 'Как заказать проект'	0.19	2	2022-09-23 11:10:29.667152	rhythm
115	1	9	/helps/how_to_order_a_project/	Категория помощи 'Как заказать проект'	0.19	4	2022-09-23 11:10:33.578866	rhythm
116	1	9	/helps/what_do_we_know_abou_you/	Категория помощи 'Что мы о Вас знаем'	0.19	3	2022-09-23 11:10:34.925924	rhythm
117	1	9	/helps/how_to_order_a_project/	Категория помощи 'Как заказать проект'	0.19	121	2022-09-23 11:18:05.781065	rhythm
118	1	32	/tag/%D0%92%D0%B5%D0%B1-%D1%80%D0%B0%D0%B7%D1%80%D0%B0%D0%B1%D0%BE%D1%82%D0%BA%D0%B0/	Тег Веб-разработка	0.22	361	2022-09-23 12:03:12.926518	rhythm
119	1	32	/tag/%D0%92%D0%B5%D0%B1-%D1%80%D0%B0%D0%B7%D1%80%D0%B0%D0%B1%D0%BE%D1%82%D0%BA%D0%B0/	Тег Веб-разработка	0.19	4	2022-09-23 12:03:17.426068	rhythm
120	1	9	/helps/how_to_order_a_project/	Категория помощи 'Как заказать проект'	0.19	121	2022-09-23 12:06:15.172298	rhythm
121	1	9	/helps/how_to_order_a_project/	Категория помощи 'Как заказать проект'	0.34	20	2022-09-23 12:06:35.91649	rhythm
122	1	9	/helps/how_to_order_a_project/	Категория помощи 'Как заказать проект'	0.34	121	2022-09-23 12:16:49.370915	rhythm
123	1	9	/helps/how_to_order_a_project/	Категория помощи 'Как заказать проект'	0.34	25	2022-09-23 12:17:14.864375	rhythm
124	1	9	/helps/how_to_order_a_project/	Категория помощи 'Как заказать проект'	0.24	17	2022-09-23 12:17:32.497712	rhythm
125	1	9	/helps/how_to_order_a_project/	Категория помощи 'Как заказать проект'	0.34	20	2022-09-23 12:18:01.504673	rhythm
126	1	9	/helps/how_to_order_a_project/	Категория помощи 'Как заказать проект'	0.5	17	2022-09-23 12:18:19.415064	rhythm
127	1	32	/tag/%D0%92%D0%B5%D0%B1-%D1%80%D0%B0%D0%B7%D1%80%D0%B0%D0%B1%D0%BE%D1%82%D0%BA%D0%B0/	Тег Веб-разработка	0.22	241	2022-09-23 12:40:30.602686	rhythm
128	1	32	/tag/%D0%92%D0%B5%D0%B1-%D1%80%D0%B0%D0%B7%D1%80%D0%B0%D0%B1%D0%BE%D1%82%D0%BA%D0%B0/	Тег Веб-разработка	0.22	6	2022-09-23 12:40:37.813025	rhythm
129	1	31	/tags/	Теги	0.19	3	2022-09-23 12:40:39.780875	rhythm
130	1	32	/tag/%D0%92%D0%B5%D0%B1-%D1%80%D0%B0%D0%B7%D1%80%D0%B0%D0%B1%D0%BE%D1%82%D0%BA%D0%B0/	Тег Веб-разработка	0.19	3	2022-09-23 12:40:41.862274	rhythm
131	1	33	/tag_blogs/%D0%92%D0%B5%D0%B1-%D1%80%D0%B0%D0%B7%D1%80%D0%B0%D0%B1%D0%BE%D1%82%D0%BA%D0%B0/	Статьи тега Веб-разработка	0.19	4	2022-09-23 12:40:44.451581	rhythm
132	1	43	/blog/all-articles/test-article/	Статья блога Тест	0.24	14	2022-09-23 12:40:57.525656	rhythm
133	1	43	/blog/all-articles/test-article/	Статья блога Тест	0.19	5	2022-09-23 12:41:03.324407	rhythm
134	1	43	/blog/all-articles/test-article/	Статья блога Тест	0.19	4	2022-09-23 12:41:08.239838	rhythm
135	1	43	/blog/all-articles/test-article/	Статья блога Тест	0.19	3	2022-09-23 12:41:12.214619	rhythm
136	1	43	/blog/all-articles/test-article/	Статья блога Тест	0.24	3	2022-09-23 12:41:16.529534	rhythm
137	1	1	/	Главная страница	0.64	5	2022-09-23 12:41:19.885434	rhythm
138	1	43	/blog/all-articles/test-article/	Статья блога Тест	0.19	16	2022-09-23 12:41:35.2709	rhythm
139	1	9	/helps/how_to_order_a_project/	Категория помощи 'Как заказать проект'	0.19	4	2022-09-23 12:41:38.466463	rhythm
140	1	9	/helps/what_do_we_know_abou_you/	Категория помощи 'Что мы о Вас знаем'	0.19	3	2022-09-23 12:41:40.142932	rhythm
141	1	9	/helps/stages_of_project_creation/	Категория помощи 'Этапы создания проектов'	0.19	4	2022-09-23 12:41:42.952106	rhythm
142	1	32	/tag/%D0%92%D0%B5%D0%B1-%D1%80%D0%B0%D0%B7%D1%80%D0%B0%D0%B1%D0%BE%D1%82%D0%BA%D0%B0/	Тег Веб-разработка	0.19	2	2022-09-23 12:41:44.231782	rhythm
143	1	43	/blog/all-articles/test-article/	Статья блога Тест	0.19	3	2022-09-23 12:41:46.134701	rhythm
144	1	41	/blog_categories/	Блог	0.19	2	2022-09-23 12:41:47.24609	rhythm
145	1	1	/	Главная страница	0.67	52	2022-09-23 12:42:38.508537	rhythm
146	1	62	/services/all-services/	Категория услуг Все услуги	0.19	4	2022-09-23 12:42:40.927047	rhythm
147	1	61	/service_categories/	Услуги	0.19	3	2022-09-23 12:42:42.857928	rhythm
148	1	41	/blog_categories/	Блог	0.19	1	2022-09-23 12:42:43.69506	rhythm
149	1	42	/blogs/all-articles/	Категория блога Все статьи	0.19	3	2022-09-23 12:42:45.314228	rhythm
150	1	32	/tag/%D0%92%D0%B5%D0%B1-%D1%80%D0%B0%D0%B7%D1%80%D0%B0%D0%B1%D0%BE%D1%82%D0%BA%D0%B0/	Тег Веб-разработка	0.19	2	2022-09-23 12:42:46.386645	rhythm
151	1	43	/blog/all-articles/test-article/	Статья блога Тест	0.19	3	2022-09-23 12:42:47.881604	rhythm
152	1	32	/tag/%D0%BD%D0%BE%D0%B2%D0%BE%D1%81%D1%82%D0%B8/	Тег новости	0.19	2	2022-09-23 12:42:48.812011	rhythm
153	1	43	/blog/all-articles/test-article/	Статья блога Тест	0.24	48	2022-09-23 12:43:36.080264	rhythm
154	1	41	/blog_categories/	Блог	0.26	8	2022-09-23 12:43:43.488203	rhythm
155	1	41	/blog_categories/	Блог	0.19	4	2022-09-23 12:43:48.289981	rhythm
156	1	9	/helps/how_to_order_a_project/	Категория помощи 'Как заказать проект'	0.19	4	2022-09-23 12:43:51.262548	rhythm
157	1	9	/helps/how_to_order_a_project/	Категория помощи 'Как заказать проект'	0.19	4	2022-09-23 12:43:56.20299	rhythm
158	1	9	/helps/how_to_order_a_project/	Категория помощи 'Как заказать проект'	0.22	5	2022-09-23 12:43:59.759185	rhythm
159	1	32	/tag/%D0%92%D0%B5%D0%B1-%D1%80%D0%B0%D0%B7%D1%80%D0%B0%D0%B1%D0%BE%D1%82%D0%BA%D0%B0/	Тег Веб-разработка	0.22	6	2022-09-23 12:44:05.258154	rhythm
160	1	1	/	Главная страница	0.4	5	2022-09-23 12:44:09.063148	rhythm
161	1	9	/helps/how_to_order_a_project/	Категория помощи 'Как заказать проект'	0.5	180	2022-09-23 12:56:15.737218	rhythm
162	1	1	/	Главная страница	0.19	3	2022-09-23 12:56:21.895223	rhythm
163	1	9	/helps/how_to_order_a_project/	Категория помощи 'Как заказать проект'	0.28	11	2022-09-23 12:56:31.202482	rhythm
164	1	32	/tag/%D0%92%D0%B5%D0%B1-%D1%80%D0%B0%D0%B7%D1%80%D0%B0%D0%B1%D0%BE%D1%82%D0%BA%D0%B0/	Тег Веб-разработка	0.19	7	2022-09-23 12:56:37.623068	rhythm
165	1	42	/blogs/all-articles/	Категория блога Все статьи	0.19	4	2022-09-23 12:56:40.720006	rhythm
166	1	42	/blogs/all-articles/	Категория блога Все статьи	0.19	2	2022-09-23 12:56:41.802702	rhythm
167	1	42	/blogs/all-articles/	Категория блога Все статьи	0.19	2	2022-09-23 12:56:42.460261	rhythm
168	1	42	/blogs/all-articles/	Категория блога Все статьи	0.19	2	2022-09-23 12:56:43.504596	rhythm
169	1	32	/tag/%D0%92%D0%B5%D0%B1-%D1%80%D0%B0%D0%B7%D1%80%D0%B0%D0%B1%D0%BE%D1%82%D0%BA%D0%B0/	Тег Веб-разработка	0.19	3	2022-09-23 12:56:45.610746	rhythm
170	1	31	/tags/	Теги	0.19	2	2022-09-23 12:56:46.660637	rhythm
171	1	32	/tag/%D1%82%D1%80%D0%B5%D0%B7%D0%B2%D1%8B%D0%B9.%D1%80%D1%83%D1%81/	Тег трезвый.рус	0.19	2	2022-09-23 12:56:47.817811	rhythm
172	1	31	/tags/	Теги	0.19	2	2022-09-23 12:56:48.832718	rhythm
173	1	32	/tag/%D0%92%D0%B5%D0%B1-%D1%80%D0%B0%D0%B7%D1%80%D0%B0%D0%B1%D0%BE%D1%82%D0%BA%D0%B0/	Тег Веб-разработка	0.19	7	2022-09-23 12:56:54.437521	rhythm
174	1	42	/blogs/all-articles/	Категория блога Все статьи	0.19	3	2022-09-23 12:56:56.318617	rhythm
175	1	1	/	Главная страница	0.53	7	2022-09-23 12:57:03.095823	rhythm
176	1	6	/login/	Вход	0.19	9	2022-09-23 12:57:10.590545	rhythm
177	1	1	/	Главная страница	0.19	13	2022-09-23 12:57:24.791831	rhythm
178	1	42	/blogs/all-articles/	Категория блога Все статьи	0.19	5	2022-09-23 12:57:28.985857	rhythm
179	1	43	/blog/all-articles/test-article/	Статья блога Тест	0.19	5	2022-09-23 12:57:33.312967	rhythm
180	1	43	/blog/all-articles/test-article/	Статья блога Тест	0.19	4	2022-09-23 12:57:38.202018	rhythm
181	1	43	/blog/all-articles/test-article/	Статья блога Тест	0.19	6	2022-09-23 12:57:44.697061	rhythm
182	1	43	/blog/all-articles/test-article/	Статья блога Тест	0.24	10	2022-09-23 12:57:55.16325	rhythm
183	1	32	/tag/%D0%92%D0%B5%D0%B1-%D1%80%D0%B0%D0%B7%D1%80%D0%B0%D0%B1%D0%BE%D1%82%D0%BA%D0%B0/	Тег Веб-разработка	0.22	4	2022-09-23 12:57:58.07019	rhythm
184	1	33	/tag_blogs/%D0%92%D0%B5%D0%B1-%D1%80%D0%B0%D0%B7%D1%80%D0%B0%D0%B1%D0%BE%D1%82%D0%BA%D0%B0/	Статьи тега Веб-разработка	0.19	4	2022-09-23 12:58:01.009218	rhythm
185	1	32	/tag/%D0%92%D0%B5%D0%B1-%D1%80%D0%B0%D0%B7%D1%80%D0%B0%D0%B1%D0%BE%D1%82%D0%BA%D0%B0/	Тег Веб-разработка	0.19	2	2022-09-23 12:58:02.224444	rhythm
186	1	31	/tags/	Теги	0.19	3	2022-09-23 12:58:04.451918	rhythm
187	1	32	/tag/%D0%92%D0%B5%D0%B1-%D1%80%D0%B0%D0%B7%D1%80%D0%B0%D0%B1%D0%BE%D1%82%D0%BA%D0%B0/	Тег Веб-разработка	0.19	4	2022-09-23 12:58:07.500005	rhythm
188	1	1	/	Главная страница	0.67	4	2022-09-23 12:58:10.836233	rhythm
189	1	43	/blog/all-articles/test-article/	Статья блога Тест	0.19	6	2022-09-23 12:58:15.739762	rhythm
190	1	42	/blogs/all-articles/	Категория блога Все статьи	0.19	52	2022-09-23 12:59:49.244758	rhythm
191	1	43	/blog/all-articles/test-article/	Статья блога Тест	0.19	121	2022-09-23 13:08:18.604734	rhythm
192	1	81	/wiki_categories/	База знаний	0.19	2	2022-09-23 13:08:19.237362	rhythm
193	1	71	/store_categories/	Товары	0.19	2	2022-09-23 13:08:20.273712	rhythm
194	1	1	/	Главная страница	0.64	4	2022-09-23 13:08:22.858793	rhythm
195	1	43	/blog/all-articles/test-article/	Статья блога Тест	0.24	5	2022-09-23 13:08:24.903685	rhythm
196	1	32	/tag/%D0%BD%D0%BE%D0%B2%D0%BE%D1%81%D1%82%D0%B8/	Тег новости	0.19	5	2022-09-23 13:08:26.536842	rhythm
197	1	31	/tags/	Теги	0.19	4	2022-09-23 13:08:28.063752	rhythm
198	1	31	/tags/	Теги	0.19	7	2022-09-23 13:08:31.13	rhythm
199	1	9	/helps/how_to_order_a_project/	Категория помощи 'Как заказать проект'	0.19	121	2022-09-23 13:37:23.323448	rhythm
200	1	9	/helps/how_to_order_a_project/	Категория помощи 'Как заказать проект'	0.19	121	2022-09-23 13:48:32.682595	rhythm
201	1	9	/helps/how_to_order_a_project/	Категория помощи 'Как заказать проект'	0.19	17	2022-09-23 13:48:50.940096	rhythm
202	1	9	/helps/how_to_order_a_project/	Категория помощи 'Как заказать проект'	0.19	12	2022-09-23 13:49:03.667439	rhythm
203	1	9	/helps/how_to_order_a_project/	Категория помощи 'Как заказать проект'	0.19	6	2022-09-23 13:49:10.962319	rhythm
204	1	9	/helps/how_to_order_a_project/	Категория помощи 'Как заказать проект'	0.19	3	2022-09-23 13:49:14.846202	rhythm
205	1	42	/blogs/all-articles/	Категория блога Все статьи	0.19	3	2022-09-23 13:49:16.809459	rhythm
206	1	43	/blog/all-articles/test-article/	Статья блога Тест	0.19	5	2022-09-23 13:49:20.907484	rhythm
207	1	43	/blog/all-articles/test-article/	Статья блога Тест	0.19	6	2022-09-23 13:49:27.789529	rhythm
208	1	43	/blog/all-articles/test-article/	Статья блога Тест	0.19	5	2022-09-23 13:49:33.887321	rhythm
209	1	43	/blog/all-articles/test-article/	Статья блога Тест	0.24	128	2022-09-23 14:07:52.634244	rhythm
210	1	9	/helps/stages_of_project_creation/	Категория помощи 'Этапы создания проектов'	0.19	6	2022-09-23 14:07:56.709039	rhythm
211	1	9	/helps/how_to_order_a_project/	Категория помощи 'Как заказать проект'	0.46	61	2022-09-23 14:09:03.62913	rhythm
212	1	9	/helps/how_to_order_a_project/	Категория помощи 'Как заказать проект'	0.19	10	2022-09-23 14:09:15.091023	rhythm
213	1	9	/helps/how_to_order_a_project/	Категория помощи 'Как заказать проект'	0.48	6	2022-09-23 14:09:20.739273	rhythm
214	1	42	/blogs/all-articles/	Категория блога Все статьи	0.19	2	2022-09-23 14:09:21.790149	rhythm
215	1	43	/blog/all-articles/test-article/	Статья блога Тест	0.24	8	2022-09-23 14:09:28.554383	rhythm
216	1	1	/	Главная страница	0.64	121	2022-09-23 14:49:58.243535	rhythm
217	1	1	/	Главная страница	0.19	98	2022-09-23 14:51:36.784045	rhythm
218	1	82	/wikis/all-wikis/	Категория обучалки Все статьи	0.19	4	2022-09-23 14:51:40.421165	rhythm
219	1	82	/wikis/all-wikis/	Категория обучалки Все статьи	0.19	2	2022-09-23 14:51:41.555611	rhythm
220	1	82	/wikis/all-wikis/	Категория обучалки Все статьи	0.19	4	2022-09-23 14:51:44.378627	rhythm
221	1	31	/tags/	Теги	0.19	3	2022-09-23 14:51:46.500076	rhythm
222	1	32	/tag/%D1%82%D1%80%D0%B5%D0%B7%D0%B2%D1%8B%D0%B9.%D1%80%D1%83%D1%81/	Тег трезвый.рус	0.19	2	2022-09-23 14:51:47.646399	rhythm
223	1	33	/tag_blogs/%D1%82%D1%80%D0%B5%D0%B7%D0%B2%D1%8B%D0%B9.%D1%80%D1%83%D1%81/	Статьи тега трезвый.рус	0.19	4	2022-09-23 14:51:50.183224	rhythm
224	1	43	/blog/all-articles/test-article/	Статья блога Тест	0.24	71	2022-09-23 15:17:38.111347	rhythm
225	1	1	/	Главная страница	0.19	3	2022-09-23 15:17:39.187188	rhythm
226	1	1	/	Главная страница	0.48	6	2022-09-23 15:17:46.287833	rhythm
227	1	61	/service_categories/	Услуги	0.19	2	2022-09-23 15:17:47.25273	rhythm
228	1	62	/services/all-services/	Категория услуг Все услуги	0.19	5	2022-09-23 15:17:51.036702	rhythm
229	1	61	/service_categories/	Услуги	0.38	6	2022-09-23 15:17:55.827893	rhythm
230	1	62	/services/all-services/	Категория услуг Все услуги	0.19	4	2022-09-23 15:17:59.138717	rhythm
231	1	81	/wiki_categories/	База знаний	0.35	6	2022-09-23 15:18:03.43286	rhythm
232	1	41	/blog_categories/	Блог	0.19	3	2022-09-23 15:18:05.535937	rhythm
233	1	32	/tag/%D0%BD%D0%BE%D0%B2%D0%BE%D1%81%D1%82%D0%B8/	Тег новости	0.19	5	2022-09-23 15:18:09.802694	rhythm
234	1	31	/tags/	Теги	0.19	3	2022-09-23 15:18:12.118948	rhythm
235	1	32	/tag/%D1%82%D1%80%D0%B5%D0%B7%D0%B2%D1%8B%D0%B9.%D1%80%D1%83%D1%81/	Тег трезвый.рус	0.19	31	2022-09-23 15:18:42.286992	rhythm
236	1	1	/	Главная страница	0.19	3	2022-09-23 15:18:43.99094	rhythm
237	1	10	/info/	Информация	0.28	44	2022-09-23 15:20:21.531948	rhythm
238	1	1	/	Главная страница	0.53	13	2022-09-23 15:20:27.454887	rhythm
239	1	62	/services/all-services/	Категория услуг Все услуги	0.19	11	2022-09-23 15:20:32.570332	rhythm
240	1	61	/service_categories/	Услуги	0.19	1	2022-09-23 15:20:32.983838	rhythm
241	1	91	/work_categories/	Работы	0.27	7	2022-09-23 15:20:36.176695	rhythm
242	1	92	/works/all-works/	Категория работ Все работы	0.3	11	2022-09-23 15:20:41.287628	rhythm
243	1	91	/work_categories/	Работы	0.19	3	2022-09-23 15:20:42.311025	rhythm
244	1	71	/store_categories/	Товары	0.19	5	2022-09-23 15:20:44.192417	rhythm
245	1	72	/stores/all-stores/	Категория товаров Все товары	0.19	21	2022-09-23 15:20:54.149226	rhythm
246	1	81	/wiki_categories/	База знаний	0.19	3	2022-09-23 15:20:55.034463	rhythm
247	1	82	/wikis/all-wikis/	Категория обучалки Все статьи	0.19	5	2022-09-23 15:20:56.54371	rhythm
248	1	41	/blog_categories/	Блог	0.19	5	2022-09-23 15:20:58.521436	rhythm
249	1	42	/blogs/all-articles/	Категория блога Все статьи	0.19	3	2022-09-23 15:21:00.111536	rhythm
250	1	32	/tag/%D0%BD%D0%BE%D0%B2%D0%BE%D1%81%D1%82%D0%B8/	Тег новости	0.19	7	2022-09-23 15:21:02.799373	rhythm
251	1	31	/tags/	Теги	0.19	5	2022-09-23 15:21:04.667208	rhythm
252	1	10	/info/	Информация	0.19	3	2022-09-23 15:21:06.129649	rhythm
253	1	9	/helps/stages_of_project_creation/	Категория помощи 'Этапы создания проектов'	0.19	3	2022-09-23 15:21:07.076864	rhythm
254	1	9	/helps/what_do_we_know_abou_you/	Категория помощи 'Что мы о Вас знаем'	0.19	3	2022-09-23 15:21:07.586387	rhythm
255	1	9	/helps/how_to_order_a_project/	Категория помощи 'Как заказать проект'	0.19	3	2022-09-23 15:21:08.784717	rhythm
256	1	14	/cookie_users_list/	Статистика сайта	0.19	2	2022-09-23 15:21:09.417765	rhythm
257	1	12	/user_orders/	Ваши заказы	0.19	2	2022-09-23 15:21:10.086593	rhythm
258	1	13	/history/	История просмотров	0.19	5	2022-09-23 15:21:11.451527	rhythm
259	1	12	/user_orders/	Ваши заказы	0.19	1	2022-09-23 15:21:12.233039	rhythm
260	1	13	/history/	История просмотров	0.73	15	2022-09-23 15:21:18.766172	rhythm
261	1	1	/	Главная страница	0.32	67	2022-09-23 15:23:39.516358	rhythm
262	1	1	/	Главная страница	0.24	4	2022-09-23 15:23:40.774801	rhythm
263	1	10	/info/	Информация	0.25	112	2022-09-23 17:22:31.185804	rhythm
264	1	1	/	Главная страница	0.19	121	2022-09-23 17:54:55.432744	rhythm
265	1	1	/	Главная страница	0.53	183	2022-09-23 17:59:17.375908	rhythm
266	1	1	/	Главная страница	0.53	63	2022-09-23 18:00:21.218251	rhythm
267	1	61	/service_categories/	Услуги	0.19	6	2022-09-23 18:00:26.810276	rhythm
268	1	1	/	Главная страница	0.53	202	2022-09-23 18:03:11.021553	rhythm
269	1	61	/service_categories/	Услуги	0.48	6	2022-09-23 18:03:13.676712	rhythm
270	1	62	/services/all-services/	Категория услуг Все услуги	0.19	6	2022-09-23 18:03:16.011136	rhythm
271	1	61	/service_categories/	Услуги	0.19	2	2022-09-23 18:03:16.910074	rhythm
272	1	91	/work_categories/	Работы	0.27	5	2022-09-23 18:03:18.861283	rhythm
273	1	92	/works/all-works/	Категория работ Все работы	0.3	5	2022-09-23 18:03:20.855549	rhythm
274	1	81	/wiki_categories/	База знаний	0.37	24	2022-09-23 18:03:32.076695	rhythm
275	1	1	/	Главная страница	0.53	38	2022-09-23 18:03:50.864674	rhythm
276	1	10	/info/	Информация	0.25	9	2022-09-23 18:03:54.654832	rhythm
277	1	14	/cookie_users_list/	Статистика сайта	0.19	14	2022-09-23 18:04:00.944522	rhythm
278	1	1	/	Главная страница	0.19	2	2022-09-23 18:04:01.881836	rhythm
279	1	10	/info/	Информация	0.19	5	2022-09-23 18:04:03.801505	rhythm
280	1	1	/	Главная страница	0.19	3	2022-09-23 18:04:04.686903	rhythm
281	1	13	/history/	История просмотров	0.3	6	2022-09-23 18:04:06.893408	rhythm
282	1	12	/user_orders/	Ваши заказы	0.19	3	2022-09-23 18:04:08.05811	rhythm
283	1	13	/history/	История просмотров	0.55	19	2022-09-23 18:04:16.965664	rhythm
284	1	1	/	Главная страница	0.32	5	2022-09-23 18:04:19.412482	rhythm
285	1	1	/	Главная страница	0.53	121	2022-09-23 18:07:36.168834	rhythm
286	1	1	/	Главная страница	0.53	4	2022-09-23 18:07:40.484108	rhythm
287	1	42	/blogs/all-articles/	Категория блога Все статьи	0.19	2	2022-09-23 18:07:41.440652	rhythm
288	1	31	/tags/	Теги	0.19	1	2022-09-23 18:07:42.027801	rhythm
289	1	10	/info/	Информация	0.25	3	2022-09-23 18:07:43.852046	rhythm
290	1	14	/cookie_users_list/	Статистика сайта	0.19	3	2022-09-23 18:07:46.171095	rhythm
291	1	10	/info/	Информация	0.19	3	2022-09-23 18:07:48.266975	rhythm
292	1	1	/	Главная страница	0.19	2	2022-09-27 15:53:27.464372	rhythm
293	1	1	/	Главная страница	0.19	1	2022-09-27 15:53:29.812908	rhythm
294	1	61	/service_categories/	Услуги	0.19	2	2022-09-27 15:53:30.610937	rhythm
295	1	91	/work_categories/	Работы	0.19	2	2022-09-27 15:53:31.450436	rhythm
296	1	1	/	Главная страница	0.53	4	2022-09-27 15:53:34.259548	rhythm
297	1	41	/blog_categories/	Блог	0.19	2	2022-09-27 15:53:35.29327	rhythm
298	1	42	/blogs/all-articles/	Категория блога Все статьи	0.19	4	2022-09-27 15:53:38.556087	rhythm
299	1	9	/helps/stages_of_project_creation/	Категория помощи 'Этапы создания проектов'	0.19	2	2022-09-27 15:53:39.408338	rhythm
300	1	9	/helps/what_do_we_know_abou_you/	Категория помощи 'Что мы о Вас знаем'	0.19	2	2022-09-27 15:53:40.07543	rhythm
301	1	9	/helps/how_to_order_a_project/	Категория помощи 'Как заказать проект'	0.19	3	2022-09-27 15:53:42.125927	rhythm
302	1	9	/helps/stages_of_project_creation/	Категория помощи 'Этапы создания проектов'	0.19	2	2022-09-27 15:53:43.67952	rhythm
303	1	72	/stores/all-stores/	Категория товаров Все товары	0.19	12	2022-09-27 15:53:54.717353	rhythm
304	1	1	/	Главная страница	0.48	12	2022-09-27 15:54:05.366296	rhythm
305	1	13	/history/	История просмотров	0.19	121	2022-09-27 16:11:56.064926	rhythm
306	1	13	/history/	История просмотров	0.19	1	2022-09-27 16:11:58.444483	rhythm
307	1	1	/	Главная страница	0.48	9	2022-09-27 16:12:05.926788	rhythm
308	1	62	/services/all-services/	Категория услуг Все услуги	0.19	3	2022-09-27 16:12:07.531966	rhythm
309	1	61	/service_categories/	Услуги	0.19	2	2022-09-27 16:12:09.189973	rhythm
310	1	92	/works/all-works/	Категория работ Все работы	0.19	4	2022-09-27 16:12:11.688222	rhythm
311	1	71	/store_categories/	Товары	0.19	3	2022-09-27 16:12:13.500122	rhythm
312	1	72	/stores/all-stores/	Категория товаров Все товары	0.19	11	2022-09-27 16:12:24.221848	rhythm
313	1	81	/wiki_categories/	База знаний	0.19	2	2022-09-27 16:12:25.19865	rhythm
314	1	82	/wikis/all-wikis/	Категория обучалки Все статьи	0.19	5	2022-09-27 16:12:28.484154	rhythm
315	1	41	/blog_categories/	Блог	0.19	15	2022-09-27 16:12:42.508831	rhythm
316	1	32	/tag/%D0%BD%D0%BE%D0%B2%D0%BE%D1%81%D1%82%D0%B8/	Тег новости	0.19	3	2022-09-27 16:12:44.846711	rhythm
317	1	31	/tags/	Теги	0.19	2	2022-09-27 16:12:46.196195	rhythm
318	1	32	/tag/%D0%92%D0%B5%D0%B1-%D1%80%D0%B0%D0%B7%D1%80%D0%B0%D0%B1%D0%BE%D1%82%D0%BA%D0%B0/	Тег Веб-разработка	0.19	2	2022-09-27 16:12:47.132117	rhythm
319	1	31	/tags/	Теги	0.19	2	2022-09-27 16:12:47.837523	rhythm
320	1	32	/tag/%D0%BD%D0%BE%D0%B2%D0%BE%D1%81%D1%82%D0%B8/	Тег новости	0.19	2	2022-09-27 16:12:48.699925	rhythm
321	1	31	/tags/	Теги	0.19	2	2022-09-27 16:12:49.663717	rhythm
322	1	1	/	Главная страница	0.46	301	2022-09-27 17:44:04.063546	rhythm
323	1	1	/	Главная страница	0.19	2	2022-09-27 17:44:07.274826	rhythm
324	1	72	/stores/all-stores/	Категория товаров Все товары	0.19	121	2022-09-27 17:49:28.142728	rhythm
325	1	72	/stores/all-stores/	Категория товаров Все товары	0.19	3	2022-09-27 17:49:29.490222	rhythm
326	1	71	/store_categories/	Товары	0.19	1	2022-09-27 17:49:30.22508	rhythm
327	1	91	/work_categories/	Работы	0.19	2	2022-09-27 17:49:30.594209	rhythm
328	1	61	/service_categories/	Услуги	0.19	1	2022-09-27 17:49:31.02836	rhythm
329	1	1	/	Главная страница	0.53	122	2022-09-27 17:53:56.1702	rhythm
330	1	6	/login/	Вход	0.19	121	2022-09-27 18:31:48.47132	rhythm
331	1	6	/login/	Вход	0.19	5	2022-09-27 18:31:54.273254	rhythm
332	1	1	/	Главная страница	0.25	5	2022-09-27 18:31:57.861711	rhythm
333	1	6	/login/	Вход	0.19	4	2022-09-27 18:32:01.159211	rhythm
334	1	61	/service_categories/	Услуги	0.19	4	2022-09-27 18:32:03.902357	rhythm
335	1	1	/	Главная страница	0.53	3	2022-09-27 18:32:06.363164	rhythm
336	1	61	/service_categories/	Услуги	0.19	2	2022-09-27 18:32:07.239423	rhythm
337	1	62	/services/all-services/	Категория услуг Все услуги	0.19	7	2022-09-27 18:32:13.520483	rhythm
338	1	9	/helps/how_to_order_a_project/	Категория помощи 'Как заказать проект'	0.19	2	2022-09-27 18:32:14.627529	rhythm
339	1	9	/helps/what_do_we_know_abou_you/	Категория помощи 'Что мы о Вас знаем'	0.19	2	2022-09-27 18:32:15.312141	rhythm
340	1	9	/helps/stages_of_project_creation/	Категория помощи 'Этапы создания проектов'	0.19	2	2022-09-27 18:32:16.519056	rhythm
341	1	6	/login/	Вход	0.19	8	2022-09-27 18:32:24.387382	rhythm
342	1	1	/	Главная страница	0.59	9	2022-09-27 18:32:35.753103	rhythm
343	1	43	/blog/all-articles/test-article/	Статья блога Тест	0.19	79	2022-09-27 18:33:53.592648	rhythm
344	1	32	/tag/%D1%82%D1%80%D0%B5%D0%B7%D0%B2%D1%8B%D0%B9.%D1%80%D1%83%D1%81/	Тег трезвый.рус	0.19	3	2022-09-27 18:33:55.664052	rhythm
345	1	9	/helps/how_to_order_a_project/	Категория помощи 'Как заказать проект'	0.19	3	2022-09-27 18:33:57.207332	rhythm
346	1	9	/helps/what_do_we_know_abou_you/	Категория помощи 'Что мы о Вас знаем'	0.19	2	2022-09-27 18:33:57.802496	rhythm
347	1	9	/helps/stages_of_project_creation/	Категория помощи 'Этапы создания проектов'	0.19	1	2022-09-27 18:33:58.550745	rhythm
348	1	9	/helps/what_do_we_know_abou_you/	Категория помощи 'Что мы о Вас знаем'	0.19	2	2022-09-27 18:33:59.025226	rhythm
349	1	9	/helps/how_to_order_a_project/	Категория помощи 'Как заказать проект'	0.5	64	2022-09-27 18:38:28.221359	rhythm
350	1	61	/service_categories/	Услуги	0.19	91	2022-09-27 19:18:41.802822	rhythm
351	2	1	/	Главная страница	0.19	5	2022-09-28 15:26:33.342625	rhythm
352	2	9	/helps/how_to_order_a_project/	Категория помощи 'Как заказать проект'	0.5	12	2022-09-28 15:26:44.617738	rhythm
353	2	1	/create_item/	Главная страница	0.22	110	2022-09-28 15:27:09.648683	rhythm
354	2	1	/	Главная страница	0.19	4	2022-09-28 15:46:57.816934	rhythm
355	2	9	/helps/stages_of_project_creation/	Категория помощи 'Этапы создания проектов'	0.37	59	2022-09-28 15:47:56.013464	rhythm
356	2	9	/helps/stages_of_project_creation/	Категория помощи 'Этапы создания проектов'	0.19	305	2022-09-28 15:53:04.106998	rhythm
357	2	9	/helps/stages_of_project_creation/	Категория помощи 'Этапы создания проектов'	0.48	7	2022-09-28 15:53:12.051821	rhythm
358	2	9	/helps/how_to_order_a_project/	Категория помощи 'Как заказать проект'	0.7	249	2022-09-28 15:59:24.238974	rhythm
359	2	92	/works/all-works/	Категория работ Все работы	0.19	13	2022-09-28 16:00:39.304859	rhythm
360	2	9	/helps/what_do_we_know_abou_you/	Категория помощи 'Что мы о Вас знаем'	0.27	241	2022-09-28 16:02:41.069215	rhythm
361	2	9	/helps/what_do_we_know_abou_you/	Категория помощи 'Что мы о Вас знаем'	0.59	123	2022-09-28 16:16:35.604169	rhythm
362	2	1	/	Главная страница	0.19	4	2022-09-28 16:16:39.139937	rhythm
363	2	1	/	Главная страница	0.35	4	2022-09-28 16:16:44.385978	rhythm
364	2	10	/info/	Информация	0.19	2	2022-09-28 16:16:45.663801	rhythm
365	2	14	/cookie_users_list/	Статистика сайта	0.19	22	2022-09-28 16:17:06.366889	rhythm
366	2	61	/service_categories/	Услуги	0.56	8	2022-09-28 16:17:13.090068	rhythm
367	2	1	/	Главная страница	0.19	5	2022-09-28 16:17:17.091109	rhythm
368	2	13	/history/	История просмотров	0.19	3	2022-09-28 16:17:18.932865	rhythm
369	2	1	/	Главная страница	0.19	2	2022-09-28 16:17:19.87066	rhythm
370	2	10	/info/	Информация	0.19	2	2022-09-28 16:17:20.876899	rhythm
371	2	14	/cookie_users_list/	Статистика сайта	0.19	50	2022-09-28 16:19:37.680773	rhythm
372	2	1	/	Главная страница	0.19	4	2022-09-28 16:19:40.475758	rhythm
373	2	10	/info/	Информация	0.25	66	2022-09-28 16:20:15.519723	rhythm
374	2	14	/cookie_users_list/	Статистика сайта	0.19	8	2022-09-28 16:20:18.973728	rhythm
375	2	10	/info/	Информация	0.19	4	2022-09-28 16:20:20.494524	rhythm
376	2	14	/cookie_users_list/	Статистика сайта	0.19	9	2022-09-28 16:20:24.35337	rhythm
377	2	9	/helps/how_to_order_a_project/	Категория помощи 'Как заказать проект'	1.18	36	2022-09-28 16:20:42.066525	rhythm
378	2	9	/helps/what_do_we_know_abou_you/	Категория помощи 'Что мы о Вас знаем'	0.6	22	2022-09-28 16:20:52.332549	rhythm
379	2	9	/helps/how_to_order_a_project/	Категория помощи 'Как заказать проект'	0.19	6	2022-09-28 16:20:55.2632	rhythm
380	2	9	/helps/what_do_we_know_abou_you/	Категория помощи 'Что мы о Вас знаем'	0.19	6	2022-09-28 16:20:57.326022	rhythm
381	2	9	/helps/how_to_order_a_project/	Категория помощи 'Как заказать проект'	0.19	3	2022-09-28 16:20:58.382856	rhythm
382	2	9	/helps/stages_of_project_creation/	Категория помощи 'Этапы создания проектов'	0.48	41	2022-09-28 16:21:21.96221	rhythm
383	2	1	/	Главная страница	0.19	10	2022-09-28 16:21:25.200357	rhythm
384	2	10	/info/	Информация	0.19	4	2022-09-28 16:21:26.047323	rhythm
385	2	14	/cookie_users_list/	Статистика сайта	0.19	53	2022-09-28 16:23:30.436714	rhythm
386	2	1	/	Главная страница	0.64	36	2022-09-28 16:23:39.742819	rhythm
387	2	1	/	Главная страница	0.19	11	2022-09-28 16:23:59.015039	rhythm
388	2	9	/helps/how_to_order_a_project/	Категория помощи 'Как заказать проект'	1.09	22	2022-09-28 16:24:19.576384	rhythm
389	2	32	/tag/%D0%92%D0%B5%D0%B1-%D1%80%D0%B0%D0%B7%D1%80%D0%B0%D0%B1%D0%BE%D1%82%D0%BA%D0%B0/	Тег Веб-разработка	0.19	3	2022-09-28 16:24:22.336664	rhythm
390	2	31	/tags/	Теги	0.19	5	2022-09-28 16:24:25.829371	rhythm
391	2	32	/tag/%D0%92%D0%B5%D0%B1-%D1%80%D0%B0%D0%B7%D1%80%D0%B0%D0%B1%D0%BE%D1%82%D0%BA%D0%B0/	Тег Веб-разработка	0.19	3	2022-09-28 16:24:28.286504	rhythm
392	2	9	/helps/stages_of_project_creation/	Категория помощи 'Этапы создания проектов'	0.19	3	2022-09-28 16:24:29.879107	rhythm
393	2	9	/helps/what_do_we_know_abou_you/	Категория помощи 'Что мы о Вас знаем'	0.19	2	2022-09-28 16:24:31.012707	rhythm
394	2	9	/helps/how_to_order_a_project/	Категория помощи 'Как заказать проект'	0.4	8	2022-09-28 16:24:37.886201	rhythm
395	2	9	/helps/what_do_we_know_abou_you/	Категория помощи 'Что мы о Вас знаем'	0.53	9	2022-09-28 16:24:45.570332	rhythm
396	2	6	/login/	Вход	0.19	3	2022-09-28 16:24:47.576524	rhythm
397	2	1	/	Главная страница	0.19	121	2022-09-28 17:03:58.966982	rhythm
398	2	10	/info/	Информация	0.19	1	2022-09-28 17:03:59.864108	rhythm
399	2	14	/cookie_users_list/	Статистика сайта	0.19	1	2022-09-28 17:04:47.453862	rhythm
400	2	1	/	Главная страница	0.67	5	2022-09-28 17:04:55.432287	rhythm
401	2	43	/blog/all-articles/test-article/	Статья блога Тест	0.19	34	2022-09-28 18:22:37.66723	rhythm
402	2	1	/	Главная страница	0.19	4	2022-09-28 18:22:40.723071	rhythm
403	2	1	/	Главная страница	0.19	3	2022-09-28 18:22:44.630647	rhythm
404	2	10	/info/	Информация	0.25	7	2022-09-28 18:22:50.366337	rhythm
405	2	14	/cookie_users_list/	Статистика сайта	0.19	6	2022-09-28 18:22:55.746206	rhythm
406	2	1	/	Главная страница	0.19	2	2022-09-28 18:22:56.627456	rhythm
407	2	61	/service_categories/	Услуги	0.19	2	2022-09-28 18:22:57.410654	rhythm
408	2	62	/services/all-services/	Категория услуг Все услуги	0.19	2	2022-09-28 18:22:58.391886	rhythm
409	2	91	/work_categories/	Работы	0.19	1	2022-09-28 18:22:58.974619	rhythm
410	2	92	/works/all-works/	Категория работ Все работы	0.19	2	2022-09-28 18:22:59.73623	rhythm
411	2	91	/work_categories/	Работы	0.19	3	2022-09-28 18:23:01.72025	rhythm
412	2	92	/works/all-works/	Категория работ Все работы	0.3	14	2022-09-28 18:23:14.870893	rhythm
413	1	1	/	Главная страница	0.19	3	2022-09-28 19:49:53.322286	rhythm
414	1	41	/blog_categories/	Блог	0.19	8	2022-09-28 19:51:43.524748	rhythm
415	11	1	/	Главная страница	0.17	121	2022-09-28 21:24:39.16918	rhythm
416	1	6	/login/	Вход	0	5	2022-09-28 22:03:40.683166	rhythm
417	1	71	/store_categories/	Товары	0	8	2022-09-28 22:03:47.547546	rhythm
418	1	10	/info/	Информация	0	11	2022-09-28 22:03:59.850629	rhythm
419	1	9	/helps/how_to_order_a_project/	Категория помощи 'Как заказать проект'	0	6	2022-09-28 22:04:05.404391	rhythm
420	1	10	/info/	Информация	0	11	2022-09-28 22:05:27.435305	rhythm
421	1	1	/	Главная страница	0	4	2022-09-28 22:05:30.912337	rhythm
422	1	13	/history/	История просмотров	0	23	2022-09-28 22:05:52.871599	rhythm
423	1	12	/user_orders/	Ваши заказы	0	2	2022-09-28 22:05:53.911349	rhythm
424	1	13	/history/	История просмотров	0	8	2022-09-28 22:06:00.726721	rhythm
425	1	1	/	Главная страница	0	4	2022-09-28 22:06:03.829192	rhythm
426	1	10	/info/	Информация	0	5	2022-09-28 22:07:57.979567	rhythm
427	1	1	/	Главная страница	0	3	2022-09-28 22:09:46.003638	rhythm
428	1	92	/works/all-works/	Категория работ Все работы	0	4	2022-09-28 22:11:12.513749	rhythm
429	1	1	/	Главная страница	0	7	2022-09-28 22:11:18.637305	rhythm
430	1	13	/history/	История просмотров	0	7	2022-09-28 22:11:24.377163	rhythm
431	1	61	/service_categories/	Услуги	0	5	2022-09-28 22:15:36.98885	rhythm
432	1	1	/	Главная страница	0	4	2022-09-29 08:01:54.632417	rhythm
433	1	13	/history/	История просмотров	0	18	2022-09-29 08:02:12.280889	rhythm
434	1	1	/	Главная страница	0	9	2022-09-29 08:04:32.699049	rhythm
435	1	10	/info/	Информация	0	5	2022-09-29 08:04:51.836255	rhythm
436	1	1	/info/	Главная страница	0	5	2022-09-29 08:04:56.107894	rhythm
437	1	10	/info/	Информация	0	5	2022-09-29 08:04:59.872713	rhythm
438	1	10	/info/	Информация	0	4	2022-09-29 08:05:02.509239	rhythm
439	1	10	/	Информация	0	2	2022-09-29 08:05:03.316277	rhythm
440	1	1	/	Главная страница	0	1	2022-09-29 08:05:03.44057	rhythm
441	1	1	/	Главная страница	0	1	2022-09-29 08:05:03.491909	rhythm
442	1	1	/	Главная страница	0	6	2022-09-29 08:05:08.972324	rhythm
443	1	1	/	Главная страница	0	8	2022-09-29 08:18:51.442752	rhythm
444	1	13	/history/	История просмотров	0	6	2022-09-29 08:20:06.335363	rhythm
445	1	1	/	Главная страница	0	5	2022-09-29 08:20:40.728199	rhythm
446	1	13	/history/	История просмотров	0	20	2022-09-29 08:20:59.545399	rhythm
447	1	1	/	Главная страница	0	2	2022-09-29 08:21:19.423238	rhythm
448	1	13	/history/	История просмотров	0	14	2022-09-29 08:21:32.592815	rhythm
449	1	1	/	Главная страница	0	8	2022-09-29 08:21:39.539541	rhythm
450	1	13	/history/	История просмотров	0	70	2022-09-29 08:22:53.05457	rhythm
451	1	81	/wiki_categories/	База знаний	0	1	2022-09-29 08:22:53.10891	rhythm
452	1	81	/wiki_categories/	База знаний	0	2	2022-09-29 08:22:53.328968	rhythm
453	1	82	/wikis/all-wikis/	Категория обучалки Все статьи	0	7	2022-09-29 08:22:59.657024	rhythm
454	1	1	/	Главная страница	0	4	2022-09-29 08:23:02.813422	rhythm
455	1	13	/history/	История просмотров	0	121	2022-09-29 09:11:37.916836	rhythm
456	1	6	/login/	Вход	0.19	3	2022-09-29 09:32:54.477088	rhythm
457	1	10	/info/	Информация	0.19	15	2022-09-29 09:33:08.316798	rhythm
458	1	1	/	Главная страница	0.19	5	2022-09-29 09:33:12.927601	rhythm
459	1	13	/history/	История просмотров	0.39	8	2022-09-29 09:33:38.765569	rhythm
460	1	10	/info/	Информация	0.27	7	2022-09-29 09:33:44.687623	rhythm
461	1	1	/	Главная страница	0.19	2	2022-09-29 09:33:45.795549	rhythm
462	1	13	/history/	История просмотров	0.3	74	2022-09-29 09:35:04.568394	rhythm
463	1	1	/	Главная страница	0.35	3	2022-09-29 09:35:07.332529	rhythm
464	1	13	/history/	История просмотров	0.3	5	2022-09-29 09:35:11.411223	rhythm
465	1	1	/	Главная страница	0.19	3	2022-09-29 09:35:13.227601	rhythm
466	1	10	/info/	Информация	0.19	3	2022-09-29 09:35:14.678583	rhythm
467	1	14	/cookie_users_list/	Статистика сайта	0.19	9	2022-09-29 09:35:22.609468	rhythm
468	1	1	/	Главная страница	0.19	112	2022-09-29 10:36:28.628756	rhythm
469	1	81	/wiki_categories/	База знаний	0.19	6	2022-09-29 11:17:33.995281	rhythm
470	1	42	/blogs/all-articles/	Категория блога Все статьи	0.19	71	2022-09-29 11:22:37.57455	rhythm
471	1	32	/tag/%D0%92%D0%B5%D0%B1-%D1%80%D0%B0%D0%B7%D1%80%D0%B0%D0%B1%D0%BE%D1%82%D0%BA%D0%B0/	Тег Веб-разработка	0.19	3	2022-09-29 11:27:29.951602	rhythm
472	1	10	/info/	Информация	0.19	4	2022-09-29 11:27:45.30341	rhythm
473	1	1	/	Главная страница	0.19	3	2022-09-29 11:27:46.719207	rhythm
474	1	13	/history/	История просмотров	0.27	10	2022-09-29 11:27:55.532476	rhythm
475	1	10	/info/	Информация	0.19	4	2022-09-29 11:31:18.457834	rhythm
476	1	41	/blog_categories/	Блог	0.19	10	2022-09-29 11:36:50.149764	rhythm
477	1	6	/login/	Вход	0.19	1	2022-09-29 11:39:55.493084	rhythm
478	1	1	/	Главная страница	0.19	3	2022-09-29 11:39:57.201328	rhythm
479	1	13	/history/	История просмотров	0.19	121	2022-09-29 11:47:26.832245	rhythm
480	1	1	/	Главная страница	0.19	121	2022-09-29 11:52:48.439185	rhythm
481	1	42	/blogs/all-articles/	Категория блога Все статьи	0.19	1	2022-09-29 11:52:49.175952	rhythm
482	1	43	/blog/all-articles/test-article/	Статья блога Тест	0.19	58	2022-09-29 13:16:51.802215	rhythm
483	1	32	/tag/%D0%BD%D0%BE%D0%B2%D0%BE%D1%81%D1%82%D0%B8/	Тег новости	0.19	80	2022-09-29 13:26:59.510895	rhythm
484	1	1	/	Главная страница	0.19	3	2022-09-29 13:27:01.043156	rhythm
485	1	13	/history/	История просмотров	0.19	15	2022-09-29 13:27:47.354786	rhythm
486	1	10	/info/	Информация	0.19	4	2022-09-29 13:27:50.848634	rhythm
487	1	1	/	Главная страница	0.19	3	2022-09-29 13:27:52.84631	rhythm
488	1	13	/history/	История просмотров	0.19	6	2022-09-29 13:41:07.9867	rhythm
489	1	1	/	Главная страница	0.24	2	2022-09-29 13:43:27.102823	rhythm
490	1	13	/history/	История просмотров	0.38	4	2022-09-29 13:43:40.040455	rhythm
491	1	1	/	Главная страница	0.19	2	2022-09-29 14:02:45.024225	rhythm
492	1	10	/info/	Информация	0.19	4	2022-09-29 14:02:57.40251	rhythm
493	1	6	/login/	Вход	0.19	11	2022-09-29 14:03:38.19079	rhythm
494	1	71	/store_categories/	Товары	0.19	4	2022-09-29 14:03:44.08479	rhythm
495	1	72	/stores/all-stores/	Категория товаров Все товары	0.19	6	2022-09-29 14:12:35.489913	rhythm
496	1	72	/stores/all-stores/	Категория товаров Все товары	0.19	7	2022-09-29 14:12:42.367623	rhythm
497	1	81	/wiki_categories/	База знаний	0.19	4	2022-09-29 14:12:45.667587	rhythm
498	1	81	/wiki_categories/	База знаний	0.19	4	2022-09-29 14:12:49.922677	rhythm
499	1	81	/wiki_categories/	База знаний	0.19	4	2022-09-29 14:12:53.882643	rhythm
500	1	81	/wiki_categories/	База знаний	0.19	4	2022-09-29 14:12:57.9196	rhythm
501	1	81	/wiki_categories/	База знаний	0.19	3	2022-09-29 14:13:04.334226	rhythm
502	1	1	/	Главная страница	0.19	2	2022-09-29 14:13:05.507952	rhythm
503	1	13	/history/	История просмотров	0.27	17	2022-09-29 14:13:21.432286	rhythm
504	2	1	/	Главная страница	0.19	6	2022-09-29 14:29:34.523603	rhythm
505	2	1	/	Главная страница	0.19	8	2022-09-29 14:29:42.379424	rhythm
506	2	10	/info/	Информация	0.29	7	2022-09-29 14:29:48.117363	rhythm
507	2	1	/	Главная страница	0.19	3	2022-09-29 14:29:50.838576	rhythm
508	2	1	/	Главная страница	0.19	6	2022-09-29 14:29:56.373243	rhythm
509	2	1	/	Главная страница	0.19	4	2022-09-29 14:30:00.112147	rhythm
510	2	1	/	Главная страница	0.19	6	2022-09-29 14:30:06.499149	rhythm
511	2	13	/history/	История просмотров	0.39	7	2022-09-29 14:30:12.619658	rhythm
512	2	1	/	Главная страница	0.19	32	2022-09-29 14:59:37.061127	rhythm
513	2	10	/info/	Информация	0.19	57	2022-09-29 15:00:33.358709	rhythm
514	2	10	/info/	Информация	0.19	6	2022-09-29 15:00:39.679946	rhythm
515	2	10	/info/	Информация	0.19	121	2022-09-29 15:33:59.413974	rhythm
516	2	6	/login/	Вход	0.19	51	2022-09-29 18:22:51.642967	rhythm
517	2	14	/cookie_users_list/	Статистика сайта	0.27	62	2022-09-29 19:56:42.467788	rhythm
518	2	6	/login/	Вход	0.19	115	2022-09-30 10:08:38.360228	rhythm
519	2	0	/serve_list/	Список опций и услуг	0.19	130	2022-09-30 10:09:14.688174	rhythm
520	12	14	/cookie_users_list/	Статистика сайта	0.2	2	2022-09-30 11:04:50.93936	rhythm
521	12	14	/cookie_users_list/	Статистика сайта	0.2	8	2022-09-30 11:04:59.12244	rhythm
522	12	1	/	Главная страница	0.2	5	2022-09-30 11:05:02.969792	rhythm
523	12	13	/history/	История просмотров	0.2	23	2022-09-30 11:05:24.914288	rhythm
524	12	1	/	Главная страница	0.2	2	2022-09-30 11:05:26.392999	rhythm
525	12	10	/info/	Информация	0.29	5	2022-09-30 11:05:30.127649	rhythm
526	12	14	/cookie_users_list/	Статистика сайта	0.2	12	2022-09-30 11:05:41.071081	rhythm
527	12	21	/search/	Общий поиск | начало	0.2	13	2022-09-30 11:05:53.429712	rhythm
528	12	31	/tags/	Теги	0.2	3	2022-09-30 11:05:55.44854	rhythm
529	12	32	/tag/%D0%92%D0%B5%D0%B1-%D1%80%D0%B0%D0%B7%D1%80%D0%B0%D0%B1%D0%BE%D1%82%D0%BA%D0%B0/	Тег Веб-разработка	0.2	3	2022-09-30 11:05:57.131751	rhythm
530	12	1	/	Главная страница	0.2	3	2022-09-30 11:05:59.267479	rhythm
531	12	61	/service_categories/	Услуги	0.5	20	2022-09-30 11:06:43.400695	rhythm
532	12	62	/services/all-services/	Категория услуг Все услуги	0.2	6	2022-09-30 11:06:48.833124	rhythm
533	12	62	/services/all-services/	Категория услуг Все услуги	0.2	3	2022-09-30 11:06:50.38311	rhythm
534	12	1	/	Главная страница	0.2	4	2022-09-30 11:06:53.374478	rhythm
535	12	13	/history/	История просмотров	0.2	2	2022-09-30 11:07:15.363986	rhythm
536	12	1	/	Главная страница	0.2	3	2022-09-30 11:07:17.559142	rhythm
537	12	21	/search/	Общий поиск | начало	0.2	4	2022-09-30 11:07:20.083377	rhythm
538	2	14	/cookie_users_list/	Статистика сайта	0.19	129	2022-09-30 14:15:03.652374	rhythm
539	2	9	/helps/stages_of_project_creation/	Категория помощи 'Этапы создания проектов'	0.39	891	2022-09-30 15:50:00.134726	rhythm
540	11	1	/	Главная страница	0.17	121	2022-10-01 00:15:18.566936	rhythm
541	2	14	/cookie_users_list/	Статистика сайта	0.19	152	2022-10-01 10:13:11.707153	rhythm
542	2	1	/	Главная страница	0.19	3	2022-10-01 10:13:15.092173	rhythm
543	1	13	/history/	История просмотров	0.56	164	2022-10-01 12:37:46.550953	rhythm
544	1	1	/	Главная страница	0.73	648	2022-10-01 12:55:06.327761	rhythm
545	1	13	/history/	История просмотров	0.3	121	2022-10-01 16:39:30.244101	rhythm
546	1	13	/history/	История просмотров	0.19	12	2022-10-01 16:39:42.459452	rhythm
547	1	13	/history/	История просмотров	0.19	15	2022-10-01 16:39:56.873213	rhythm
548	1	1	/	Главная страница	0.19	5	2022-10-01 16:40:01.088067	rhythm
549	1	13	/history/	История просмотров	0.24	10	2022-10-01 16:40:10.55241	rhythm
550	1	1	/	Главная страница	0.19	8	2022-10-01 16:40:17.31837	rhythm
551	1	13	/history/	История просмотров	0.19	121	2022-10-01 16:48:24.179628	rhythm
552	1	13	/history/	История просмотров	0.19	14	2022-10-01 16:48:37.756531	rhythm
553	1	1	/	Главная страница	0.19	5	2022-10-01 16:54:20.275161	rhythm
554	1	1	/	Главная страница	0.19	30	2022-10-01 16:54:50.176781	rhythm
555	1	1	/	Главная страница	0.19	3	2022-10-01 16:54:52.72441	rhythm
556	1	1	/	Главная страница	0.19	34	2022-10-01 16:55:26.21973	rhythm
557	1	1	/	Главная страница	0.19	2	2022-10-01 16:55:27.669293	rhythm
558	2	1	/	Главная страница	0.19	11	2022-10-01 17:11:21.653289	rhythm
559	2	1	/	Главная страница	0.19	121	2022-10-01 17:19:10.509193	rhythm
560	2	1	/	Главная страница	0.19	6	2022-10-01 17:19:16.200268	rhythm
561	2	1	/	Главная страница	0.19	49	2022-10-01 17:20:05.381622	rhythm
562	2	1	/	Главная страница	0.19	121	2022-10-01 17:47:32.961124	rhythm
563	11	1	/	Главная страница	0.17	121	2022-10-01 23:01:09.355306	rhythm
564	2	1	/	Главная страница	0.19	19	2022-10-02 08:14:31.195463	rhythm
565	2	1	/	Главная страница	0.47	7	2022-10-02 09:33:51.036246	rhythm
566	2	91	/work_categories/	Работы	0.27	4	2022-10-02 09:33:54.567033	rhythm
567	2	92	/works/all-works/	Категория работ Все работы	0.3	8	2022-10-02 09:34:00.927796	rhythm
568	2	71	/store_categories/	Товары	0.19	5	2022-10-02 09:34:05.571712	rhythm
569	2	81	/wiki_categories/	База знаний	0.19	3	2022-10-02 09:34:06.718691	rhythm
570	2	82	/wikis/all-wikis/	Категория обучалки Все статьи	0.19	3	2022-10-02 09:34:09.652868	rhythm
571	2	41	/blog_categories/	Блог	0.19	4	2022-10-02 09:34:12.586049	rhythm
572	2	42	/blogs/all-articles/	Категория блога Все статьи	0.19	5	2022-10-02 09:34:16.238516	rhythm
573	2	31	/tags/	Теги	0.19	3	2022-10-02 09:34:18.512625	rhythm
574	2	10	/info/	Информация	0.19	3	2022-10-02 09:34:20.578628	rhythm
575	2	9	/helps/how_to_order_a_project/	Категория помощи 'Как заказать проект'	0.38	8	2022-10-02 09:34:27.341309	rhythm
576	2	32	/tag/%D0%92%D0%B5%D0%B1-%D1%80%D0%B0%D0%B7%D1%80%D0%B0%D0%B1%D0%BE%D1%82%D0%BA%D0%B0/	Тег Веб-разработка	0.19	3	2022-10-02 09:34:29.038292	rhythm
577	1	1	/	Главная страница	0.19	121	2022-10-02 09:41:57.489395	rhythm
578	1	1	/	Главная страница	0.19	121	2022-10-02 09:52:02.553385	rhythm
579	2	1	/	Главная страница	0.19	13	2022-10-02 11:18:36.970207	rhythm
580	2	1	/	Главная страница	0.19	64	2022-10-02 11:51:54.673245	rhythm
581	2	1	/	Главная страница	0.19	121	2022-10-02 12:15:34.57771	rhythm
582	2	1	/	Главная страница	0.19	4	2022-10-02 13:34:27.43791	rhythm
583	2	1	/	Главная страница	0.19	4	2022-10-02 14:11:17.998863	rhythm
616	2	1	/	Главная страница	0.19	121	2022-10-02 14:58:04.871735	rhythm
617	2	10	/info/	Информация	0.25	2	2022-10-02 14:58:07.550725	rhythm
618	1	1	/	Главная страница	0.19	5	2022-10-02 15:00:11.540187	rhythm
619	1	1	/	Главная страница	0.19	3	2022-10-02 15:02:53.901	rhythm
620	1	1	/	Главная страница	0.19	3	2022-10-02 15:02:57.275992	rhythm
621	1	81	/wiki_categories/	База знаний	0.19	12	2022-10-02 15:03:08.093036	rhythm
622	1	1	/	Главная страница	0.19	8	2022-10-02 15:14:21.43542	rhythm
623	1	10	/info/	Информация	0.19	10	2022-10-02 15:14:30.052211	rhythm
624	1	31	/tags/	Теги	0.19	12	2022-10-02 15:14:41.466362	rhythm
625	1	1	/	Главная страница	0.19	4	2022-10-02 15:16:11.51018	rhythm
626	1	13	/history/	История просмотров	0.38	43	2022-10-02 15:16:52.980495	rhythm
627	1	6	/login/	Вход	0.19	21	2022-10-02 15:17:13.779448	rhythm
628	1	6	/login/	Вход	0.19	5	2022-10-02 15:17:18.295195	rhythm
629	1	6	/login/	Вход	0.19	1	2022-10-02 15:17:18.678411	rhythm
630	27	6	/login/	Вход	0.19	1	2022-10-02 15:17:19.174155	rhythm
632	1	6	/login/	Вход	0.19	4	2022-10-02 15:17:23.202561	rhythm
633	1	1	/	Главная страница	0.19	40	2022-10-02 15:18:02.250232	rhythm
634	1	1	/	Главная страница	0.19	5	2022-10-02 15:18:07.023457	rhythm
635	1	10	/info/	Информация	0.19	121	2022-10-02 15:21:20.486768	rhythm
636	1	10	/info/	Информация	0.19	103	2022-10-02 15:23:03.584284	rhythm
637	1	10	/info/	Информация	0.19	4	2022-10-02 15:23:07.200251	rhythm
638	1	10	/info/	Информация	0.19	4	2022-10-02 15:23:11.295797	rhythm
639	1	10	/info/	Информация	0.19	13	2022-10-02 15:23:23.982303	rhythm
640	29	10	/info/	Информация	0.19	1	2022-10-02 15:23:24.415849	rhythm
641	30	10	/info/	Информация	0.19	1	2022-10-02 15:23:24.724519	rhythm
642	1	10	/info/	Информация	0.19	14	2022-10-02 15:23:39.113234	rhythm
643	1	14	/cookie_users_list/	Статистика сайта	0.19	121	2022-10-02 15:26:49.752989	rhythm
644	1	14	/cookie_users_list/	Статистика сайта	0.19	13	2022-10-02 15:27:02.995048	rhythm
645	1	14	/cookie_users_list/	Статистика сайта	0.19	6	2022-10-02 15:27:09.415376	rhythm
646	1	61	/service_categories/	Услуги	0.19	10	2022-10-02 15:27:18.215563	rhythm
647	1	1	/	Главная страница	0.19	75	2022-10-02 15:28:32.060386	rhythm
648	1	1	/	Главная страница	0.19	12	2022-10-02 15:28:43.637499	rhythm
649	1	1	/	Главная страница	0.19	4	2022-10-02 15:28:47.275706	rhythm
650	1	13	/history/	История просмотров	0.19	71	2022-10-02 15:31:00.825034	rhythm
651	1	13	/history/	История просмотров	0.19	13	2022-10-02 15:31:13.375488	rhythm
652	1	13	/history/	История просмотров	0.19	5	2022-10-02 15:31:18.723507	rhythm
653	1	91	/work_categories/	Работы	0.19	15	2022-10-02 15:31:32.440217	rhythm
654	1	91	/work_categories/	Работы	0.19	111	2022-10-02 15:33:23.85123	rhythm
655	1	91	/work_categories/	Работы	0.19	39	2022-10-02 15:34:03.206063	rhythm
656	1	91	/work_categories/	Работы	0.19	7	2022-10-02 15:34:10.429676	rhythm
657	2	1	/	Главная страница	0.19	24	2022-10-02 15:38:17.386937	rhythm
658	2	71	/store_categories/	Товары	0.19	6	2022-10-02 15:38:22.591696	rhythm
659	2	71	/store_categories/	Товары	0.19	27	2022-10-02 15:38:49.247891	rhythm
660	2	71	/store_categories/	Товары	0.19	6	2022-10-02 15:38:54.796259	rhythm
661	2	71	/store_categories/	Товары	0.19	2	2022-10-02 15:38:56.804087	rhythm
662	2	71	/store_categories/	Товары	0.19	1	2022-10-02 15:38:57.61988	rhythm
663	2	71	/store_categories/	Товары	0.19	1	2022-10-02 15:38:58.267059	rhythm
664	2	71	/store_categories/	Товары	0.19	1	2022-10-02 15:38:58.95182	rhythm
665	2	71	/store_categories/	Товары	0.19	8	2022-10-02 15:39:06.995831	rhythm
666	2	71	/store_categories/	Товары	0.19	60	2022-10-02 15:40:07.160151	rhythm
667	2	71	/store_categories/	Товары	0.19	121	2022-10-02 15:46:11.634914	rhythm
668	2	71	/store_categories/	Товары	0.19	121	2022-10-02 15:46:28.108404	rhythm
669	2	71	/store_categories/	Товары	0.19	1	2022-10-02 15:46:28.926106	rhythm
670	1	1	/	Главная страница	0.19	121	2022-10-02 15:48:03.963799	rhythm
671	2	71	/store_categories/	Товары	0.19	103	2022-10-02 15:48:11.517178	rhythm
672	2	71	/store_categories/	Товары	0.19	17	2022-10-02 15:48:28.744273	rhythm
673	1	1	/	Главная страница	0.19	121	2022-10-02 15:53:07.161734	rhythm
674	1	1	/	Главная страница	0.19	19	2022-10-02 15:53:25.645571	rhythm
675	1	10	/info/	Информация	0.19	47	2022-10-02 15:54:12.628361	rhythm
676	1	10	/info/	Информация	0.19	121	2022-10-02 15:57:01.376446	rhythm
677	1	10	/info/	Информация	0.19	48	2022-10-02 15:57:49.073726	rhythm
678	1	10	/info/	Информация	0.19	86	2022-10-02 15:59:14.876743	rhythm
679	1	10	/info/	Информация	0.19	25	2022-10-02 15:59:39.428813	rhythm
680	1	10	/info/	Информация	0.19	30	2022-10-02 16:00:09.431499	rhythm
681	31	1	/	Главная страница	0.19	68	2022-10-02 16:00:13.096578	rhythm
682	31	1	/	Главная страница	0.19	6	2022-10-02 16:00:19.056315	rhythm
683	31	1	/	Главная страница	0.19	121	2022-10-02 16:12:38.264807	rhythm
684	31	1	/	Главная страница	0.19	3	2022-10-02 16:12:41.122902	rhythm
685	31	41	/blog_categories/	Блог	0.19	16	2022-10-02 16:12:56.565301	rhythm
686	2	41	/blog_categories/	Блог	0.19	5	2022-10-02 16:13:01.84715	rhythm
687	2	41	/blog_categories/	Блог	0.19	121	2022-10-02 16:20:26.344547	rhythm
688	2	41	/blog_categories/	Блог	0.19	12	2022-10-02 16:20:38.120413	rhythm
689	2	41	/blog_categories/	Блог	0.19	1	2022-10-02 16:20:39.49301	rhythm
690	2	41	/blog_categories/	Блог	0.19	121	2022-10-02 16:27:26.81202	rhythm
691	2	41	/blog_categories/	Блог	0.19	73	2022-10-02 16:28:39.786552	rhythm
692	2	41	/blog_categories/	Блог	0.19	13	2022-10-02 16:28:52.816572	rhythm
693	2	41	/blog_categories/	Блог	0.19	11	2022-10-02 16:29:03.43983	rhythm
694	2	41	/blog_categories/	Блог	0.19	121	2022-10-02 16:32:42.900916	rhythm
695	2	41	/blog_categories/	Блог	0.19	1	2022-10-02 16:32:43.970629	rhythm
696	2	41	/blog_categories/	Блог	0.19	42	2022-10-02 16:33:25.604064	rhythm
697	2	41	/blog_categories/	Блог	0.19	16	2022-10-02 16:33:41.352445	rhythm
698	2	41	/blog_categories/	Блог	0.19	121	2022-10-02 16:37:20.930123	rhythm
699	2	41	/blog_categories/	Блог	0.19	7	2022-10-02 16:37:27.891911	rhythm
700	2	41	/blog_categories/	Блог	0.19	9	2022-10-02 16:37:36.734029	rhythm
701	2	41	/blog_categories/	Блог	0.19	45	2022-10-02 16:38:21.492165	rhythm
702	2	41	/blog_categories/	Блог	0.19	8	2022-10-02 16:38:29.558453	rhythm
703	2	41	/blog_categories/	Блог	0.19	31	2022-10-02 16:39:00.714611	rhythm
704	2	41	/blog_categories/	Блог	0.19	24	2022-10-02 16:39:24.280376	rhythm
705	2	41	/blog_categories/	Блог	0.19	121	2022-10-02 16:41:48.193646	rhythm
706	2	41	/blog_categories/	Блог	0.19	23	2022-10-02 16:42:11.365769	rhythm
707	2	41	/blog_categories/	Блог	0.19	12	2022-10-02 16:42:23.268168	rhythm
708	2	41	/blog_categories/	Блог	0.19	20	2022-10-02 16:42:42.77629	rhythm
709	2	41	/blog_categories/	Блог	0.19	46	2022-10-02 16:43:28.462296	rhythm
710	2	41	/blog_categories/	Блог	0.19	17	2022-10-02 16:43:45.42761	rhythm
711	2	41	/blog_categories/	Блог	0.19	17	2022-10-02 16:44:02.355571	rhythm
712	2	41	/blog_categories/	Блог	0.19	49	2022-10-02 16:44:50.894932	rhythm
713	2	41	/blog_categories/	Блог	0.19	39	2022-10-02 16:45:30.138677	rhythm
714	2	41	/blog_categories/	Блог	0.19	75	2022-10-02 16:46:44.6784	rhythm
715	2	41	/blog_categories/	Блог	0.19	9	2022-10-02 16:46:53.456182	rhythm
716	2	41	/blog_categories/	Блог	0.19	29	2022-10-02 16:47:22.194443	rhythm
717	2	41	/blog_categories/	Блог	0.19	89	2022-10-02 16:48:50.655274	rhythm
718	2	41	/blog_categories/	Блог	0.19	121	2022-10-02 16:52:07.259002	rhythm
719	2	10	/info/	Информация	0.19	1	2022-10-02 16:52:10.105458	rhythm
720	2	10	/info/	Информация	0.19	37	2022-10-02 16:52:47.438407	rhythm
721	2	10	/info/	Информация	0.19	90	2022-10-02 16:54:17.062831	rhythm
722	2	14	/cookie_users_list/	Статистика сайта	0.19	4	2022-10-02 16:54:19.816601	rhythm
723	2	14	/cookie_users_list/	Статистика сайта	0.19	19	2022-10-02 16:54:38.569756	rhythm
724	2	1	/	Главная страница	0.19	33	2022-10-02 16:59:28.255873	rhythm
725	2	1	/	Главная страница	0.19	116	2022-10-02 17:01:24.28721	rhythm
726	2	1	/	Главная страница	0.19	121	2022-10-02 17:03:26.63006	rhythm
727	2	13	/history/	История просмотров	0.19	1	2022-10-02 17:03:29.299742	rhythm
728	2	1	/	Главная страница	0.19	1	2022-10-02 17:03:30.917798	rhythm
729	2	10	/info/	Информация	0.19	1	2022-10-02 17:03:32.010355	rhythm
730	2	14	/cookie_users_list/	Статистика сайта	0.19	1	2022-10-02 17:03:46.263455	rhythm
731	2	1	/	Главная страница	0.38	55	2022-10-02 17:04:41.847609	rhythm
732	2	1	/	Главная страница	0.19	7	2022-10-02 17:04:48.330204	rhythm
733	2	1	/	Главная страница	0.19	102	2022-10-02 17:06:30.718825	rhythm
734	2	1	/	Главная страница	0.19	25	2022-10-02 17:07:14.449616	rhythm
735	2	1	/	Главная страница	0.19	12	2022-10-02 17:07:26.61242	rhythm
736	2	1	/	Главная страница	0.19	32	2022-10-02 17:08:22.159007	rhythm
737	2	1	/	Главная страница	0.19	4	2022-10-02 17:08:26.058743	rhythm
738	2	1	/	Главная страница	0.19	46	2022-10-02 17:09:12.014113	rhythm
739	2	1	/	Главная страница	0.19	9	2022-10-02 17:09:21.175774	rhythm
740	2	1	/	Главная страница	0.19	74	2022-10-02 17:10:35.694414	rhythm
741	2	1	/	Главная страница	0.19	32	2022-10-02 17:11:07.279367	rhythm
742	2	1	/	Главная страница	0.19	121	2022-10-02 17:13:39.786931	rhythm
743	2	1	/	Главная страница	0.19	94	2022-10-02 17:16:41.876744	rhythm
744	2	1	/	Главная страница	0.19	9	2022-10-02 17:16:51.19086	rhythm
745	2	1	/	Главная страница	0.19	121	2022-10-02 17:35:13.811025	rhythm
746	2	1	/	Главная страница	0.19	121	2022-10-02 17:39:54.762631	rhythm
747	2	1	/	Главная страница	0.19	13	2022-10-02 17:40:07.394771	rhythm
748	2	1	/	Главная страница	0.19	3	2022-10-02 17:40:10.376573	rhythm
749	2	1	/	Главная страница	0.19	21	2022-10-02 17:40:30.786704	rhythm
750	2	1	/	Главная страница	0.19	3	2022-10-02 17:40:33.388989	rhythm
751	2	1	/	Главная страница	0.19	121	2022-10-02 18:31:04.000197	rhythm
752	2	1	/	Главная страница	0.19	121	2022-10-02 18:34:43.363488	rhythm
753	2	1	/	Главная страница	0.19	121	2022-10-02 18:40:09.10156	rhythm
754	2	1	/	Главная страница	0.19	2	2022-10-02 18:40:11.309597	rhythm
755	1	1	/	Главная страница	0.19	104	2022-10-02 18:42:03.698366	rhythm
756	1	1	/	Главная страница	0.19	34	2022-10-02 18:42:37.721041	rhythm
757	1	1	/	Главная страница	0.19	76	2022-10-02 18:43:56.2389	rhythm
758	2	1	/	Главная страница	0.19	10	2022-10-02 18:44:47.766155	rhythm
759	1	1	/	Главная страница	0.19	106	2022-10-02 18:45:42.269535	rhythm
760	1	1	/	Главная страница	0.19	5	2022-10-02 18:45:47.034414	rhythm
761	1	1	/	Главная страница	0.19	62	2022-10-02 18:46:51.487274	rhythm
762	1	1	/	Главная страница	0.19	6	2022-10-02 18:46:57.855766	rhythm
763	2	1	/	Главная страница	0.19	121	2022-10-02 18:50:40.962252	rhythm
764	2	1	/	Главная страница	0.19	84	2022-10-02 18:52:05.248148	rhythm
765	2	1	/	Главная страница	0.19	36	2022-10-02 18:52:40.891593	rhythm
766	1	1	/	Главная страница	0.19	121	2022-10-02 18:52:44.158065	rhythm
767	1	1	/	Главная страница	0.19	121	2022-10-02 19:07:52.991059	rhythm
768	1	13	/history/	История просмотров	0.19	1	2022-10-02 19:08:06.29134	rhythm
769	1	12	/user_orders/	Ваши заказы	0.19	1	2022-10-02 19:08:11.053358	rhythm
770	2	1	/	Главная страница	0.19	121	2022-10-02 20:45:21.001151	rhythm
771	2	1	/	Главная страница	0.19	16	2022-10-02 20:45:36.592509	rhythm
772	2	1	/	Главная страница	0.19	20	2022-10-02 20:45:56.948656	rhythm
773	2	1	/	Главная страница	0.19	120	2022-10-03 07:13:48.494814	rhythm
774	2	13	/history/	История просмотров	0.19	2	2022-10-03 07:13:50.068721	rhythm
775	2	1	/	Главная страница	0.19	2	2022-10-03 07:13:50.966169	rhythm
776	2	10	/info/	Информация	0.25	4	2022-10-03 07:13:53.485517	rhythm
777	2	14	/cookie_users_list/	Статистика сайта	0.19	7	2022-10-03 07:13:59.889635	rhythm
778	2	1	/	Главная страница	0.53	24	2022-10-03 07:14:23.328577	rhythm
779	2	1	/	Главная страница	0.19	121	2022-10-03 07:19:07.807742	rhythm
780	2	1	/	Главная страница	0.19	30	2022-10-03 07:19:37.625675	rhythm
781	2	1	/	Главная страница	0.19	10	2022-10-03 07:19:47.678629	rhythm
782	2	1	/	Главная страница	0.19	9	2022-10-03 07:19:56.403603	rhythm
783	2	1	/	Главная страница	0.19	4	2022-10-03 07:20:00.064642	rhythm
784	2	1	/	Главная страница	0.19	54	2022-10-03 07:20:53.999892	rhythm
785	2	1	/	Главная страница	0.19	6	2022-10-03 07:26:34.911919	rhythm
786	2	1	/	Главная страница	0.19	37	2022-10-03 07:27:11.561281	rhythm
787	2	1	/	Главная страница	0.19	18	2022-10-03 07:27:29.021535	rhythm
788	2	1	/	Главная страница	0.19	29	2022-10-03 07:27:58.213056	rhythm
789	2	1	/	Главная страница	0.19	6	2022-10-03 07:28:04.237848	rhythm
790	2	1	/	Главная страница	0.19	121	2022-10-03 07:31:34.402714	rhythm
791	2	1	/	Главная страница	0.19	18	2022-10-03 07:31:51.836197	rhythm
792	2	1	/	Главная страница	0.19	21	2022-10-03 07:32:12.365165	rhythm
793	2	1	/	Главная страница	0.19	5	2022-10-03 07:32:16.948697	rhythm
794	2	1	/	Главная страница	0.19	6	2022-10-03 07:32:23.00826	rhythm
795	2	1	/	Главная страница	0.19	74	2022-10-03 07:33:36.715954	rhythm
796	2	1	/	Главная страница	0.19	10	2022-10-03 07:33:46.438445	rhythm
797	2	1	/	Главная страница	0.19	121	2022-10-03 07:35:49.635058	rhythm
798	2	1	/	Главная страница	0.19	121	2022-10-03 07:53:40.859463	rhythm
799	2	1	/	Главная страница	0.19	121	2022-10-03 07:59:55.022117	rhythm
800	1	1	/	Главная страница	0.19	47	2022-10-03 08:00:56.761749	rhythm
801	1	1	/	Главная страница	0.19	9	2022-10-03 08:01:05.615474	rhythm
802	1	1	/	Главная страница	0.19	12	2022-10-03 08:01:17.415183	rhythm
803	1	1	/	Главная страница	0.19	5	2022-10-03 08:01:22.765527	rhythm
804	2	1	/	Главная страница	0.19	93	2022-10-03 08:01:27.770989	rhythm
805	2	1	/	Главная страница	0.19	5	2022-10-03 08:01:32.370739	rhythm
806	2	1	/	Главная страница	0.19	5	2022-10-03 08:01:37.811895	rhythm
807	2	1	/	Главная страница	0.19	73	2022-10-03 08:02:51.133715	rhythm
808	2	1	/	Главная страница	0.19	121	2022-10-03 08:09:59.51374	rhythm
809	2	1	/	Главная страница	0.19	34	2022-10-03 08:10:33.157105	rhythm
810	1	1	/	Главная страница	0.19	17	2022-10-03 08:10:39.449361	rhythm
811	1	6	/login/	Вход	0.19	19	2022-10-03 08:10:56.585434	rhythm
812	1	1	/	Главная страница	0.19	10	2022-10-03 08:11:06.109198	rhythm
813	1	1	/	Главная страница	0.19	57	2022-10-03 08:12:03.166858	rhythm
814	35	10	/info/	Информация	0.26	4	2022-10-03 08:22:21.560697	rhythm
815	1	10	/info/	Информация	0.19	121	2022-10-03 08:40:37.072501	rhythm
816	1	1	/	Главная страница	0.19	9	2022-10-03 08:40:45.026198	rhythm
817	1	1	/	Главная страница	0.19	121	2022-10-03 08:42:50.547488	rhythm
818	1	1	/	Главная страница	0.19	11	2022-10-03 08:43:01.109052	rhythm
819	1	13	/history/	История просмотров	0.19	6	2022-10-03 08:43:06.039342	rhythm
820	1	1	/	Главная страница	0.19	121	2022-10-03 08:48:18.249598	rhythm
821	1	1	/	Главная страница	0.19	4	2022-10-03 08:48:22.391831	rhythm
822	1	13	/history/	История просмотров	0.19	6	2022-10-03 08:48:27.601183	rhythm
823	1	1	/	Главная страница	0.19	10	2022-10-03 08:48:36.559272	rhythm
824	1	13	/history/	История просмотров	0.19	7	2022-10-03 08:48:41.875577	rhythm
825	1	1	/	Главная страница	0.19	32	2022-10-03 08:49:12.749013	rhythm
826	1	1	/	Главная страница	0.19	4	2022-10-03 08:49:17.062435	rhythm
827	1	6	/login/	Вход	0.19	6	2022-10-03 08:49:21.618106	rhythm
828	1	1	/	Главная страница	0.19	77	2022-10-03 08:50:37.928857	rhythm
829	1	1	/	Главная страница	0.19	5	2022-10-03 08:50:42.347469	rhythm
830	1	6	/login/	Вход	0.19	5	2022-10-03 08:50:46.799459	rhythm
831	1	1	/	Главная страница	0.19	55	2022-10-03 08:51:45.527923	rhythm
832	1	1	/	Главная страница	0.19	7	2022-10-03 08:53:36.549813	rhythm
833	1	6	/login/	Вход	0.19	4	2022-10-03 08:53:40.435082	rhythm
834	1	1	/	Главная страница	0.19	71	2022-10-03 08:54:49.606528	rhythm
835	1	1	/	Главная страница	0.19	2	2022-10-03 08:54:52.040656	rhythm
836	1	6	/login/	Вход	0.19	11	2022-10-03 08:55:02.151195	rhythm
837	1	1	/	Главная страница	0.19	2	2022-10-03 08:55:02.207609	rhythm
838	1	1	/	Главная страница	0.19	8	2022-10-03 08:55:09.712008	rhythm
839	1	1	/	Главная страница	0.19	3	2022-10-03 08:55:12.875389	rhythm
840	1	10	/info/	Информация	0.19	4	2022-10-03 08:55:15.498359	rhythm
841	1	1	/	Главная страница	0.19	57	2022-10-03 08:56:11.937497	rhythm
842	1	1	/	Главная страница	0.19	3	2022-10-03 08:56:15.167563	rhythm
843	1	10	/info/	Информация	0.19	5	2022-10-03 08:56:18.731305	rhythm
844	1	1	/	Главная страница	0.19	17	2022-10-03 08:56:34.431322	rhythm
845	1	1	/	Главная страница	0.19	3	2022-10-03 08:56:37.533799	rhythm
846	1	1	/	Главная страница	0.19	121	2022-10-03 09:00:35.723858	rhythm
847	1	1	/	Главная страница	0.19	4	2022-10-03 09:01:19.192321	rhythm
848	1	1	/	Главная страница	0.19	100	2022-10-03 09:02:58.597337	rhythm
849	1	1	/	Главная страница	0.19	2	2022-10-03 09:03:00.818262	rhythm
850	1	1	/	Главная страница	0.19	121	2022-10-03 09:24:35.583983	rhythm
851	1	1	/	Главная страница	0.19	4	2022-10-03 09:24:39.846397	rhythm
852	1	1	/	Главная страница	0.19	116	2022-10-03 09:26:34.177597	rhythm
853	1	1	/	Главная страница	0.19	3	2022-10-03 09:26:37.025357	rhythm
854	1	1	/	Главная страница	0.19	14	2022-10-03 09:26:50.29662	rhythm
855	1	1	/	Главная страница	0.19	121	2022-10-03 09:29:47.348433	rhythm
856	1	1	/	Главная страница	0.19	15	2022-10-03 09:30:00.807812	rhythm
857	1	1	/	Главная страница	0.19	81	2022-10-03 09:31:20.686784	rhythm
858	1	1	/	Главная страница	0.19	8	2022-10-03 09:31:27.988208	rhythm
859	1	1	/	Главная страница	0.19	121	2022-10-03 09:33:57.128676	rhythm
860	1	1	/	Главная страница	0.19	6	2022-10-03 09:34:03.069594	rhythm
861	2	1	/	Главная страница	0.19	4	2022-10-03 10:21:24.564746	rhythm
862	2	13	/history/	История просмотров	1.07	15	2022-10-03 10:21:38.318393	rhythm
863	2	1	/	Главная страница	0.19	21	2022-10-03 10:21:58.11993	rhythm
864	2	1	/	Главная страница	0.19	4	2022-10-03 10:22:01.488449	rhythm
865	2	61	/service_categories/	Услуги	0.19	5	2022-10-03 10:22:05.177997	rhythm
866	2	1	/	Главная страница	0.19	6	2022-10-03 10:22:09.770564	rhythm
867	2	1	/	Главная страница	0.19	6	2022-10-03 10:22:15.266561	rhythm
868	2	1	/	Главная страница	0.19	121	2022-10-03 10:47:25.556587	rhythm
869	1	1	/	Главная страница	0.19	121	2022-10-03 10:47:27.851906	rhythm
870	1	1	/	Главная страница	0.19	121	2022-10-03 11:16:16.327302	rhythm
871	1	1	/	Главная страница	0.19	5	2022-10-03 11:16:21.256939	rhythm
872	1	1	/	Главная страница	0.19	12	2022-10-03 11:16:31.929129	rhythm
873	1	1	/	Главная страница	0.19	90	2022-10-03 11:18:00.894381	rhythm
874	1	1	/	Главная страница	0.19	2	2022-10-03 11:18:03.114495	rhythm
875	1	1	/	Главная страница	0.19	15	2022-10-03 11:18:16.538775	rhythm
876	1	1	/	Главная страница	0.19	3	2022-10-03 11:18:19.879864	rhythm
877	1	1	/	Главная страница	0.19	72	2022-10-03 11:19:30.338127	rhythm
878	1	1	/	Главная страница	0.19	3	2022-10-03 11:19:33.04814	rhythm
879	1	1	/	Главная страница	0.19	106	2022-10-03 11:21:18.348306	rhythm
880	1	1	/	Главная страница	0.19	4	2022-10-03 11:21:22.51318	rhythm
881	1	1	/	Главная страница	0.19	12	2022-10-03 11:21:33.481482	rhythm
882	1	1	/	Главная страница	0.19	4	2022-10-03 11:21:37.655146	rhythm
883	1	1	/	Главная страница	0.19	67	2022-10-03 11:22:43.991634	rhythm
884	1	6	/login/	Вход	0.19	7	2022-10-03 11:22:49.894669	rhythm
885	1	61	/service_categories/	Услуги	0.19	4	2022-10-03 11:22:52.755414	rhythm
886	1	1	/	Главная страница	0.19	8	2022-10-03 11:22:59.644947	rhythm
887	1	1	/	Главная страница	0.19	5	2022-10-03 11:23:03.185908	rhythm
888	1	6	/login/	Вход	0.19	4	2022-10-03 11:23:06.386256	rhythm
889	1	1	/	Главная страница	0.19	9	2022-10-03 11:23:14.247563	rhythm
890	1	1	/	Главная страница	0.19	63	2022-10-03 11:24:16.23353	rhythm
891	1	1	/	Главная страница	0.19	3	2022-10-03 11:24:19.403326	rhythm
892	1	1	/	Главная страница	0.19	60	2022-10-03 11:25:17.862531	rhythm
893	1	1	/	Главная страница	0.19	7	2022-10-03 11:25:24.623834	rhythm
894	1	1	/	Главная страница	0.19	9	2022-10-03 11:25:32.850473	rhythm
895	1	1	/	Главная страница	0.19	4	2022-10-03 11:25:36.682995	rhythm
896	1	1	/	Главная страница	0.19	6	2022-10-03 11:25:42.14085	rhythm
897	1	10	/info/	Информация	0.19	3	2022-10-03 11:25:43.870946	rhythm
898	36	1	/	Главная страница	0.2	7	2022-10-03 11:30:12.380912	rhythm
899	36	1	/	Главная страница	0.2	6	2022-10-03 11:30:18.169225	rhythm
900	36	1	/	Главная страница	0.2	5	2022-10-03 11:30:22.668273	rhythm
901	36	1	/	Главная страница	0.2	15	2022-10-03 11:30:36.52826	rhythm
902	36	1	/	Главная страница	0.2	6	2022-10-03 11:30:41.680897	rhythm
903	36	1	/	Главная страница	0.2	18	2022-10-03 11:30:58.181484	rhythm
904	36	1	/	Главная страница	0.2	9	2022-10-03 11:31:06.142849	rhythm
905	36	1	/	Главная страница	0.2	4	2022-10-03 11:31:09.463965	rhythm
906	36	1	/	Главная страница	0.2	3	2022-10-03 11:31:11.517544	rhythm
907	36	1	/	Главная страница	0.2	3	2022-10-03 11:31:13.353164	rhythm
908	1	1	/	Главная страница	0.19	121	2022-10-03 11:31:21.032365	rhythm
909	1	1	/	Главная страница	0.19	6	2022-10-03 11:31:26.658478	rhythm
910	1	1	/	Главная страница	0.18	4	2022-10-03 11:31:30.859012	rhythm
911	1	1	/	Главная страница	0.18	5	2022-10-03 11:31:34.579431	rhythm
912	1	1	/	Главная страница	0.18	60	2022-10-03 11:32:33.532348	rhythm
913	36	1	/	Главная страница	0.2	56	2022-10-03 11:32:59.382102	rhythm
914	36	1	/	Главная страница	0.2	10	2022-10-03 11:33:09.242085	rhythm
915	36	61	/service_categories/	Услуги	0.2	3	2022-10-03 11:33:10.923941	rhythm
916	36	1	/	Главная страница	0.2	3	2022-10-03 11:33:13.06999	rhythm
917	36	1	/	Главная страница	0.2	3	2022-10-03 11:33:14.50861	rhythm
918	36	1	/	Главная страница	0.2	1	2022-10-03 11:33:14.581717	rhythm
919	1	1	/	Главная страница	0.18	60	2022-10-03 11:33:32.381833	rhythm
920	36	1	/	Главная страница	0.2	19	2022-10-03 11:33:44.043603	rhythm
921	1	1	/	Главная страница	0.22	241	2022-10-03 12:25:47.725106	rhythm
922	1	1	/	Главная страница	0.19	5	2022-10-03 12:25:52.563726	rhythm
923	36	1	/	Главная страница	0.2	5	2022-10-03 12:26:27.201455	rhythm
924	36	1	/	Главная страница	0.2	4	2022-10-03 12:26:30.089922	rhythm
925	36	1	/	Главная страница	0.2	7	2022-10-03 12:26:36.933131	rhythm
926	36	1	/	Главная страница	0.2	35	2022-10-03 12:27:39.393128	rhythm
927	36	10	/info/	Информация	0.2	4	2022-10-03 12:27:42.554099	rhythm
928	36	1	/	Главная страница	0.21	7	2022-10-03 12:27:48.893485	rhythm
929	36	21	/search/	Общий поиск | начало	0.2	3	2022-10-03 12:27:50.879065	rhythm
930	36	1	/	Главная страница	0.2	3	2022-10-03 12:27:52.622101	rhythm
931	36	1	/	Главная страница	0.2	3	2022-10-03 12:27:54.626617	rhythm
932	1	1	/	Главная страница	0.19	121	2022-10-03 12:28:22.110122	rhythm
933	1	10	/info/	Информация	0.19	3	2022-10-03 12:28:23.484979	rhythm
934	1	14	/cookie_users_list/	Статистика сайта	0.4	19	2022-10-03 12:28:33.621888	rhythm
935	1	1	/	Главная страница	0.19	3	2022-10-03 12:28:34.576897	rhythm
936	1	1	/	Главная страница	0.19	2	2022-10-03 12:28:36.144307	rhythm
937	36	1	/	Главная страница	0.2	34	2022-10-03 12:28:50.493069	rhythm
938	36	21	/search/	Общий поиск | начало	0.2	5	2022-10-03 12:28:53.861524	rhythm
939	1	6	/login/	Вход	0.19	121	2022-10-03 12:32:55.419834	rhythm
940	1	1	/	Главная страница	0.19	121	2022-10-03 14:00:46.363253	rhythm
941	1	1	/	Главная страница	0.19	91	2022-10-03 14:02:17.578789	rhythm
942	1	13	/history/	История просмотров	0.19	3	2022-10-03 14:02:19.620148	rhythm
943	1	1	/	Главная страница	0.19	121	2022-10-03 15:11:26.612138	rhythm
944	2	1	/	Главная страница	0.19	4	2022-10-03 16:39:39.352401	rhythm
945	2	10	/info/	Информация	0.19	3	2022-10-03 16:39:40.536271	rhythm
946	2	14	/cookie_users_list/	Статистика сайта	0.19	24	2022-10-03 16:40:03.589267	rhythm
947	2	9	/helps/how_to_order_a_project/	Категория помощи 'Как заказать проект'	0.19	1	2022-10-03 16:40:03.848988	rhythm
948	2	9	/helps/what_do_we_know_abou_you/	Категория помощи 'Что мы о Вас знаем'	0.19	2	2022-10-03 16:40:05.08925	rhythm
949	2	9	/helps/how_to_order_a_project/	Категория помощи 'Как заказать проект'	0.19	2	2022-10-03 16:40:06.417535	rhythm
950	2	13	/history/	История просмотров	0.39	9	2022-10-03 16:40:14.358009	rhythm
951	2	12	/user_orders/	Ваши заказы	0.19	2	2022-10-03 16:40:15.34897	rhythm
952	2	13	/history/	История просмотров	0.19	121	2022-10-03 16:53:46.961813	rhythm
953	1	1	/	Главная страница	0.55	121	2022-10-03 17:02:45.607757	rhythm
954	1	13	/history/	История просмотров	0.54	4	2022-10-03 17:02:49.521548	rhythm
955	1	1	/	Главная страница	0.19	22	2022-10-03 17:03:10.525243	rhythm
956	1	10	/info/	Информация	0.19	13	2022-10-03 17:03:23.096388	rhythm
957	2	1	/	Главная страница	0.19	6	2022-10-03 18:26:30.101897	rhythm
958	1	1	/	Главная страница	0.19	2	2022-10-03 18:44:30.520899	rhythm
959	1	1	/	Главная страница	0.19	121	2022-10-03 20:52:41.020552	rhythm
960	1	1	/	Главная страница	0.19	121	2022-10-03 20:56:08.707389	rhythm
961	2	1	/	Главная страница	0.53	273	2022-10-04 09:56:48.163544	rhythm
962	2	1	/	Главная страница	0.19	145	2022-10-04 09:58:35.882559	rhythm
963	2	1	/	Главная страница	0.19	27	2022-10-04 09:58:51.294887	rhythm
964	2	1	/	Главная страница	0.19	144	2022-10-04 10:00:13.370932	rhythm
965	2	1	/	Главная страница	0.19	7	2022-10-04 10:00:20.84799	rhythm
966	1	1	/	Главная страница	0.19	127	2022-10-04 10:18:43.40096	rhythm
967	1	1	/	Главная страница	0.19	69	2022-10-04 10:19:08.916334	rhythm
968	1	1	/	Главная страница	0.19	184	2022-10-04 10:21:13.914141	rhythm
969	1	1	/	Главная страница	0.19	24	2022-10-04 10:21:28.338149	rhythm
970	1	1	/	Главная страница	0.19	137	2022-10-04 10:38:05.069734	rhythm
971	2	1	/	Главная страница	0.19	10	2022-10-04 10:57:03.475432	rhythm
972	1	1	/	Главная страница	0.19	123	2022-10-04 11:35:57.292625	rhythm
973	1	1	/	Главная страница	0.19	121	2022-10-04 11:38:12.910159	rhythm
974	1	1	/	Главная страница	0.19	10	2022-10-04 11:38:22.614759	rhythm
975	1	10	/info/	Информация	0.19	14	2022-10-04 11:38:31.193389	rhythm
976	1	1	/	Главная страница	0.19	63	2022-10-04 11:38:49.989322	rhythm
977	36	1	/	Главная страница	0.2	3	2022-10-04 11:41:23.563293	rhythm
978	36	1	/	Главная страница	0.2	6	2022-10-04 11:41:29.89175	rhythm
979	36	1	/	Главная страница	0.2	3	2022-10-04 11:41:31.677268	rhythm
980	36	1	/	Главная страница	0.2	16	2022-10-04 11:41:46.159486	rhythm
981	36	1	/	Главная страница	0.2	5	2022-10-04 11:41:51.002344	rhythm
982	36	1	/	Главная страница	0.2	11	2022-10-04 11:42:02.001496	rhythm
983	36	1	/	Главная страница	0.2	4	2022-10-04 11:42:05.059872	rhythm
984	36	1	/	Главная страница	0.2	13	2022-10-04 11:42:17.662566	rhythm
985	36	1	/	Главная страница	0.2	6	2022-10-04 11:42:24.117125	rhythm
986	1	1	/	Главная страница	0.19	137	2022-10-04 11:42:43.882876	rhythm
987	1	6	/login/	Вход	0.19	380	2022-10-04 11:59:14.217846	rhythm
988	1	1	/	Главная страница	0.19	8	2022-10-04 11:59:19.354995	rhythm
989	1	1	/	Главная страница	0.19	3	2022-10-04 11:59:22.343837	rhythm
990	1	1	/	Главная страница	0.19	2	2022-10-04 11:59:24.787591	rhythm
991	1	1	/	Главная страница	0.19	16	2022-10-04 11:59:33.630453	rhythm
992	1	13	/history/	История просмотров	0.3	257	2022-10-04 14:25:18.20853	rhythm
993	1	6	/login/	Вход	0.19	243	2022-10-04 14:26:08.678815	rhythm
994	1	6	/login/	Вход	0.19	4	2022-10-04 14:26:12.924415	rhythm
995	1	1	/	Главная страница	0.19	128	2022-10-04 14:29:22.592595	rhythm
996	1	1	/	Главная страница	0.19	25	2022-10-04 14:29:36.182074	rhythm
997	1	1	/	Главная страница	0.19	122	2022-10-04 14:30:54.825599	rhythm
998	1	1	/	Главная страница	0.19	124	2022-10-04 14:33:41.867405	rhythm
999	1	1	/	Главная страница	0.19	9	2022-10-04 14:33:50.948843	rhythm
1000	1	1	/	Главная страница	0.19	1	2022-10-04 14:35:30.262999	rhythm
1001	1	1	/	Главная страница	0.19	4	2022-10-04 14:35:35.620654	rhythm
1002	1	1	/	Главная страница	0.19	3	2022-10-04 14:35:38.809651	rhythm
1003	1	6	/login/	Вход	0.19	354	2022-10-04 14:40:01.406658	rhythm
1004	1	1	/	Главная страница	0.19	22	2022-10-04 14:40:15.296757	rhythm
1005	1	1	/	Главная страница	0.19	8	2022-10-04 14:40:23.432167	rhythm
1006	1	1	/	Главная страница	0.19	109	2022-10-04 14:42:18.177104	rhythm
1007	1	1	/	Главная страница	0.19	1	2022-10-04 14:42:18.702601	rhythm
1008	1	1	/	Главная страница	0.19	1	2022-10-04 14:42:19.277204	rhythm
1009	1	1	/	Главная страница	0.19	1	2022-10-04 14:42:19.796831	rhythm
1010	1	1	/	Главная страница	0.19	3	2022-10-04 14:42:22.532919	rhythm
1011	1	1	/	Главная страница	0.19	138	2022-10-04 14:43:05.24345	rhythm
1012	1	1	/	Главная страница	0.19	121	2022-10-04 14:48:57.865997	rhythm
1013	12	81	/wiki_categories/	База знаний	0.2	121	2022-10-04 14:51:55.175484	rhythm
1014	1	1	/	Главная страница	0.39	311	2022-10-04 14:52:04.283431	rhythm
1015	1	1	/	Главная страница	0.19	121	2022-10-04 14:52:08.257544	rhythm
1016	36	1	/	Главная страница	0.2	121	2022-10-04 14:52:25.109595	rhythm
1017	1	1	/	Главная страница	0.19	121	2022-10-04 15:05:08.63347	rhythm
1018	1	61	/service_categories/	Услуги	0.19	125	2022-10-04 15:53:45.848201	rhythm
1019	1	1	/	Главная страница	0.19	264	2022-10-04 15:53:49.916752	rhythm
1020	1	1	/	Главная страница	0.19	41	2022-10-04 15:54:12.255791	rhythm
1021	1	1	/	Главная страница	0.19	121	2022-10-04 17:36:04.22499	rhythm
1022	1	1	/	Главная страница	0.19	142	2022-10-04 17:36:31.718426	rhythm
1023	1	1	/	Главная страница	0.19	432	2022-10-04 17:39:41.344709	rhythm
1024	1	1	/	Главная страница	0.19	9	2022-10-04 17:39:50.65845	rhythm
1025	1	1	/	Главная страница	0.19	121	2022-10-04 17:39:52.761983	rhythm
1026	1	1	/	Главная страница	0.19	5	2022-10-04 17:39:55.957565	rhythm
1027	1	1	/	Главная страница	0.19	7	2022-10-04 17:40:03.288958	rhythm
1028	1	1	/	Главная страница	0.19	383	2022-10-04 17:41:44.845026	rhythm
1029	1	1	/	Главная страница	0.19	121	2022-10-04 17:44:23.793705	rhythm
1030	1	1	/	Главная страница	0.19	7	2022-10-04 17:44:31.085347	rhythm
1031	1	81	/wiki_categories/	База знаний	0.19	372	2022-10-04 17:59:07.916708	rhythm
1032	1	81	/wiki_categories/	База знаний	0.19	2	2022-10-04 17:59:09.462698	rhythm
1033	1	81	/wiki_categories/	База знаний	0.19	1	2022-10-04 17:59:10.284974	rhythm
1034	1	81	/wiki_categories/	База знаний	0.19	1	2022-10-04 17:59:10.999743	rhythm
1035	1	81	/wiki_categories/	База знаний	0.19	1	2022-10-04 17:59:11.687726	rhythm
1036	1	81	/wiki_categories/	База знаний	0.19	1	2022-10-04 17:59:12.37781	rhythm
1037	1	81	/wiki_categories/	База знаний	0.19	8	2022-10-04 17:59:19.845483	rhythm
1038	1	91	/work_categories/	Работы	0.19	96	2022-10-04 18:00:28.940772	rhythm
1039	1	91	/work_categories/	Работы	0.19	10	2022-10-04 18:00:38.282573	rhythm
1040	1	91	/work_categories/	Работы	0.24	22	2022-10-04 18:01:00.210223	rhythm
1041	1	6	/login/	Вход	0.19	241	2022-10-04 18:01:24.712501	rhythm
1042	1	81	/wiki_categories/	База знаний	0.19	170	2022-10-04 18:01:35.574648	rhythm
1043	1	13	/history/	История просмотров	0.3	473	2022-10-04 18:12:10.070606	rhythm
1044	1	13	/history/	История просмотров	0.24	33	2022-10-04 18:12:19.977815	rhythm
1045	1	6	/login/	Вход	0.19	121	2022-10-04 18:13:04.676997	rhythm
1046	1	6	/login/	Вход	0.19	24	2022-10-04 18:13:28.503727	rhythm
1047	1	1	/	Главная страница	0.19	73	2022-10-04 18:14:40.793716	rhythm
1048	1	41	/blog_categories/	Блог	0.27	891	2022-10-04 18:22:46.192553	rhythm
1049	1	41	/blog_categories/	Блог	0.19	5	2022-10-04 18:22:51.370559	rhythm
1050	1	41	/blog_categories/	Блог	0.19	6	2022-10-04 18:22:56.86238	rhythm
1051	1	13	/history/	История просмотров	0.35	121	2022-10-04 18:23:01.082641	rhythm
1052	1	31	/tags/	Теги	0.19	8	2022-10-04 18:23:04.571608	rhythm
1053	1	31	/tags/	Теги	0.19	7	2022-10-04 18:23:11.34127	rhythm
1054	1	1	/	Главная страница	0.19	5	2022-10-04 18:23:15.472196	rhythm
1055	1	1	/	Главная страница	0.19	5	2022-10-04 18:23:19.8977	rhythm
1056	1	1	/	Главная страница	0.19	6	2022-10-04 18:23:24.585608	rhythm
1057	1	1	/	Главная страница	0.19	28	2022-10-04 18:23:27.16415	rhythm
1058	1	1	/	Главная страница	0.19	9	2022-10-04 18:23:32.825417	rhythm
1059	1	1	/	Главная страница	0.19	5	2022-10-04 18:23:36.326686	rhythm
1060	1	61	/service_categories/	Услуги	0.19	4	2022-10-04 18:23:39.808793	rhythm
1061	1	1	/	Главная страница	0.19	6	2022-10-04 18:23:44.105698	rhythm
1062	1	1	/	Главная страница	0.19	4	2022-10-04 18:23:47.710802	rhythm
1063	1	41	/blog_categories/	Блог	0.19	5	2022-10-04 18:23:51.237159	rhythm
1064	1	1	/	Главная страница	0.19	4	2022-10-04 18:23:54.46967	rhythm
1065	1	10	/info/	Информация	0.19	121	2022-10-04 18:27:33.000035	rhythm
1066	1	10	/info/	Информация	0.19	5	2022-10-04 18:27:37.478538	rhythm
1067	1	1	/	Главная страница	0.19	121	2022-10-04 18:27:43.539125	rhythm
1068	1	1	/	Главная страница	0.19	11	2022-10-04 18:27:47.788673	rhythm
1069	1	1	/	Главная страница	0.19	9	2022-10-04 18:27:55.887307	rhythm
1070	1	61	/service_categories/	Услуги	0.19	10	2022-10-04 18:28:04.582725	rhythm
1071	1	1	/	Главная страница	0.19	13	2022-10-04 18:28:17.11557	rhythm
1072	1	1	/	Главная страница	0.19	16	2022-10-04 18:28:31.753822	rhythm
1073	1	1	/	Главная страница	0.19	53	2022-10-04 18:28:36.229125	rhythm
1074	1	1	/	Главная страница	0.19	10	2022-10-04 18:28:40.950876	rhythm
1075	1	1	/	Главная страница	0.19	7	2022-10-04 18:28:43.510738	rhythm
1076	1	81	/wiki_categories/	База знаний	0.19	8	2022-10-04 18:28:47.571637	rhythm
1077	1	41	/blog_categories/	Блог	0.19	5	2022-10-04 18:28:51.777414	rhythm
1078	1	32	/tag/%D0%BD%D0%BE%D0%B2%D0%BE%D1%81%D1%82%D0%B8/	Тег новости	0.19	4	2022-10-04 18:28:55.098648	rhythm
1079	1	1	/	Главная страница	0.19	121	2022-10-04 21:03:47.137684	rhythm
1080	1	6	/login/	Вход	0.19	121	2022-10-04 21:03:47.283801	rhythm
1081	2	1	/	Главная страница	0.19	11	2022-10-05 11:13:50.918703	rhythm
1082	2	10	/info/	Информация	0.19	2	2022-10-05 11:13:52.115421	rhythm
1083	2	14	/cookie_users_list/	Статистика сайта	0.2	126	2022-10-05 11:18:53.04519	rhythm
1084	2	1	/	Главная страница	0.19	121	2022-10-05 11:20:09.287478	rhythm
1085	2	1	/	Главная страница	0.19	4	2022-10-05 13:11:31.933402	rhythm
1086	2	13	/history/	История просмотров	0.47	6	2022-10-05 13:11:37.028841	rhythm
1087	2	12	/user_orders/	Ваши заказы	0.19	2	2022-10-05 13:11:37.61893	rhythm
1088	2	13	/history/	История просмотров	0.19	2	2022-10-05 13:11:38.726598	rhythm
1089	2	1	/	Главная страница	0.19	121	2022-10-05 13:16:06.38519	rhythm
1090	2	62	/services/all-services/	Категория услуг Все услуги	0.19	9	2022-10-05 13:16:13.864885	rhythm
1091	2	1	/	Главная страница	0.19	6	2022-10-05 13:16:19.394614	rhythm
1092	43	1	/	Главная страница	0.18	1	2022-10-05 13:53:43.438534	rhythm
1093	2	1	/	Главная страница	0.19	121	2022-10-05 16:58:35.060716	rhythm
1094	2	1	/	Главная страница	0.19	6	2022-10-05 16:58:40.554477	rhythm
1095	2	13	/history/	История просмотров	0.19	2	2022-10-05 16:58:42.333621	rhythm
1096	2	1	/	Главная страница	0.19	2	2022-10-05 16:58:43.273881	rhythm
1097	2	10	/info/	Информация	0.19	3	2022-10-05 16:58:44.699542	rhythm
1098	2	14	/cookie_users_list/	Статистика сайта	0.19	4	2022-10-05 16:58:48.448267	rhythm
1099	2	1	/	Главная страница	0.19	4	2022-10-05 16:58:51.03376	rhythm
1100	2	1	/	Главная страница	0.4	9	2022-10-05 16:58:59.669906	rhythm
1101	2	61	/service_categories/	Услуги	0.19	2	2022-10-05 16:59:00.749239	rhythm
1102	2	62	/services/all-services/	Категория услуг Все услуги	0.19	4	2022-10-05 16:59:03.471441	rhythm
1103	2	91	/work_categories/	Работы	0.19	1	2022-10-05 16:59:04.292253	rhythm
1104	2	92	/works/all-works/	Категория работ Все работы	0.24	5	2022-10-05 16:59:07.684005	rhythm
1105	2	71	/store_categories/	Товары	0.19	5	2022-10-05 16:59:12.152906	rhythm
1106	2	72	/stores/all-stores/	Категория товаров Все товары	0.19	11	2022-10-05 16:59:21.585724	rhythm
1107	2	9	/helps/how_to_order_a_project/	Категория помощи 'Как заказать проект'	0.19	2	2022-10-05 16:59:23.061738	rhythm
1108	2	9	/helps/what_do_we_know_abou_you/	Категория помощи 'Что мы о Вас знаем'	0.19	2	2022-10-05 16:59:23.918695	rhythm
1109	2	9	/helps/stages_of_project_creation/	Категория помощи 'Этапы создания проектов'	0.19	3	2022-10-05 16:59:25.792298	rhythm
1110	2	1	/	Главная страница	0.19	61	2022-10-05 17:01:31.563342	rhythm
1111	2	13	/history/	История просмотров	1.07	22	2022-10-05 17:01:43.042154	rhythm
1112	2	12	/user_orders/	Ваши заказы	0.19	5	2022-10-05 17:01:44.627151	rhythm
1113	2	6	/login/	Вход	0.19	7	2022-10-05 17:01:48.327966	rhythm
1114	2	1	/	Главная страница	0.19	3	2022-10-05 17:01:51.112096	rhythm
1115	2	1	/	Главная страница	0.67	25	2022-10-05 17:02:00.131414	rhythm
1116	2	0	/edit_file/14/	Изменение файла	0.19	2	2022-10-05 17:02:06.521445	rhythm
1117	2	43	/blog/all-articles/test-article/	Статья блога Тест	0.22	65	2022-10-05 17:02:16.574112	rhythm
1118	2	32	/tag/%D1%82%D1%80%D0%B5%D0%B7%D0%B2%D1%8B%D0%B9.%D1%80%D1%83%D1%81/	Тег трезвый.рус	0.19	5	2022-10-05 17:02:17.735848	rhythm
1119	2	43	/blog/all-articles/test-article/	Статья блога Тест	0.19	9	2022-10-05 17:02:19.490751	rhythm
1120	2	32	/tag/%D0%92%D0%B5%D0%B1-%D1%80%D0%B0%D0%B7%D1%80%D0%B0%D0%B1%D0%BE%D1%82%D0%BA%D0%B0/	Тег Веб-разработка	0.19	9	2022-10-05 17:02:21.473245	rhythm
1121	2	33	/tag_blogs/%D0%92%D0%B5%D0%B1-%D1%80%D0%B0%D0%B7%D1%80%D0%B0%D0%B1%D0%BE%D1%82%D0%BA%D0%B0/	Статьи тега Веб-разработка	0.19	9	2022-10-05 17:02:23.42655	rhythm
1122	2	31	/tags/	Теги	0.19	13	2022-10-05 17:02:26.458506	rhythm
1123	2	9	/helps/stages_of_project_creation/	Категория помощи 'Этапы создания проектов'	0.38	25	2022-10-05 17:02:32.258247	rhythm
1124	2	9	/helps/how_to_order_a_project/	Категория помощи 'Как заказать проект'	0.19	9	2022-10-05 17:02:34.315071	rhythm
1125	2	9	/helps/what_do_we_know_abou_you/	Категория помощи 'Что мы о Вас знаем'	0.19	7	2022-10-05 17:02:35.921233	rhythm
1126	2	9	/helps/stages_of_project_creation/	Категория помощи 'Этапы создания проектов'	0.48	63	2022-10-05 17:02:51.388735	rhythm
1127	2	31	/tags/	Теги	0.19	27	2022-10-05 17:02:57.92374	rhythm
1128	2	32	/tag/%D0%92%D0%B5%D0%B1-%D1%80%D0%B0%D0%B7%D1%80%D0%B0%D0%B1%D0%BE%D1%82%D0%BA%D0%B0/	Тег Веб-разработка	0.22	15	2022-10-05 17:03:01.815623	rhythm
1129	2	1	/	Главная страница	0.67	81	2022-10-05 17:03:21.355163	rhythm
1130	2	41	/blog_categories/	Блог	0.19	43	2022-10-05 17:03:31.905337	rhythm
1131	2	71	/store_categories/	Товары	0.19	12	2022-10-05 17:03:34.832241	rhythm
1132	2	72	/stores/all-stores/	Категория товаров Все товары	0.19	12	2022-10-05 17:03:37.22422	rhythm
1133	2	72	/stores/all-stores/	Категория товаров Все товары	0.19	1	2022-10-05 17:03:38.606495	rhythm
1134	2	1	/	Главная страница	0.19	3	2022-10-05 17:03:39.969458	rhythm
1135	2	1	/	Главная страница	0.4	19	2022-10-05 17:03:59.074998	rhythm
1136	2	92	/works/all-works/	Категория работ Все работы	0.19	5	2022-10-05 17:04:02.693349	rhythm
1137	2	71	/store_categories/	Товары	0.19	2	2022-10-05 17:04:03.77488	rhythm
1138	2	72	/stores/all-stores/	Категория товаров Все товары	0.19	4	2022-10-05 17:04:06.98405	rhythm
1139	2	81	/wiki_categories/	База знаний	0.36	5	2022-10-05 17:04:10.374412	rhythm
1140	2	82	/wikis/all-wikis/	Категория обучалки Все статьи	0.19	4	2022-10-05 17:04:13.956222	rhythm
1141	2	42	/blogs/all-articles/	Категория блога Все статьи	0.19	3	2022-10-05 17:04:16.159381	rhythm
1142	2	42	/blogs/all-articles/	Категория блога Все статьи	0.19	2	2022-10-05 17:04:17.065638	rhythm
1143	2	31	/tags/	Теги	0.19	3	2022-10-05 17:04:19.266827	rhythm
1144	2	10	/info/	Информация	0.19	4	2022-10-05 17:04:22.341178	rhythm
1145	2	14	/cookie_users_list/	Статистика сайта	0.21	30	2022-10-05 17:04:50.533986	rhythm
1146	2	0	/create_tech_categories/	Создание тех категории	0.19	8	2022-10-05 17:05:00.768881	rhythm
1147	2	1	/	Главная страница	0.19	16	2022-10-05 17:05:04.598858	rhythm
1148	2	62	/services/all-services/	Категория услуг Все услуги	0.19	7	2022-10-05 17:05:07.512071	rhythm
1149	2	42	/blogs/all-articles/	Категория блога Все статьи	0.19	4	2022-10-05 17:05:09.327889	rhythm
1150	2	43	/blog/all-articles/test-article/	Статья блога Тест	0.19	6	2022-10-05 17:05:11.447655	rhythm
1151	2	42	/blogs/all-articles/	Категория блога Все статьи	0.19	17	2022-10-05 17:05:19.467971	rhythm
1152	2	1	/	Главная страница	0.19	121	2022-10-05 18:57:38.064097	rhythm
1153	2	1	/	Главная страница	0.19	8	2022-10-05 18:57:46.568575	rhythm
1154	2	10	/info/	Информация	0.19	3	2022-10-05 18:57:48.133718	rhythm
1155	2	1	/	Главная страница	0.19	1	2022-10-05 18:57:53.062074	rhythm
1156	2	14	/cookie_users_list/	Статистика сайта	0.19	10	2022-10-05 18:57:56.802316	rhythm
1157	2	1	/	Главная страница	0.61	68	2022-10-05 18:59:41.744328	rhythm
1158	2	43	/blog/all-articles/test-article/	Статья блога Тест	0.19	81	2022-10-05 19:00:41.701434	rhythm
1159	2	43	/blog/all-articles/test-article/	Статья блога Тест	0.22	19	2022-10-05 19:01:00.689462	rhythm
1160	2	0	/edit_content_item/2/	Изменение текста объекта Тест	0.19	45	2022-10-05 19:01:15.581375	rhythm
1161	2	1	/	Главная страница	0.46	24	2022-10-05 19:01:23.766474	rhythm
1162	2	9	/helps/how_to_order_a_project/	Категория помощи 'Как заказать проект'	0.19	2	2022-10-06 07:20:53.06357	rhythm
1163	2	1	/	Главная страница	0.19	121	2022-10-06 07:32:44.837563	rhythm
1164	2	10	/info/	Информация	0.25	3	2022-10-06 07:32:48.013705	rhythm
1165	2	1	/	Главная страница	0.19	121	2022-10-06 08:15:30.846007	rhythm
1166	1	1	/	Главная страница	0.19	40	2022-10-06 08:16:15.844212	rhythm
1167	1	1	/	Главная страница	0.19	80	2022-10-06 08:17:36.106986	rhythm
1168	1	6	/login/	Вход	0.19	9	2022-10-06 08:17:44.456811	rhythm
1169	1	1	/	Главная страница	0.19	9	2022-10-06 08:17:53.471228	rhythm
1170	1	0	/create_tech_categories/	Создание тех категории	0.19	229	2022-10-06 08:19:35.360883	rhythm
1171	1	0	/serve_list/	Список опций и услуг	0.19	246	2022-10-06 09:00:11.548148	rhythm
1172	1	0	/serve_list/	Список опций и услуг	0.19	51	2022-10-06 09:03:51.078239	rhythm
1173	1	0	/serve_list/	Список опций и услуг	0.19	65	2022-10-06 09:11:07.015631	rhythm
1174	1	0	/serve_list/	Список опций и услуг	0.19	14	2022-10-06 09:11:21.110556	rhythm
1175	1	0	/create_category/	Создание категории	0.25	129	2022-10-06 09:13:13.811998	rhythm
1176	2	1	/	Главная страница	0.19	5	2022-10-06 09:13:25.355154	rhythm
1177	2	6	/login/	Вход	0.19	3	2022-10-06 09:13:27.428336	rhythm
1178	2	1	/	Главная страница	0.19	11	2022-10-06 09:13:38.566996	rhythm
1179	2	0	/edit_category/10/	Изменение категории Веб-разработка	0.19	82	2022-10-06 09:14:35.426141	rhythm
1180	2	62	/services/service_web/	Категория услуг Веб-разработка	0.19	10	2022-10-06 09:14:43.061585	rhythm
1181	2	62	/services/all-services/	Категория услуг Все услуги	0.19	3	2022-10-06 09:14:44.093206	rhythm
1182	2	61	/service_categories/	Услуги	0.43	7	2022-10-06 09:14:47.791112	rhythm
1183	2	62	/services/service_web/	Категория услуг Веб-разработка	0.19	7	2022-10-06 09:14:50.357458	rhythm
1184	2	61	/service_categories/	Услуги	0.4	11	2022-10-06 09:14:55.280965	rhythm
1185	2	0	/edit_category/10/	Изменение категории Веб-разработка	0.23	52	2022-10-06 09:15:13.067096	rhythm
1186	1	62	/services/all-services/	Категория услуг Все услуги	0.25	266	2022-10-06 09:17:10.009368	rhythm
1187	1	63	/service/all-services/service-web-landing-create/	Услуга Разработка лендингов	0.19	101	2022-10-06 09:17:34.777739	rhythm
1188	1	0	/edit_item/22/	Изменение объекта Разработка лендингов	0.34	12	2022-10-06 09:17:38.560073	rhythm
1189	1	63	/service/all-services/service-web-landing-create/	Услуга Разработка лендингов	0.19	22	2022-10-06 09:17:56.918935	rhythm
1190	1	0	/edit_item/22/	Изменение объекта Разработка лендингов	0.19	28	2022-10-06 09:18:06.183918	rhythm
1191	1	63	/service/all-services/service-web-landing-create/	Услуга Разработка лендингов	0.19	46	2022-10-06 09:18:42.647326	rhythm
1192	1	63	/service/all-services/service-web-landing-create/	Услуга Разработка лендингов	0.19	6	2022-10-06 09:18:48.654157	rhythm
1193	1	63	/service/all-services/service-web-landing-create/	Услуга Разработка лендингов	0.19	121	2022-10-06 09:24:00.922254	rhythm
1194	1	63	/service/all-services/service-web-landing-create/	Услуга Разработка лендингов	0.19	70	2022-10-06 09:25:10.66667	rhythm
1195	1	63	/service/all-services/service-web-landing-create/	Услуга Разработка лендингов	0.32	5	2022-10-06 09:25:14.878531	rhythm
1196	1	63	/image/15/	Изображение статьи | Разработка лендингов	0.27	10	2022-10-06 09:25:25.250504	rhythm
1197	1	63	/image/16/	Изображение статьи | Разработка лендингов	0.27	20	2022-10-06 09:25:34.723512	rhythm
1198	1	63	/image/17/	Изображение статьи | Разработка лендингов	0.27	24	2022-10-06 09:25:38.603988	rhythm
1199	1	63	/image/18/	Изображение статьи | Разработка лендингов	0.35	27	2022-10-06 09:25:41.581489	rhythm
1200	1	63	/image/17/	Изображение статьи | Разработка лендингов	0.35	29	2022-10-06 09:25:43.990483	rhythm
1201	1	63	/service/all-services/service-web-landing-create/	Услуга Разработка лендингов	0.35	32	2022-10-06 09:25:46.916599	rhythm
1202	1	1	/	Главная страница	0.19	3	2022-10-06 09:25:49.382174	rhythm
1203	1	13	/image/17/	Изображение статьи | Разработка лендингов	0.32	12	2022-10-06 09:25:59.667242	rhythm
1204	1	13	/history/	История просмотров	0.32	19	2022-10-06 09:26:06.936259	rhythm
1205	1	13	/history/	История просмотров	0.38	6	2022-10-06 09:26:12.685522	rhythm
1206	1	13	/history/	История просмотров	0.46	9	2022-10-06 09:26:21.535522	rhythm
1207	1	0	/edit_item/22/	Изменение объекта Разработка лендингов	0.19	168	2022-10-06 09:27:04.046341	rhythm
1208	2	0	/edit_category/10/	Изменение категории Веб-разработка	0.19	121	2022-10-06 09:27:07.460817	rhythm
1209	1	13	/history/	История просмотров	0.27	121	2022-10-06 09:28:24.823214	rhythm
1210	1	13	/history/	История просмотров	0.35	29	2022-10-06 09:28:53.558515	rhythm
1211	1	10	/info/	Информация	0.25	83	2022-10-06 09:30:15.35155	rhythm
1212	1	1	/	Главная страница	0.27	62	2022-10-06 09:31:41.37358	rhythm
1213	1	10	/info/	Информация	0.25	6	2022-10-06 09:31:43.834255	rhythm
1214	1	14	/cookie_users_list/	Статистика сайта	0.19	83	2022-10-06 09:47:39.605698	rhythm
1215	1	1	/	Главная страница	0.19	3	2022-10-06 09:48:03.521087	rhythm
1216	1	14	/cookie_users_list/	Статистика сайта	0.19	35	2022-10-06 09:54:18.995852	rhythm
1217	1	1	/	Главная страница	0.19	1	2022-10-06 09:54:21.254186	rhythm
1218	1	13	/history/	История просмотров	0.32	16	2022-10-06 09:55:50.634903	rhythm
1219	1	41	/blog_categories/	Блог	0.19	11	2022-10-06 09:57:43.121574	rhythm
1220	1	1	/	Главная страница	0.19	1	2022-10-06 09:57:44.52177	rhythm
1221	1	10	/info/	Информация	0.19	1	2022-10-06 09:57:46.038275	rhythm
1222	1	1	/	Главная страница	0.19	1	2022-10-06 09:57:47.097098	rhythm
1223	1	13	/history/	История просмотров	0.24	12	2022-10-06 09:59:33.123176	rhythm
1224	1	14	/cookie_users_list/	Статистика сайта	0.19	9	2022-10-06 09:59:41.62633	rhythm
1225	1	1	/	Главная страница	0.19	2	2022-10-06 09:59:42.835407	rhythm
1226	1	13	/history/	История просмотров	0.32	24	2022-10-06 10:00:42.811013	rhythm
1227	1	32	/tag/%D0%92%D0%B5%D0%B1-%D1%80%D0%B0%D0%B7%D1%80%D0%B0%D0%B1%D0%BE%D1%82%D0%BA%D0%B0/	Тег Веб-разработка	0.27	18	2022-10-06 10:00:57.823215	rhythm
1228	1	1	/	Главная страница	0.19	4	2022-10-06 10:01:00.407461	rhythm
1229	1	13	/history/	История просмотров	0.24	25	2022-10-06 10:01:37.637789	rhythm
1230	1	13	/image/17/	Изображение статьи | Разработка лендингов	0.51	17	2022-10-06 10:01:54.9769	rhythm
1231	1	13	/history/	История просмотров	0.51	79	2022-10-06 10:03:14.415353	rhythm
1232	1	13	/history/	История просмотров	0.69	68	2022-10-06 10:04:29.179011	rhythm
1233	1	13	/history/	История просмотров	0.32	65	2022-10-06 10:06:34.538763	rhythm
1234	1	13	/history/	История просмотров	0.32	20	2022-10-06 10:06:54.262114	rhythm
1235	1	13	/history/	История просмотров	0.38	9	2022-10-06 10:07:03.453017	rhythm
1236	1	43	/blog/all-articles/test-article/	Статья блога Тест	0.28	10	2022-10-06 10:07:11.858813	rhythm
1237	1	1	/	Главная страница	0.19	2	2022-10-06 10:07:13.607037	rhythm
1238	1	13	/image/15/	Изображение статьи | Разработка лендингов	0.57	12	2022-10-06 10:07:24.74391	rhythm
1239	1	13	/history/	История просмотров	0.57	16	2022-10-06 10:07:28.201726	rhythm
1240	1	62	/services/service_web/	Категория услуг Веб-разработка	0.19	3	2022-10-06 10:07:30.163287	rhythm
1241	1	63	/service/all-services/service-web-landing-create/	Услуга Разработка лендингов	0.35	54	2022-10-06 10:09:26.35499	rhythm
1242	1	1	/	Главная страница	0.19	5	2022-10-06 10:09:27.882412	rhythm
1243	1	13	/image/15/	Изображение статьи | Разработка лендингов	0.3	25	2022-10-06 10:09:40.020329	rhythm
1244	1	13	/history/	История просмотров	0.9	65	2022-10-06 10:10:00.197442	rhythm
1317	1	1	/	Главная страница	0.19	4	2022-10-06 14:25:00.61439	rhythm
1245	1	33	/tag_blogs/%D0%BD%D0%BE%D0%B2%D0%BE%D1%81%D1%82%D0%B8/	Статьи тега новости	0.22	5	2022-10-06 10:10:02.962621	rhythm
1246	1	43	/blog/all-articles/test-article/	Статья блога Тест	0.28	5	2022-10-06 10:10:04.293306	rhythm
1247	1	41	/blog_categories/	Блог	0.19	41	2022-10-06 10:23:21.003954	rhythm
1248	1	1	/	Главная страница	0.19	16	2022-10-06 10:23:28.625685	rhythm
1249	1	13	/image/15/	Изображение статьи | Разработка лендингов	0.32	32	2022-10-06 10:23:36.538409	rhythm
1250	1	13	/history/	История просмотров	0.39	140	2022-10-06 10:25:09.841249	rhythm
1251	1	13	/history/	История просмотров	0.39	63	2022-10-06 10:27:01.502185	rhythm
1252	1	13	/history/	История просмотров	2.1	20	2022-10-06 10:27:21.043449	rhythm
1253	1	13	/history/	История просмотров	0.24	92	2022-10-06 11:11:52.770729	rhythm
1254	1	13	/image/15/	Изображение статьи | Разработка лендингов	0.4	9	2022-10-06 11:12:01.795946	rhythm
1255	1	13	/image/15/	Изображение статьи | Разработка лендингов	0.43	16	2022-10-06 11:12:08.798152	rhythm
1256	1	13	/image/15/	Изображение статьи | Разработка лендингов	0.43	54	2022-10-06 11:13:29.069977	rhythm
1257	1	13	/history/	История просмотров	0.73	103	2022-10-06 11:18:53.675191	rhythm
1258	1	1	/	Главная страница	0.19	2	2022-10-06 11:18:55.194365	rhythm
1259	1	13	/history/	История просмотров	0.38	32	2022-10-06 11:25:35.51985	rhythm
1260	1	13	/history/	История просмотров	0.19	1	2022-10-06 11:25:36.408475	rhythm
1261	1	13	/history/	История просмотров	0.19	121	2022-10-06 11:56:35.098798	rhythm
1262	2	1	/	Главная страница	0.19	4	2022-10-06 12:26:21.343981	rhythm
1263	2	13	/history/	История просмотров	0.19	4	2022-10-06 12:26:24.857642	rhythm
1264	2	1	/	Главная страница	0.19	121	2022-10-06 12:30:12.674904	rhythm
1265	2	1	/	Главная страница	0.19	6	2022-10-06 12:35:45.230491	rhythm
1266	2	10	/info/	Информация	0.19	121	2022-10-06 13:59:06.02765	rhythm
1267	2	6	/login/	Вход	0.19	3	2022-10-06 13:59:08.335031	rhythm
1268	2	1	/	Главная страница	0.19	3	2022-10-06 13:59:11.799236	rhythm
1269	2	42	/blogs/all-articles/	Категория блога Все статьи	0.19	6	2022-10-06 13:59:16.700703	rhythm
1270	2	42	/blogs/all-articles/	Категория блога Все статьи	0.19	121	2022-10-06 14:02:37.215266	rhythm
1271	2	42	/blogs/all-articles/	Категория блога Все статьи	0.19	2	2022-10-06 14:02:39.265703	rhythm
1272	2	1	/	Главная страница	0.19	3	2022-10-06 14:02:41.081406	rhythm
1273	2	61	/service_categories/	Услуги	0.19	2	2022-10-06 14:02:42.466693	rhythm
1274	2	62	/services/all-services/	Категория услуг Все услуги	0.19	5	2022-10-06 14:02:45.690999	rhythm
1275	2	62	/services/service_web/	Категория услуг Веб-разработка	0.19	4	2022-10-06 14:02:49.488843	rhythm
1276	2	92	/works/all-works/	Категория работ Все работы	0.19	6	2022-10-06 14:02:53.812024	rhythm
1277	1	1	/	Главная страница	0.19	2	2022-10-06 14:02:59.094698	rhythm
1278	1	61	/service_categories/	Услуги	0.19	2	2022-10-06 14:03:00.103313	rhythm
1279	1	62	/services/all-services/	Все услуги | Категория услуг	0.19	2	2022-10-06 14:03:01.169057	rhythm
1280	1	62	/services/service_web/	Веб-разработка | Категория услуг	0.19	2	2022-10-06 14:03:02.212023	rhythm
1281	1	62	/services/all-services/	Все услуги | Категория услуг	0.19	3	2022-10-06 14:03:03.719727	rhythm
1282	1	62	/services/service_web/	Веб-разработка | Категория услуг	0.19	3	2022-10-06 14:03:06.489239	rhythm
1283	1	91	/work_categories/	Работы	0.19	2	2022-10-06 14:03:07.450973	rhythm
1284	1	92	/works/all-works/	Все работы | Категория работ	0.19	3	2022-10-06 14:03:09.149543	rhythm
1285	1	91	/work_categories/	Работы	0.19	2	2022-10-06 14:03:10.38069	rhythm
1286	1	71	/store_categories/	Товары	0.19	3	2022-10-06 14:03:11.651777	rhythm
1287	1	72	/stores/all-stores/	Все товары | Категория товаров	0.19	121	2022-10-06 14:05:33.901969	rhythm
1288	1	1	/	Главная страница	0.19	6	2022-10-06 14:05:38.630872	rhythm
1289	1	1	/	Главная страница	0.19	3	2022-10-06 14:05:41.701155	rhythm
1290	1	1	/	Главная страница	0.19	3	2022-10-06 14:05:44.426654	rhythm
1291	1	61	/service_categories/	Услуги	0.19	2	2022-10-06 14:05:45.551864	rhythm
1292	1	1	/	Главная страница	0.19	4	2022-10-06 14:05:48.347776	rhythm
1293	1	61	/service_categories/	Услуги	0.19	2	2022-10-06 14:05:49.178835	rhythm
1294	1	1	/	Главная страница	0.19	4	2022-10-06 14:05:52.309457	rhythm
1295	1	1	/	Главная страница	0.19	96	2022-10-06 14:07:28.009223	rhythm
1296	1	1	/	Главная страница	0.19	3	2022-10-06 14:07:30.883041	rhythm
1297	1	61	/service_categories/	Услуги	0.19	4	2022-10-06 14:07:33.589816	rhythm
1298	1	71	/store_categories/	Товары	0.19	6	2022-10-06 14:07:38.606169	rhythm
1299	1	91	/work_categories/	Работы	0.19	3	2022-10-06 14:07:41.163473	rhythm
1300	1	61	/service_categories/	Услуги	0.19	27	2022-10-06 14:08:27.960485	rhythm
1301	1	72	/stores/all-stores/	Все товары | Категория товаров	0.19	3	2022-10-06 14:08:30.371548	rhythm
1302	1	72	/stores/all-stores/	Все товары | Категория товаров	0.19	3	2022-10-06 14:08:32.359785	rhythm
1303	1	1	/	Главная страница	0.19	121	2022-10-06 14:12:45.172981	rhythm
1304	1	1	/	Главная страница	0.19	4	2022-10-06 14:12:49.37694	rhythm
1305	1	1	/	Главная страница	0.19	3	2022-10-06 14:12:52.414286	rhythm
1306	1	1	/	Главная страница	0.19	4	2022-10-06 14:12:55.030579	rhythm
1307	1	1	/	Главная страница	0.19	104	2022-10-06 14:14:40.458751	rhythm
1308	1	1	/	Главная страница	0.19	121	2022-10-06 14:24:21.81978	rhythm
1309	1	1	/	Главная страница	0.19	3	2022-10-06 14:24:25.400681	rhythm
1310	1	1	/	Главная страница	0.19	6	2022-10-06 14:24:30.364555	rhythm
1311	1	10	/info/	Информация	0.19	3	2022-10-06 14:24:32.125029	rhythm
1312	1	1	/	Главная страница	0.19	3	2022-10-06 14:24:34.644094	rhythm
1313	1	1	/	Главная страница	0.19	4	2022-10-06 14:24:38.442305	rhythm
1314	1	1	/	Главная страница	0.19	13	2022-10-06 14:24:50.20256	rhythm
1315	1	1	/	Главная страница	0.19	6	2022-10-06 14:24:55.662708	rhythm
1316	1	91	/work_categories/	Работы	0.19	2	2022-10-06 14:24:57.295716	rhythm
1318	1	1	/	Главная страница	0.19	5	2022-10-06 14:25:03.770486	rhythm
1319	36	1	/	Главная страница	0.2	2	2022-10-06 14:27:38.97813	rhythm
1320	36	1	/	Главная страница	0.2	2	2022-10-06 14:27:41.079122	rhythm
1321	36	1	/	Главная страница	0.2	3	2022-10-06 14:27:44.131356	rhythm
1322	36	1	/	Главная страница	0.2	5	2022-10-06 14:27:48.504079	rhythm
1323	36	61	/service_categories/	Услуги	0.2	3	2022-10-06 14:27:50.209663	rhythm
1324	36	1	/	Главная страница	0.2	3	2022-10-06 14:27:51.788836	rhythm
1325	1	1	/	Главная страница	0.19	121	2022-10-06 14:27:54.356372	rhythm
1326	36	1	/	Главная страница	0.2	9	2022-10-06 14:27:59.962349	rhythm
1327	36	61	/service_categories/	Услуги	0.2	4	2022-10-06 14:28:03.354484	rhythm
1328	36	91	/work_categories/	Работы	0.2	6	2022-10-06 14:28:07.932607	rhythm
1329	36	10	/info/	Информация	0.2	2	2022-10-06 14:28:09.585677	rhythm
1330	36	1	/	Главная страница	0.2	3	2022-10-06 14:28:11.465205	rhythm
1331	36	1	/	Главная страница	0.2	2	2022-10-06 14:28:13.161323	rhythm
1332	36	1	/	Главная страница	0.2	15	2022-10-06 14:28:28.50372	rhythm
1333	36	61	/service_categories/	Услуги	0.2	75	2022-10-06 14:31:08.82756	rhythm
1334	2	1	/	Главная страница	0.19	7	2022-10-06 16:26:54.131436	rhythm
1335	2	62	/services/service_web/	Категория услуг Веб-разработка	0.19	2	2022-10-06 16:26:59.092851	rhythm
1336	2	13	/history/	История просмотров	0.27	57	2022-10-06 16:27:49.723122	rhythm
1337	1	1	/	Главная страница	0.19	6	2022-10-06 16:27:50.736942	rhythm
1338	1	1	/	Главная страница	0.19	121	2022-10-06 17:20:23.546836	rhythm
1339	1	1	/	Главная страница	0.19	2	2022-10-06 17:20:25.087316	rhythm
1340	1	1	/	Главная страница	0.53	5	2022-10-06 17:20:29.484451	rhythm
1341	1	62	/services/all-services/	Все услуги | Категория услуг	0.19	1	2022-10-06 17:20:30.265798	rhythm
1342	1	62	/services/service_web/	Веб-разработка | Категория услуг	0.19	4	2022-10-06 17:20:33.004198	rhythm
1343	1	1	/	Главная страница	0.19	7	2022-10-06 17:20:38.689095	rhythm
1344	1	1	/	Главная страница	0.19	121	2022-10-06 17:28:02.307829	rhythm
1345	1	1	/	Главная страница	0.19	1	2022-10-06 17:28:03.831204	rhythm
1346	11	1	/	Главная страница	0.15	121	2022-10-06 21:29:29.866006	rhythm
1347	2	1	/	Главная страница	0.19	4	2022-10-07 09:16:14.710103	rhythm
1348	2	13	/history/	История просмотров	0.27	84	2022-10-07 09:17:37.565357	rhythm
1349	2	12	/user_orders/	Ваши заказы	0.19	2	2022-10-07 09:17:38.572391	rhythm
1350	2	1	/	Главная страница	0.19	5	2022-10-07 11:55:48.747909	rhythm
1351	2	1	/	Главная страница	0.19	2	2022-10-07 11:55:50.59941	rhythm
1352	2	62	/services/all-services/	Категория услуг Все услуги	0.19	2	2022-10-07 11:55:51.43539	rhythm
1353	2	62	/services/service_web/	Категория услуг Веб-разработка	0.19	2	2022-10-07 11:55:52.598827	rhythm
1354	2	91	/work_categories/	Работы	0.19	3	2022-10-07 11:55:54.355373	rhythm
1355	2	92	/works/all-works/	Категория работ Все работы	0.3	4	2022-10-07 11:55:57.427568	rhythm
1356	2	91	/work_categories/	Работы	0.19	2	2022-10-07 11:55:58.381038	rhythm
1357	2	71	/store_categories/	Товары	0.19	2	2022-10-07 11:55:59.327603	rhythm
1358	2	72	/stores/all-stores/	Категория товаров Все товары	0.19	6	2022-10-07 11:56:04.733498	rhythm
1359	2	72	/stores/all-stores/	Категория товаров Все товары	0.19	4	2022-10-07 11:56:07.808493	rhythm
1360	2	82	/wikis/all-wikis/	Категория обучалки Все статьи	0.19	121	2022-10-07 12:02:56.812824	rhythm
1361	2	82	/wikis/all-wikis/	Категория обучалки Все статьи	0.19	3	2022-10-07 12:02:59.713492	rhythm
1362	2	41	/blog_categories/	Блог	0.19	3	2022-10-07 12:03:01.290533	rhythm
1363	2	41	/blog_categories/	Блог	0.19	2	2022-10-07 12:03:02.728907	rhythm
1364	2	41	/blog_categories/	Блог	0.19	1	2022-10-07 12:03:03.407458	rhythm
1365	2	41	/blog_categories/	Блог	0.19	1	2022-10-07 12:03:04.496401	rhythm
1366	2	42	/blogs/all-articles/	Категория блога Все статьи	0.19	2	2022-10-07 12:03:05.471674	rhythm
1367	55	1	/	Главная страница	0.15	6	2022-10-07 13:59:36.538447	rhythm
1368	2	42	/blogs/all-articles/	Категория блога Все статьи	0.19	121	2022-10-07 14:18:18.114913	rhythm
1369	1	1	/	Главная страница	0.19	2	2022-10-07 14:19:45.446728	rhythm
1370	1	1	/	Главная страница	0.53	4	2022-10-07 14:19:49.12385	rhythm
1371	1	62	/services/all-services/	Все услуги | Категория услуг	0.19	2	2022-10-07 14:19:50.233433	rhythm
1372	1	62	/services/service_web/	Веб-разработка | Категория услуг	0.19	2	2022-10-07 14:19:51.309636	rhythm
1373	1	62	/services/all-services/	Все услуги | Категория услуг	0.19	2	2022-10-07 14:19:52.65702	rhythm
1374	1	61	/service_categories/	Услуги	0.19	3	2022-10-07 14:19:54.057201	rhythm
1375	1	71	/store_categories/	Товары	0.19	3	2022-10-07 14:19:56.137662	rhythm
1376	1	72	/stores/all-stores/	Все товары | Категория товаров	0.19	3	2022-10-07 14:19:58.147379	rhythm
1377	1	72	/stores/all-stores/	Все товары | Категория товаров	0.19	3	2022-10-07 14:19:59.914886	rhythm
1378	1	81	/wiki_categories/	База знаний	0.19	2	2022-10-07 14:20:01.121472	rhythm
1379	1	82	/wikis/all-wikis/	Все статьи | Категория обучалки	0.19	3	2022-10-07 14:20:03.240729	rhythm
1380	1	41	/blog_categories/	Блог	0.19	2	2022-10-07 14:20:04.526408	rhythm
1381	1	42	/blogs/all-articles/	Все статьи | Категория блога	0.19	2	2022-10-07 14:20:05.447964	rhythm
1382	1	41	/blog_categories/	Блог	0.19	2	2022-10-07 14:20:06.341507	rhythm
1383	1	42	/blogs/all-articles/	Все статьи | Категория блога	0.19	2	2022-10-07 14:20:07.357455	rhythm
1384	1	41	/blog_categories/	Блог	0.19	2	2022-10-07 14:20:08.759439	rhythm
1385	1	42	/blogs/all-articles/	Все статьи | Категория блога	0.19	3	2022-10-07 14:20:10.494925	rhythm
1386	1	32	/tag/%D0%92%D0%B5%D0%B1-%D1%80%D0%B0%D0%B7%D1%80%D0%B0%D0%B1%D0%BE%D1%82%D0%BA%D0%B0/	Веб-разработка | Тег	0.19	3	2022-10-07 14:20:12.08721	rhythm
1387	1	31	/tags/	Теги	0.19	2	2022-10-07 14:20:13.061664	rhythm
1388	1	1	/	Главная страница	0.19	2	2022-10-07 14:20:14.426646	rhythm
1389	1	10	/info/	Информация	0.19	2	2022-10-07 14:20:15.681259	rhythm
1390	1	9	/helps/stages_of_project_creation/	Этапы создания проектов| Категория помощи	0.19	2	2022-10-07 14:20:16.513153	rhythm
1391	1	9	/helps/what_do_we_know_abou_you/	Что мы о Вас знаем| Категория помощи	0.19	2	2022-10-07 14:20:17.209349	rhythm
1392	1	9	/helps/how_to_order_a_project/	Как заказать проект| Категория помощи	0.19	121	2022-10-07 14:22:28.243251	rhythm
1393	1	9	/helps/how_to_order_a_project/	Как заказать проект| Категория помощи	0.19	2	2022-10-07 14:22:29.697822	rhythm
1394	1	71	/store_categories/	Товары	0.19	3	2022-10-07 14:22:31.8913	rhythm
1395	1	72	/stores/all-stores/	Все товары | Категория товаров	0.19	4	2022-10-07 14:22:35.097433	rhythm
1396	1	41	/blog_categories/	Блог	0.19	3	2022-10-07 14:22:36.826349	rhythm
1397	1	6	/login/	Вход	0.19	8	2022-10-07 14:22:44.193185	rhythm
1398	1	1	/	Главная страница	0.19	23	2022-10-07 14:23:06.809077	rhythm
1399	1	1	/	Главная страница	0.19	8	2022-10-07 14:23:15.08296	rhythm
1400	1	10	/info/	Информация	0.19	2	2022-10-07 14:23:16.17711	rhythm
1401	1	14	/cookie_users_list/	Статистика сайта	0.19	49	2022-10-07 14:25:56.031509	rhythm
1402	1	1	/	Главная страница	0.19	2	2022-10-07 14:25:56.496028	rhythm
1403	1	1	/	Главная страница	0.19	5	2022-10-07 14:26:01.562354	rhythm
1404	1	1	/	Главная страница	0.19	2	2022-10-07 14:26:03.26101	rhythm
1405	1	13	/history/	История просмотров	0.19	3	2022-10-07 14:26:05.36013	rhythm
1406	1	1	/	Главная страница	0.19	2	2022-10-07 14:26:06.403626	rhythm
1407	1	10	/info/	Информация	0.19	2	2022-10-07 14:26:07.169051	rhythm
1408	1	14	/cookie_users_list/	Статистика сайта	0.19	40	2022-10-07 14:31:55.79747	rhythm
1409	1	1	/	Главная страница	0.19	6	2022-10-07 14:32:00.549414	rhythm
1410	1	10	/info/	Информация	0.19	2	2022-10-07 14:32:01.757337	rhythm
1411	1	14	/cookie_users_list/	Статистика сайта	0.19	5	2022-10-07 14:32:05.506526	rhythm
1412	1	1	/	Главная страница	0.19	25	2022-10-07 14:36:28.75122	rhythm
1413	1	1	/	Главная страница	0.19	12	2022-10-07 14:36:40.786888	rhythm
1414	1	61	/service_categories/	Услуги	0.19	3	2022-10-07 14:36:42.313406	rhythm
1415	1	1	/	Главная страница	0.19	4	2022-10-07 14:36:45.866566	rhythm
1416	2	1	/	Главная страница	0.19	5	2022-10-07 17:27:56.838975	rhythm
1417	2	13	/history/	История просмотров	0.19	4	2022-10-07 17:27:59.764151	rhythm
1418	2	1	/	Главная страница	0.19	2	2022-10-07 17:28:01.54564	rhythm
1419	2	10	/info/	Информация	0.19	2	2022-10-07 17:28:02.52973	rhythm
1420	2	14	/cookie_users_list/	Статистика сайта	0.19	6	2022-10-07 17:28:07.027182	rhythm
1421	2	1	/	Главная страница	0.19	4	2022-10-08 09:01:32.145969	rhythm
1422	2	13	/history/	История просмотров	0.27	121	2022-10-08 09:07:28.027659	rhythm
1423	1	1	/	Главная страница	0.19	2	2022-10-08 13:40:04.74587	rhythm
1424	1	1	/	Главная страница	0.19	4	2022-10-08 13:40:08.184481	rhythm
1425	1	1	/	Главная страница	0.19	4	2022-10-08 13:40:11.630618	rhythm
1426	1	1	/	Главная страница	0.19	3	2022-10-08 13:40:14.217121	rhythm
1427	1	1	/	Главная страница	0.19	2	2022-10-08 13:40:15.667867	rhythm
1428	1	13	/	История просмотров	0.19	3	2022-10-08 13:40:18.506242	rhythm
1429	1	1	/	Главная страница	0.19	12	2022-10-08 13:40:29.573259	rhythm
1430	36	1	/	Главная страница	0.2	9	2022-10-08 13:49:10.787974	rhythm
1431	11	1	/	Главная страница	0.17	121	2022-10-08 18:16:31.222304	rhythm
1432	11	1	/	Главная страница	0.17	3	2022-10-08 18:16:34.272514	rhythm
1433	11	10	/info/	Информация	0.17	4	2022-10-08 18:16:38.13361	rhythm
1434	11	14	/cookie_users_list/	Статистика сайта	0.22	31	2022-10-08 18:17:07.461708	rhythm
1435	11	1	/	Главная страница	0.17	7	2022-10-08 18:17:13.841026	rhythm
1436	11	10	/	Информация	0.17	4	2022-10-08 18:17:16.810761	rhythm
1437	11	1	/	Главная страница	0.17	3	2022-10-08 18:17:18.432395	rhythm
1438	11	13	/history/	История просмотров	0.17	14	2022-10-08 18:17:56.051305	rhythm
1439	1	1	/	Главная страница	0.19	2	2022-10-08 18:47:12.591995	rhythm
1440	1	1	/	Главная страница	0.48	4	2022-10-08 18:47:16.497276	rhythm
1441	1	91	/work_categories/	Работы	0.19	2	2022-10-08 18:47:17.476114	rhythm
1442	1	92	/works/all-works/	Все работы | Категория работ	0.3	6	2022-10-08 18:47:22.047955	rhythm
1443	59	1	/	Главная страница	0.97	48	2022-10-09 03:08:41.875133	rhythm
1444	59	1	/	Главная страница	0.36	32	2022-10-09 03:09:14.028261	rhythm
1445	63	1	/	Главная страница	0.21	4	2022-10-10 18:22:34.422861	rhythm
1446	64	1	/	Главная страница	0.21	3	2022-10-10 18:23:30.417881	rhythm
1447	66	1	/	Главная страница	0.21	3	2022-10-10 19:00:19.855186	rhythm
1448	2	1	/	Главная страница	0.19	39	2022-10-11 12:03:52.363723	rhythm
1449	2	13	/history/	История просмотров	0.19	3	2022-10-11 12:03:54.166161	rhythm
1450	2	1	/	Главная страница	0.19	1	2022-10-11 12:03:55.074507	rhythm
1451	2	10	/info/	Информация	0.19	2	2022-10-11 12:03:55.932905	rhythm
1452	2	14	/cookie_users_list/	Статистика сайта	0.19	11	2022-10-11 12:04:05.301433	rhythm
1453	2	1	/	Главная страница	0.19	17	2022-10-11 12:04:22.058088	rhythm
1454	2	1	/	Главная страница	0.19	4	2022-10-12 08:36:29.231864	rhythm
1455	2	1	/	Главная страница	0.19	2	2022-10-12 08:36:30.765633	rhythm
1456	2	1	/	Главная страница	0.19	1	2022-10-12 08:36:31.965292	rhythm
1457	2	1	/	Главная страница	0.4	4	2022-10-12 08:36:35.943768	rhythm
1458	2	61	/service_categories/	Услуги	0.19	2	2022-10-12 08:36:36.953449	rhythm
1459	2	62	/services/all-services/	Категория услуг Все услуги	0.19	2	2022-10-12 08:36:37.945784	rhythm
1460	2	62	/services/service_web/	Категория услуг Веб-разработка	0.19	5	2022-10-12 08:36:41.725095	rhythm
1461	2	71	/store_categories/	Товары	0.19	3	2022-10-12 08:36:43.417355	rhythm
1462	2	81	/wiki_categories/	База знаний	0.19	2	2022-10-12 08:36:45.099495	rhythm
1463	2	41	/blog_categories/	Блог	0.19	6	2022-10-12 08:36:50.065072	rhythm
1464	2	32	/tag/%D0%92%D0%B5%D0%B1-%D1%80%D0%B0%D0%B7%D1%80%D0%B0%D0%B1%D0%BE%D1%82%D0%BA%D0%B0/	Тег Веб-разработка	0.19	7	2022-10-12 08:36:55.292763	rhythm
1465	2	10	/info/	Информация	0.29	15	2022-10-12 08:37:09.50426	rhythm
1466	2	14	/cookie_users_list/	Статистика сайта	0.27	121	2022-10-12 10:28:06.62315	rhythm
1467	2	14	/cookie_users_list/	Статистика сайта	0.19	121	2022-10-12 10:56:07.133975	rhythm
1468	2	1	/	Главная страница	0.19	2	2022-10-12 11:33:53.389549	rhythm
1469	2	6	/login/	Вход	0.19	3	2022-10-12 11:33:55.920225	rhythm
1470	2	1	/	Главная страница	0.19	3	2022-10-12 11:33:58.57111	rhythm
1471	2	10	/info/	Информация	0.19	2	2022-10-12 11:33:59.812937	rhythm
1472	2	14	/cookie_users_list/	Статистика сайта	0.24	31	2022-10-12 11:34:30.136957	rhythm
1473	2	1	/	Главная страница	0.19	121	2022-10-12 11:38:49.341846	rhythm
1474	2	1	/	Главная страница	0.19	37	2022-10-12 15:19:51.785429	rhythm
1475	2	1	/	Главная страница	0.19	4	2022-10-13 17:26:56.742718	rhythm
1476	2	13	/history/	История просмотров	0.19	4	2022-10-13 17:26:58.969043	rhythm
1477	2	1	/	Главная страница	0.19	2	2022-10-13 17:26:59.827022	rhythm
1478	2	10	/info/	Информация	0.19	2	2022-10-13 17:27:00.976019	rhythm
1479	2	14	/cookie_users_list/	Статистика сайта	0.19	5	2022-10-13 17:27:05.657449	rhythm
1480	2	31	/tags/	Теги	0.19	4	2022-10-13 17:27:07.967047	rhythm
1481	2	32	/tag/%D0%92%D0%B5%D0%B1-%D1%80%D0%B0%D0%B7%D1%80%D0%B0%D0%B1%D0%BE%D1%82%D0%BA%D0%B0/	Тег Веб-разработка	0.19	2	2022-10-13 17:27:09.458125	rhythm
1482	2	31	/tags/	Теги	0.19	2	2022-10-13 17:27:10.471069	rhythm
1483	74	21	/search/	Общий поиск | начало	0.21	17	2022-10-13 18:27:17.450621	rhythm
1484	75	1	/	Главная страница	0.21	4	2022-10-13 19:29:11.460842	rhythm
1485	76	1	/	Главная страница	0.21	3	2022-10-13 19:30:28.011537	rhythm
1486	77	1	/	Главная страница	0.21	3	2022-10-13 19:31:51.532407	rhythm
1487	78	1	/	Главная страница	0.21	3	2022-10-13 19:32:23.087692	rhythm
1488	2	1	/	Главная страница	0.19	4	2022-10-14 08:22:50.391818	rhythm
1489	2	10	/info/	Информация	0.19	2	2022-10-14 08:22:51.294275	rhythm
1490	2	14	/cookie_users_list/	Статистика сайта	0.19	7	2022-10-14 08:22:57.169567	rhythm
1491	2	1	/	Главная страница	0.53	7	2022-10-14 08:23:03.707973	rhythm
1492	2	1	/	Главная страница	0.2	4	2022-10-18 10:11:52.703556	rhythm
1493	2	10	/info/	Информация	0.2	2	2022-10-18 10:11:53.647781	rhythm
1494	2	14	/cookie_users_list/	Статистика сайта	0.2	4	2022-10-18 10:11:57.295945	rhythm
1495	89	81	/wiki_categories/	База знаний	0.2	1	2022-10-19 16:00:14.018237	rhythm
1496	12	81	/wiki_categories/	База знаний	0.2	2	2022-10-19 16:00:16.247785	rhythm
1497	12	1	/	Главная страница	0.2	5	2022-10-19 16:00:19.930158	rhythm
1498	12	10	/info/	Информация	0.2	2	2022-10-19 16:00:21.380216	rhythm
1499	12	14	/cookie_users_list/	Статистика сайта	0.2	9	2022-10-19 16:00:28.90975	rhythm
1500	12	1	/	Главная страница	0.2	3	2022-10-19 16:00:31.00902	rhythm
1501	12	21	/search/	Общий поиск | начало	0.2	121	2022-10-19 16:05:38.445873	rhythm
1502	90	1	/	Главная страница	0.21	4	2022-10-19 21:03:48.555768	rhythm
1503	91	1	/	Главная страница	0.21	2	2022-10-19 21:04:22.247848	rhythm
1504	92	1	/	Главная страница	0.21	3	2022-10-19 21:05:06.364597	rhythm
1505	93	1	/	Главная страница	0.21	3	2022-10-19 21:07:19.369899	rhythm
1506	94	1	/	Главная страница	0.25	20	2022-10-20 09:55:53.696722	rhythm
1507	94	9	/helps/how_to_order_a_project/	Категория помощи 'Как заказать проект'	0.25	9	2022-10-20 09:56:01.251544	rhythm
1508	94	9	/helps/what_do_we_know_abou_you/	Категория помощи 'Что мы о Вас знаем'	0.25	26	2022-10-20 09:56:26.701009	rhythm
1509	94	9	/helps/stages_of_project_creation/	Категория помощи 'Этапы создания проектов'	0.39	21	2022-10-20 09:56:46.178332	rhythm
1510	12	21	/search/	Общий поиск | начало	0.2	2	2022-10-22 07:54:18.801513	rhythm
1511	12	21	/search/	Общий поиск | начало	0.2	2	2022-10-22 07:54:21.014662	rhythm
1512	12	1	/	Главная страница	0.2	11	2022-10-22 07:54:30.460569	rhythm
1513	12	10	/info/	Информация	0.2	3	2022-10-22 07:54:32.520026	rhythm
1514	12	14	/cookie_users_list/	Статистика сайта	0.23	18	2022-10-22 07:54:49.54592	rhythm
1515	12	21	/search/	Общий поиск | начало	0.2	3	2022-10-22 07:54:51.293425	rhythm
1516	12	10	/info/	Информация	0.2	20	2022-10-22 07:55:10.296223	rhythm
1517	12	1	/	Главная страница	0.2	9	2022-10-22 07:55:18.292879	rhythm
1518	12	21	/search/	Общий поиск | начало	0.2	4	2022-10-22 07:55:21.17185	rhythm
1519	12	31	/tags/	Теги	0.2	2	2022-10-22 07:55:22.555977	rhythm
1520	12	32	/tag/%D0%92%D0%B5%D0%B1-%D1%80%D0%B0%D0%B7%D1%80%D0%B0%D0%B1%D0%BE%D1%82%D0%BA%D0%B0/	Тег Веб-разработка	0.2	2	2022-10-22 07:55:23.962139	rhythm
1521	12	31	/tags/	Теги	0.2	8	2022-10-22 07:55:30.312436	rhythm
1522	12	32	/tag/%D1%82%D1%80%D0%B5%D0%B7%D0%B2%D1%8B%D0%B9.%D1%80%D1%83%D1%81/	Тег трезвый.рус	0.2	9	2022-10-22 07:55:38.488838	rhythm
1523	12	13	/history/	История просмотров	0.2	7	2022-10-22 07:55:44.608667	rhythm
1524	12	13	/history/	История просмотров	0.2	4	2022-10-22 07:56:06.732238	rhythm
1525	12	1	/	Главная страница	0.2	2	2022-10-22 12:09:36.46015	rhythm
1526	12	1	/	Главная страница	0.2	5	2022-10-22 12:09:41.329223	rhythm
1527	12	10	/info/	Информация	0.2	3	2022-10-22 12:09:43.928082	rhythm
1528	12	14	/cookie_users_list/	Статистика сайта	0.2	13	2022-10-22 12:09:55.421699	rhythm
1529	12	10	/info/	Информация	0.31	9	2022-10-22 12:10:03.128103	rhythm
1530	12	1	/	Главная страница	0.61	31	2022-10-22 12:10:33.476939	rhythm
1531	12	81	/wiki_categories/	База знаний	0.46	9	2022-10-22 12:10:41.823735	rhythm
1532	12	82	/wikis/all-wikis/	Категория обучалки Все статьи	0.21	4	2022-10-22 12:10:44.302675	rhythm
1533	12	1	/	Главная страница	0.2	121	2022-10-22 12:15:49.743283	rhythm
1534	12	1	/	Главная страница	0.2	121	2022-10-22 19:36:09.146244	rhythm
1535	2	1	/	Главная страница	0.2	4	2022-10-23 09:51:54.658677	rhythm
1536	2	6	/login/	Вход	0.2	3	2022-10-23 09:51:56.568229	rhythm
1537	2	1	/	Главная страница	0.2	4	2022-10-23 09:52:00.017741	rhythm
1538	2	10	/info/	Информация	0.2	2	2022-10-23 09:52:01.015806	rhythm
1539	2	14	/cookie_users_list/	Статистика сайта	0.2	12	2022-10-23 09:52:12.178663	rhythm
1540	2	9	/helps/how_to_order_a_project/	Категория помощи 'Как заказать проект'	1.18	26	2022-10-23 09:52:37.530265	rhythm
1541	2	9	/helps/what_do_we_know_abou_you/	Категория помощи 'Что мы о Вас знаем'	0.38	32	2022-10-23 09:53:08.677059	rhythm
1542	2	1	/	Главная страница	0.2	121	2022-10-23 13:10:21.335007	rhythm
1543	2	1	/	Главная страница	0.2	5	2022-10-25 11:27:02.421053	rhythm
1544	2	13	/history/	История просмотров	0.2	2	2022-10-25 11:27:04.19666	rhythm
1545	2	1	/	Главная страница	0.2	2	2022-10-25 11:27:05.291191	rhythm
1546	2	10	/info/	Информация	0.2	3	2022-10-25 11:27:06.319575	rhythm
1547	2	14	/cookie_users_list/	Статистика сайта	0.38	7	2022-10-25 11:27:12.736951	rhythm
1548	101	1	/	Главная страница	0.21	4	2022-10-28 21:36:02.457229	rhythm
1549	102	1	/	Главная страница	0.21	3	2022-10-28 21:36:04.529977	rhythm
1550	103	1	/	Главная страница	0.21	3	2022-10-28 21:36:19.442346	rhythm
1551	105	1	/	Главная страница	0.21	4	2022-10-28 23:01:29.865013	rhythm
1552	2	1	/	Главная страница	0.19	2	2022-10-29 13:16:06.941084	rhythm
1553	2	10	/info/	Информация	0.19	2	2022-10-29 13:16:08.076701	rhythm
1554	2	14	/cookie_users_list/	Статистика сайта	0.19	11	2022-10-29 13:16:17.695808	rhythm
1555	2	1	/	Главная страница	0.27	6	2022-10-29 13:16:22.427284	rhythm
1556	2	1	/	Главная страница	0.19	5	2022-11-03 13:12:41.745223	rhythm
1557	2	10	/info/	Информация	0.19	2	2022-11-03 13:12:42.932539	rhythm
1558	2	14	/cookie_users_list/	Статистика сайта	0.19	4	2022-11-03 13:12:46.078694	rhythm
1559	2	1	/	Главная страница	0.2	5	2022-11-04 15:04:04.888496	rhythm
1560	2	10	/info/	Информация	0.2	2	2022-11-04 15:04:05.989583	rhythm
1561	2	14	/cookie_users_list/	Статистика сайта	0.2	6	2022-11-04 15:04:10.665459	rhythm
1562	2	1	/	Главная страница	0.2	4	2022-11-05 19:47:58.516273	rhythm
1563	2	10	/info/	Информация	0.2	2	2022-11-05 19:47:59.207346	rhythm
1564	2	14	/cookie_users_list/	Статистика сайта	0.2	3	2022-11-05 19:48:01.154035	rhythm
1565	110	1	/	Главная страница	0.25	3	2022-11-08 12:27:45.126611	rhythm
1566	111	1	/	Главная страница	0.2	8	2022-11-08 18:28:20.384602	rhythm
1567	112	1	/	Главная страница	0.21	29	2022-11-08 18:32:22.644477	rhythm
1568	112	10	/info/	Информация	0.25	121	2022-11-08 18:36:48.60029	rhythm
1569	113	1	/	Главная страница	0.31	5	2022-11-08 18:37:05.962497	rhythm
1570	113	10	/info/	Информация	0.21	4	2022-11-08 18:37:08.723755	rhythm
1571	113	6	/login/	Вход	0.21	14	2022-11-08 18:37:21.784366	rhythm
1572	113	1	/	Главная страница	0.21	3	2022-11-08 18:37:23.455618	rhythm
1573	113	13	/history/	История просмотров	0.21	4	2022-11-08 18:37:27.190617	rhythm
1574	113	12	/user_orders/	Ваши заказы	0.21	5	2022-11-08 18:37:31.135857	rhythm
1575	113	61	/service_categories/	Услуги	0.34	5	2022-11-08 18:37:34.579681	rhythm
1576	113	62	/services/all-services/	Категория услуг Все услуги	0.21	3	2022-11-08 18:37:37.183293	rhythm
1577	114	1	/	Главная страница	0.18	1	2022-11-08 18:50:09.986516	rhythm
1578	115	61	/	Услуги	0.19	1	2022-11-08 18:50:12.967708	rhythm
1579	2	1	/	Главная страница	0.19	5	2022-11-09 10:51:28.391727	rhythm
1580	2	10	/info/	Информация	0.19	2	2022-11-09 10:51:29.417088	rhythm
1581	2	14	/cookie_users_list/	Статистика сайта	0.19	17	2022-11-09 10:51:46.245008	rhythm
1582	2	1	/	Главная страница	0.19	2	2022-11-09 14:31:00.869909	rhythm
1583	2	1	/	Главная страница	0.19	121	2022-11-09 14:33:13.990681	rhythm
1584	12	1	/	Главная страница	0.61	15	2022-11-09 14:34:12.188339	rhythm
1585	12	10	/info/	Информация	0.29	8	2022-11-09 14:34:19.363135	rhythm
1586	12	14	/cookie_users_list/	Статистика сайта	0.39	11	2022-11-09 14:34:28.5923	rhythm
1587	12	1	/	Главная страница	0.2	6	2022-11-09 14:34:33.627376	rhythm
1588	12	13	/history/	История просмотров	0.32	10	2022-11-09 14:34:42.722083	rhythm
1589	12	21	/search/	Общий поиск | начало	0.2	7	2022-11-09 14:34:49.279461	rhythm
1590	12	1	/	Главная страница	0.61	12	2022-11-09 14:35:00.469278	rhythm
1591	12	31	/tags/	Теги	0.2	4	2022-11-09 14:35:02.876954	rhythm
1592	2	1	/	Главная страница	0.19	2	2022-11-09 15:49:49.417022	rhythm
1593	2	1	/	Главная страница	0.19	5	2022-11-09 15:49:54.589884	rhythm
1594	2	10	/info/	Информация	0.19	3	2022-11-09 15:49:55.862307	rhythm
1595	2	14	/cookie_users_list/	Статистика сайта	0.19	9	2022-11-09 15:50:04.04094	rhythm
1596	117	1	/	Главная страница	0.72	19	2022-11-09 17:05:10.463508	rhythm
1597	2	1	/	Главная страница	0.19	4	2022-11-09 17:45:00.91902	rhythm
1598	2	10	/info/	Информация	0.19	5	2022-11-09 17:45:05.171864	rhythm
1599	2	14	/cookie_users_list/	Статистика сайта	0.19	9	2022-11-09 17:45:13.173399	rhythm
1600	2	10	/info/	Информация	0.19	8	2022-11-09 17:45:19.99341	rhythm
1601	2	62	/services/service_web/	Категория услуг Веб-разработка	0.19	3	2022-11-09 17:45:21.83603	rhythm
1602	2	62	/services/all-services/	Категория услуг Все услуги	0.19	4	2022-11-09 17:45:25.107989	rhythm
1603	2	81	/wiki_categories/	База знаний	0.19	2	2022-11-09 17:45:26.412942	rhythm
1604	2	41	/blog_categories/	Блог	0.19	4	2022-11-09 17:45:28.685672	rhythm
1605	2	42	/blogs/all-articles/	Категория блога Все статьи	0.19	3	2022-11-09 17:45:30.544886	rhythm
1606	2	31	/tags/	Теги	0.19	2	2022-11-09 17:45:32.265322	rhythm
1607	2	10	/info/	Информация	0.19	3	2022-11-09 17:45:34.164217	rhythm
1608	2	9	/helps/how_to_order_a_project/	Категория помощи 'Как заказать проект'	0.9	17	2022-11-09 17:45:50.428365	rhythm
1609	2	1	/	Главная страница	0.19	4	2022-11-09 18:50:29.342375	rhythm
1610	2	10	/info/	Информация	0.19	3	2022-11-09 18:50:30.538292	rhythm
1611	2	14	/cookie_users_list/	Статистика сайта	0.19	4	2022-11-09 18:50:33.832784	rhythm
1612	2	6	/login/	Вход	0.19	4	2022-11-09 18:50:36.563168	rhythm
1613	2	1	/	Главная страница	0.19	5	2022-11-09 18:50:41.931064	rhythm
1614	2	10	/info/	Информация	0.19	2	2022-11-09 18:50:42.834374	rhythm
1615	2	1	/	Главная страница	0.19	2	2022-11-09 18:51:11.31032	rhythm
1616	2	14	/cookie_users_list/	Статистика сайта	0.5	35	2022-11-09 18:51:16.574061	rhythm
1617	2	1	/	Главная страница	0.19	3	2022-11-09 18:51:19.065356	rhythm
1618	2	1	/	Главная страница	0.19	5	2022-11-10 08:25:47.202051	rhythm
1619	2	10	/info/	Информация	0.19	2	2022-11-10 08:25:48.328343	rhythm
1620	2	14	/cookie_users_list/	Статистика сайта	0.19	6	2022-11-10 08:25:53.591057	rhythm
1621	2	1	/	Главная страница	0.19	1	2022-11-10 09:30:07.907748	rhythm
1622	120	1	/	Главная страница	0.18	1	2022-11-10 10:47:01.518962	rhythm
1623	121	61	/service_categories/	Услуги	0.18	1	2022-11-10 10:47:10.246009	rhythm
1624	122	91	/work_categories/	Работы	0.24	1	2022-11-10 10:47:15.770175	rhythm
1625	123	92	/works/all-works/	Категория работ Все работы	0.28	1	2022-11-10 10:47:27.740641	rhythm
1626	124	31	/works/all-works/	Теги	0.18	1	2022-11-10 10:47:30.247539	rhythm
1627	129	1	/	Главная страница	0.25	4	2022-11-11 09:30:32.724254	rhythm
1628	129	10	/info/	Информация	0.25	11	2022-11-11 09:30:42.579499	rhythm
1629	129	61	/service_categories/	Услуги	0.25	4	2022-11-11 09:30:45.239791	rhythm
1630	129	62	/services/all-services/	Категория услуг Все услуги	0.25	3	2022-11-11 09:30:47.31048	rhythm
1631	129	61	/service_categories/	Услуги	0.51	11	2022-11-11 09:30:57.722062	rhythm
1632	129	91	/work_categories/	Работы	0.25	3	2022-11-11 09:30:59.402918	rhythm
1633	129	71	/store_categories/	Товары	0.25	2	2022-11-11 09:31:00.15462	rhythm
1634	129	1	/	Главная страница	0.25	5	2022-11-11 09:31:04.475831	rhythm
1635	131	1	/	Главная страница	0.21	2	2022-11-12 09:09:18.688448	rhythm
1636	130	1	/	Главная страница	0.21	3	2022-11-12 09:09:19.062781	rhythm
1637	132	1	/	Главная страница	0.21	3	2022-11-12 09:09:28.225065	rhythm
1638	133	1	/	Главная страница	0.21	3	2022-11-12 09:09:28.561295	rhythm
1639	134	1	/	Главная страница	0.21	2	2022-11-12 09:09:29.298136	rhythm
1640	135	1	/	Главная страница	0.21	3	2022-11-12 09:09:39.539501	rhythm
1641	137	1	/	Главная страница	0.21	2	2022-11-12 09:09:39.594653	rhythm
1642	139	1	/	Главная страница	0.21	1	2022-11-12 11:27:44.988133	rhythm
1643	141	1	/	Главная страница	0.21	2	2022-11-12 11:27:50.54638	rhythm
1644	143	1	/	Главная страница	0.21	1	2022-11-12 11:27:53.923551	rhythm
1645	144	1	/	Главная страница	0.21	2	2022-11-12 11:28:05.594297	rhythm
1646	2	1	/	Главная страница	0.2	4	2022-11-12 13:27:57.086397	rhythm
1647	2	10	/info/	Информация	0.2	2	2022-11-12 13:27:58.062325	rhythm
1648	2	14	/cookie_users_list/	Статистика сайта	0.68	28	2022-11-12 13:28:25.132639	rhythm
1649	2	1	/	Главная страница	0.2	3	2022-11-12 13:28:27.389314	rhythm
1650	2	61	/service_categories/	Услуги	0.2	3	2022-11-12 13:28:28.555647	rhythm
1651	2	62	/services/service_web/	Категория услуг Веб-разработка	0.2	2	2022-11-12 13:28:30.238949	rhythm
1652	2	62	/services/all-services/	Категория услуг Все услуги	0.2	1	2022-11-12 13:28:30.34408	rhythm
1653	2	91	/work_categories/	Работы	0.2	3	2022-11-12 13:28:31.893587	rhythm
1654	2	92	/works/all-works/	Категория работ Все работы	0.31	4	2022-11-12 13:28:35.04073	rhythm
1655	2	72	/stores/all-stores/	Категория товаров Все товары	0.2	2	2022-11-12 13:28:36.237114	rhythm
1656	2	71	/store_categories/	Товары	0.2	3	2022-11-12 13:28:37.542266	rhythm
1657	2	81	/wiki_categories/	База знаний	0.2	1	2022-11-12 13:28:38.398756	rhythm
1658	2	82	/wikis/all-wikis/	Категория обучалки Все статьи	0.2	2	2022-11-12 13:28:39.439944	rhythm
1659	2	41	/blog_categories/	Блог	0.2	3	2022-11-12 13:28:40.514255	rhythm
1660	2	42	/blogs/all-articles/	Категория блога Все статьи	0.2	2	2022-11-12 13:28:42.06238	rhythm
1661	2	32	/tag/%D0%92%D0%B5%D0%B1-%D1%80%D0%B0%D0%B7%D1%80%D0%B0%D0%B1%D0%BE%D1%82%D0%BA%D0%B0/	Тег Веб-разработка	0.2	3	2022-11-12 13:28:43.716035	rhythm
1662	2	10	/info/	Информация	0.2	5	2022-11-12 13:28:48.466899	rhythm
1663	2	9	/helps/how_to_order_a_project/	Категория помощи 'Как заказать проект'	0.49	11	2022-11-12 13:28:57.671276	rhythm
1664	2	1	/	Главная страница	0.54	22	2022-11-12 13:29:19.440257	rhythm
1665	2	10	/info/	Информация	0.2	7	2022-11-12 13:29:24.684994	rhythm
1666	2	92	/works/all-works/	Категория работ Все работы	0.2	3	2022-11-12 13:29:26.673042	rhythm
1667	2	81	/wiki_categories/	База знаний	0.36	6	2022-11-12 13:29:32.359834	rhythm
1668	2	82	/wikis/all-wikis/	Категория обучалки Все статьи	0.2	4	2022-11-12 13:29:34.827561	rhythm
1669	2	82	/wikis/all-wikis/	Категория обучалки Все статьи	0.2	34	2022-11-12 13:30:07.789615	rhythm
1670	2	9	/helps/how_to_order_a_project/	Категория помощи 'Как заказать проект'	0.2	114	2022-11-12 13:32:01.226327	rhythm
1671	2	9	/helps/what_do_we_know_abou_you/	Категория помощи 'Что мы о Вас знаем'	0.2	2	2022-11-12 13:32:02.135467	rhythm
1672	2	9	/helps/how_to_order_a_project/	Категория помощи 'Как заказать проект'	0.33	114	2022-11-12 13:33:55.087419	rhythm
1673	42	1	/	Главная страница	0.17	16	2022-11-13 07:53:31.502849	rhythm
1674	42	10	/info/	Информация	0.17	2	2022-11-13 07:53:32.987508	rhythm
1675	42	14	/cookie_users_list/	Статистика сайта	1.2	21	2022-11-13 07:53:52.51454	rhythm
1676	42	31	/tags/	Теги	0.18	8	2022-11-13 07:54:00.065021	rhythm
1677	42	1	/	Главная страница	0.59	12	2022-11-13 07:54:11.094478	rhythm
1678	42	1	/	Главная страница	0.71	16	2022-11-13 07:54:25.808773	rhythm
1679	42	21	/search/	Общий поиск | начало	0.18	5	2022-11-13 07:54:30.27024	rhythm
1680	42	91	/work_categories/	Работы	0.23	5	2022-11-13 07:54:33.611229	rhythm
1681	42	92	/works/all-works/	Категория работ Все работы	0.25	12	2022-11-13 07:54:45.414277	rhythm
1682	42	1	/	Главная страница	0.35	5	2022-11-13 07:54:49.294745	rhythm
1683	42	61	/service_categories/	Услуги	0.53	34	2022-11-13 07:55:22.014555	rhythm
1684	42	1	/	Главная страница	0.18	7	2022-11-13 07:55:27.520415	rhythm
1685	42	61	/service_categories/	Услуги	0.19	39	2022-11-13 07:56:30.01525	rhythm
1686	42	13	/history/	История просмотров	0.17	3	2022-11-13 07:56:32.430607	rhythm
1687	42	12	/user_orders/	Ваши заказы	0.17	4	2022-11-13 07:56:34.987519	rhythm
1688	2	1	/	Главная страница	0.2	3	2022-11-13 18:50:13.013176	rhythm
1689	2	10	/info/	Информация	0.2	3	2022-11-13 18:50:14.473138	rhythm
1690	2	14	/cookie_users_list/	Статистика сайта	0.3	6	2022-11-13 18:50:20.084788	rhythm
1691	2	1	/	Главная страница	0.2	3	2022-11-14 14:13:57.744256	rhythm
1692	2	10	/info/	Информация	0.2	3	2022-11-14 14:13:58.897089	rhythm
1693	2	14	/cookie_users_list/	Статистика сайта	0.2	8	2022-11-14 14:14:06.090752	rhythm
1694	2	92	/works/all-works/	Категория работ Все работы	0.2	2	2022-11-14 14:14:07.354371	rhythm
1695	2	91	/work_categories/	Работы	0.2	3	2022-11-14 14:14:08.845518	rhythm
1696	2	92	/works/all-works/	Категория работ Все работы	0.31	10	2022-11-14 14:14:17.821834	rhythm
1697	2	1	/	Главная страница	0.2	65	2022-11-14 14:15:22.281752	rhythm
1698	2	6	/login/	Вход	0.2	3	2022-11-14 14:15:24.748107	rhythm
1699	2	1	/	Главная страница	0.73	5	2022-11-14 14:15:30.193468	rhythm
1700	2	43	/blog/all-articles/test-article/	Статья блога Тест	0.28	6	2022-11-14 14:15:34.302857	rhythm
1701	148	1	/	Главная страница	0.34	4	2022-11-14 18:27:24.07853	rhythm
1702	148	10	/info/	Информация	0.34	5	2022-11-14 18:27:28.818562	rhythm
1703	2	1	/	Главная страница	0.2	4	2022-11-15 07:43:35.390334	rhythm
1704	2	10	/info/	Информация	0.2	2	2022-11-15 07:43:36.622511	rhythm
1705	2	14	/cookie_users_list/	Статистика сайта	0.2	8	2022-11-15 07:43:43.553683	rhythm
1706	2	6	/login/	Вход	0.2	3	2022-11-15 07:43:45.829603	rhythm
1707	2	1	/	Главная страница	0.2	3	2022-11-15 07:43:49.006939	rhythm
1708	2	10	/info/	Информация	0.2	3	2022-11-15 07:43:50.264023	rhythm
1709	2	14	/cookie_users_list/	Статистика сайта	0.2	20	2022-11-15 07:44:09.915686	rhythm
1710	2	1	/	Главная страница	0.36	7	2022-11-15 07:44:15.719995	rhythm
1711	2	1	/	Главная страница	0.19	2	2022-11-15 15:30:31.976773	rhythm
1712	2	10	/info/	Информация	0.19	2	2022-11-15 15:30:33.451033	rhythm
1713	2	14	/cookie_users_list/	Статистика сайта	0.19	4	2022-11-15 15:30:36.513806	rhythm
1714	152	1	/	Главная страница	0.25	27	2022-11-16 19:08:48.850136	rhythm
1715	155	1	/	Главная страница	0.25	14	2022-11-17 09:35:54.619054	rhythm
1716	155	9	/helps/how_to_order_a_project/	Категория помощи 'Как заказать проект'	1.09	30	2022-11-17 09:36:23.253148	rhythm
1717	2	1	/	Главная страница	0.2	2	2022-11-17 13:09:47.68955	rhythm
1718	2	10	/info/	Информация	0.2	2	2022-11-17 13:09:48.849637	rhythm
1719	2	14	/cookie_users_list/	Статистика сайта	0.2	9	2022-11-17 13:09:56.711983	rhythm
1720	155	1	/	Главная страница	0.25	121	2022-11-17 16:46:51.626647	rhythm
1721	2	1	/	Главная страница	0.19	4	2022-11-21 09:31:25.910155	rhythm
1722	2	10	/info/	Информация	0.19	3	2022-11-21 09:31:27.538398	rhythm
1723	2	14	/cookie_users_list/	Статистика сайта	0.19	3	2022-11-21 09:31:29.841469	rhythm
1724	2	1	/	Главная страница	0.48	9	2022-11-21 09:31:37.402809	rhythm
1725	2	81	/wiki_categories/	База знаний	0.19	2	2022-11-21 09:31:38.413961	rhythm
1726	2	82	/wikis/all-wikis/	Категория обучалки Все статьи	0.19	2	2022-11-21 09:31:39.435005	rhythm
1727	2	71	/store_categories/	Товары	0.19	2	2022-11-21 09:31:40.350175	rhythm
1728	2	72	/stores/all-stores/	Категория товаров Все товары	0.19	2	2022-11-21 09:31:41.555876	rhythm
1729	2	91	/work_categories/	Работы	0.19	2	2022-11-21 09:31:42.497951	rhythm
1730	2	92	/works/all-works/	Категория работ Все работы	0.19	4	2022-11-21 09:31:45.590406	rhythm
1731	2	61	/service_categories/	Услуги	0.35	5	2022-11-21 09:31:49.827918	rhythm
1732	2	62	/services/service_web/	Категория услуг Веб-разработка	0.19	3	2022-11-21 09:31:51.753761	rhythm
1733	2	61	/service_categories/	Услуги	0.32	3	2022-11-21 09:31:53.446209	rhythm
1734	2	62	/services/all-services/	Категория услуг Все услуги	0.19	3	2022-11-21 09:31:55.373538	rhythm
1735	2	31	/tags/	Теги	0.19	2	2022-11-21 09:31:56.743845	rhythm
1736	2	10	/info/	Информация	0.19	2	2022-11-21 09:31:58.065107	rhythm
1737	2	9	/helps/how_to_order_a_project/	Категория помощи 'Как заказать проект'	0.35	6	2022-11-21 09:32:02.357565	rhythm
1738	2	9	/helps/what_do_we_know_abou_you/	Категория помощи 'Что мы о Вас знаем'	0.19	2	2022-11-21 09:32:03.590265	rhythm
1739	2	32	/tag/%D0%92%D0%B5%D0%B1-%D1%80%D0%B0%D0%B7%D1%80%D0%B0%D0%B1%D0%BE%D1%82%D0%BA%D0%B0/	Тег Веб-разработка	0.19	9	2022-11-21 09:32:11.739786	rhythm
1740	2	1	/	Главная страница	0.53	18	2022-11-21 09:32:28.644735	rhythm
1741	2	21	/search/142/	Общий поиск по фрагменту 142	0.19	4	2022-11-21 09:32:32.023478	rhythm
1742	2	1	/	Главная страница	0.19	3	2022-11-21 09:55:31.18047	rhythm
1743	2	62	/services/service_web/	Категория услуг Веб-разработка	0.19	3	2022-11-21 09:55:33.50089	rhythm
1744	2	92	/works/all-works/	Категория работ Все работы	0.3	129	2022-11-21 10:16:06.64933	rhythm
1745	2	1	/	Главная страница	0.53	29	2022-11-21 10:16:20.358739	rhythm
1746	2	10	/info/	Информация	0.25	121	2022-11-21 10:45:39.464589	rhythm
1747	2	10	/info/	Информация	0.19	2	2022-11-21 10:45:40.927882	rhythm
1748	2	62	/services/all-services/	Категория услуг Все услуги	0.19	2	2022-11-21 10:45:42.06952	rhythm
1749	2	62	/services/service_web/	Категория услуг Веб-разработка	0.19	2	2022-11-21 10:45:42.85461	rhythm
1750	2	71	/store_categories/	Товары	0.19	1	2022-11-21 10:45:43.529107	rhythm
1751	2	72	/stores/all-stores/	Категория товаров Все товары	0.19	3	2022-11-21 10:45:44.839632	rhythm
1752	2	31	/tags/	Теги	0.19	121	2022-11-21 10:48:30.029528	rhythm
1753	2	31	/tags/	Теги	0.19	1	2022-11-21 10:48:31.017519	rhythm
1754	2	1	/	Главная страница	0.19	2	2022-11-21 10:48:32.981954	rhythm
1755	2	1	/	Главная страница	0.19	2	2022-11-21 10:48:34.684067	rhythm
1756	2	62	/services/all-services/	Категория услуг Все услуги	0.19	3	2022-11-21 10:48:37.285356	rhythm
1757	2	1	/	Главная страница	0.19	1	2022-11-21 10:48:38.391527	rhythm
1758	2	1	/	Главная страница	0.19	1	2022-11-21 10:48:39.058007	rhythm
1759	2	1	/	Главная страница	0.19	1	2022-11-21 10:48:39.667522	rhythm
1760	2	1	/	Главная страница	0.19	1	2022-11-21 10:48:40.163714	rhythm
1761	2	1	/	Главная страница	0.19	13	2022-11-21 10:48:53.128132	rhythm
1762	2	1	/	Главная страница	0.19	1	2022-11-21 10:48:54.07568	rhythm
1763	2	1	/	Главная страница	0.19	1	2022-11-21 10:48:54.862353	rhythm
1764	2	1	/	Главная страница	0.19	1	2022-11-21 10:48:55.694169	rhythm
1765	2	1	/	Главная страница	0.19	121	2022-11-21 11:03:42.644051	rhythm
1766	2	1	/	Главная страница	0.19	2	2022-11-21 13:14:24.18532	rhythm
1767	2	1	/	Главная страница	0.19	5	2022-11-22 12:06:32.496822	rhythm
1768	169	1	/	Главная страница	0.82	60	2022-11-23 10:07:37.016295	rhythm
1769	169	61	/	Услуги	0.23	10	2022-11-23 10:07:45.674142	rhythm
1770	171	1	/	Главная страница	0.25	4	2022-11-24 11:47:01.24884	rhythm
1771	171	10	/info/	Информация	0.25	8	2022-11-24 11:47:07.962984	rhythm
1772	171	61	/service_categories/	Услуги	0.25	3	2022-11-24 11:47:10.181714	rhythm
1773	171	91	/work_categories/	Работы	0.32	3	2022-11-24 11:47:12.175269	rhythm
1774	171	92	/works/all-works/	Категория работ Все работы	0.35	5	2022-11-24 11:47:15.863369	rhythm
1775	171	71	/store_categories/	Товары	0.25	2	2022-11-24 11:47:17.177684	rhythm
1776	171	81	/wiki_categories/	База знаний	0.36	9	2022-11-24 11:47:25.016095	rhythm
1777	171	41	/blog_categories/	Блог	0.25	2	2022-11-24 11:47:26.036775	rhythm
1778	171	31	/tags/	Теги	0.25	3	2022-11-24 11:47:27.961247	rhythm
1779	171	10	/info/	Информация	0.25	4	2022-11-24 11:47:31.73659	rhythm
1780	2	1	/	Главная страница	0.2	4	2022-11-25 12:50:38.874347	rhythm
1781	2	10	/info/	Информация	0.2	2	2022-11-25 12:50:40.163111	rhythm
1782	2	14	/cookie_users_list/	Статистика сайта	0.33	15	2022-11-25 12:50:54.573574	rhythm
1783	2	62	/services/all-services/	Категория услуг Все услуги	0.2	2	2022-11-25 12:50:55.320123	rhythm
1784	2	62	/services/service_web/	Категория услуг Веб-разработка	0.2	3	2022-11-25 12:50:56.849002	rhythm
1785	2	1	/	Главная страница	0.2	121	2022-11-25 12:57:00.260878	rhythm
1786	2	1	/	Главная страница	0.2	2	2022-11-27 21:11:02.56294	rhythm
1787	2	1	/	Главная страница	0.2	2	2022-11-27 21:11:04.108766	rhythm
1788	2	61	/service_categories/	Услуги	0.2	2	2022-11-27 21:11:05.068996	rhythm
1789	2	62	/services/all-services/	Категория услуг Все услуги	0.2	2	2022-11-27 21:11:06.280117	rhythm
1790	2	62	/services/all-services/	Категория услуг Все услуги	0.2	2	2022-11-27 21:11:07.945948	rhythm
1791	2	92	/works/all-works/	Категория работ Все работы	0.31	5	2022-11-27 21:11:12.513409	rhythm
1792	2	92	/works/all-works/	Категория работ Все работы	0.2	3	2022-11-27 21:11:13.75525	rhythm
1793	2	91	/work_categories/	Работы	0.2	2	2022-11-27 21:11:14.916192	rhythm
1794	2	92	/works/all-works/	Категория работ Все работы	0.31	3	2022-11-27 21:11:17.214933	rhythm
1795	2	91	/work_categories/	Работы	0.2	2	2022-11-27 21:11:18.444367	rhythm
1796	2	71	/store_categories/	Товары	0.2	2	2022-11-27 21:11:19.443636	rhythm
1797	2	72	/stores/all-stores/	Категория товаров Все товары	0.2	2	2022-11-27 21:11:20.36673	rhythm
1798	2	81	/wiki_categories/	База знаний	0.2	3	2022-11-27 21:11:21.623112	rhythm
1799	177	1	/	Главная страница	0.71	37	2022-11-27 21:13:59.604201	rhythm
1800	177	71	/store_categories/	Товары	0.68	18	2022-11-27 21:14:17.275462	rhythm
1801	177	31	/tags/	Теги	0.19	3	2022-11-27 21:14:18.803191	rhythm
1802	2	1	/	Главная страница	0.2	121	2022-11-27 21:20:03.139019	rhythm
1803	2	1	/	Главная страница	0.2	5	2022-11-27 21:20:07.551634	rhythm
1804	2	1	/	Главная страница	0.2	2	2022-11-27 21:20:09.392366	rhythm
1805	2	1	/	Главная страница	0.49	12	2022-11-27 21:20:19.95578	rhythm
1806	2	91	/work_categories/	Работы	0.2	3	2022-11-27 21:20:21.503164	rhythm
1807	2	92	/works/all-works/	Категория работ Все работы	0.31	3	2022-11-27 21:20:24.134486	rhythm
1808	2	61	/service_categories/	Услуги	0.2	2	2022-11-27 21:20:24.979596	rhythm
1809	2	62	/services/all-services/	Категория услуг Все услуги	0.2	2	2022-11-27 21:20:25.604661	rhythm
1810	2	62	/services/service_web/	Категория услуг Веб-разработка	0.2	2	2022-11-27 21:20:26.821456	rhythm
1811	2	71	/store_categories/	Товары	0.2	2	2022-11-27 21:20:28.007259	rhythm
1812	2	72	/stores/all-stores/	Категория товаров Все товары	0.2	2	2022-11-27 21:20:28.700421	rhythm
1813	2	81	/wiki_categories/	База знаний	0.36	7	2022-11-27 21:20:35.328086	rhythm
1814	2	82	/wikis/all-wikis/	Категория обучалки Все статьи	0.2	2	2022-11-27 21:20:36.445084	rhythm
1815	2	41	/blog_categories/	Блог	0.2	5	2022-11-27 21:20:39.768649	rhythm
1816	2	31	/tags/	Теги	0.2	4	2022-11-27 21:20:43.024899	rhythm
1817	2	10	/info/	Информация	0.2	8	2022-11-27 21:20:49.908341	rhythm
1818	2	14	/cookie_users_list/	Статистика сайта	0.2	15	2022-11-27 21:21:04.040215	rhythm
1819	2	14	/cookie_users_list/	Статистика сайта	0.18	2	2022-11-27 21:21:06.161304	rhythm
1820	2	1	/	Главная страница	0.18	3	2022-11-27 21:21:08.03467	rhythm
1821	2	1	/	Главная страница	0.48	16	2022-11-27 21:21:23.519682	rhythm
1822	2	61	/service_categories/	Услуги	0.18	3	2022-11-27 21:21:25.655201	rhythm
1823	2	91	/work_categories/	Работы	0.18	2	2022-11-27 21:21:27.156383	rhythm
1824	2	61	/service_categories/	Услуги	0.33	7	2022-11-27 21:21:32.645974	rhythm
1825	2	71	/store_categories/	Товары	0.18	3	2022-11-27 21:21:34.88411	rhythm
1826	2	41	/blog_categories/	Блог	0.18	15	2022-11-27 21:21:48.794097	rhythm
1827	2	41	/blog_categories/	Блог	0.18	3	2022-11-27 21:21:51.922274	rhythm
1828	2	32	/tag/%D0%92%D0%B5%D0%B1-%D1%80%D0%B0%D0%B7%D1%80%D0%B0%D0%B1%D0%BE%D1%82%D0%BA%D0%B0/	Тег Веб-разработка	0.18	3	2022-11-27 21:21:53.674028	rhythm
1829	2	21	/search/	Общий поиск | начало	0.18	3	2022-11-27 21:21:55.634485	rhythm
1830	2	1	/	Главная страница	0.18	7	2022-11-27 21:22:01.265039	rhythm
1831	2	10	/info/	Информация	0.28	4	2022-11-27 21:22:04.496371	rhythm
1832	2	14	/cookie_users_list/	Статистика сайта	0.26	10	2022-11-27 21:22:14.131685	rhythm
1833	2	1	/	Главная страница	0.18	4	2022-11-27 21:22:16.800036	rhythm
1834	2	13	/history/	История просмотров	0.48	14	2022-11-27 21:22:29.486733	rhythm
1835	2	12	/user_orders/	Ваши заказы	0.18	3	2022-11-27 21:22:31.495124	rhythm
1836	2	61	/service_categories/	Услуги	0.36	4	2022-11-27 21:22:34.257584	rhythm
1837	178	1	/	Главная страница	0.19	4	2022-11-27 23:17:31.221175	rhythm
1838	178	10	/info/	Информация	0.19	10	2022-11-27 23:17:40.544217	rhythm
1839	178	14	/cookie_users_list/	Статистика сайта	0.19	9	2022-11-27 23:17:48.1464	rhythm
1840	178	1	/cookie_users_list/	Главная страница	0.7	13	2022-11-27 23:18:01.093119	rhythm
1841	181	1	/	Главная страница	0.21	5	2022-11-28 12:44:07.795872	rhythm
1842	181	10	/info/	Информация	0.38	17	2022-11-28 12:44:23.192057	rhythm
1843	181	1	/	Главная страница	0.22	6	2022-11-28 12:44:29.047312	rhythm
1844	181	81	/wiki_categories/	База знаний	0.54	15	2022-11-28 12:44:42.621764	rhythm
1845	181	13	/history/	История просмотров	0.24	16	2022-11-28 12:44:57.374774	rhythm
1846	181	21	/search/	Общий поиск | начало	0.21	16	2022-11-28 12:45:12.171584	rhythm
1847	181	1	/	Главная страница	0.21	3	2022-11-28 12:45:14.70804	rhythm
1848	181	61	/	Услуги	1.08	14	2022-11-28 12:45:27.494842	rhythm
1849	181	1	/search/	Главная страница	0.21	2	2022-11-28 12:45:28.235901	rhythm
1850	181	21	/history/	Общий поиск | начало	0.21	1	2022-11-28 12:45:29.063426	rhythm
1851	181	13	/wiki_categories/	История просмотров	0.21	2	2022-11-28 12:45:29.735019	rhythm
1852	181	81	/	База знаний	0.21	2	2022-11-28 12:45:30.4158	rhythm
1853	181	1	/info/	Главная страница	0.21	1	2022-11-28 12:45:31.032401	rhythm
1854	181	10	/	Информация	0.21	2	2022-11-28 12:45:31.662409	rhythm
1855	181	1	/	Главная страница	0.21	3	2022-11-28 12:45:33.386265	rhythm
1856	181	1	/	Главная страница	0.21	3	2022-11-28 12:45:35.308961	rhythm
1857	181	61	/service_categories/	Услуги	0.3	4	2022-11-28 12:45:38.242992	rhythm
1858	181	41	/blog_categories/	Блог	0.21	2	2022-11-28 12:45:39.382301	rhythm
1859	181	81	/wiki_categories/	База знаний	0.21	2	2022-11-28 12:45:40.254058	rhythm
1860	181	91	/work_categories/	Работы	0.25	3	2022-11-28 12:45:42.413188	rhythm
1861	181	92	/works/all-works/	Категория работ Все работы	0.22	4	2022-11-28 12:45:45.852089	rhythm
1862	181	1	/	Главная страница	0.22	2	2022-11-28 12:45:46.822129	rhythm
1863	181	1	/	Главная страница	0.22	4	2022-11-28 12:45:50.082142	rhythm
1864	181	10	/	Информация	0.29	9	2022-11-28 12:45:57.692741	rhythm
1865	181	1	/	Главная страница	0.22	2	2022-11-28 12:45:58.491927	rhythm
1866	12	1	/	Главная страница	0.37	6	2022-11-28 13:04:32.552547	rhythm
1867	12	13	/history/	История просмотров	0.41	6	2022-11-28 13:04:37.250104	rhythm
1868	12	1	/	Главная страница	0.6	8	2022-11-28 13:04:44.039224	rhythm
1869	12	61	/service_categories/	Услуги	0.21	3	2022-11-28 13:04:45.823295	rhythm
1870	12	21	/search/	Общий поиск | начало	0.21	6	2022-11-28 13:04:50.545539	rhythm
1871	12	31	/tags/	Теги	0.21	2	2022-11-28 13:04:52.367829	rhythm
1872	12	10	/info/	Информация	0.21	3	2022-11-28 13:04:53.623127	rhythm
1873	12	1	/	Главная страница	0.21	2	2022-11-28 13:04:54.967413	rhythm
1874	12	10	/info/	Информация	0.21	7	2022-11-28 13:05:00.627482	rhythm
1875	12	14	/cookie_users_list/	Статистика сайта	0.2	24	2022-11-28 13:05:24.17223	rhythm
1876	12	1	/	Главная страница	0.6	35	2022-11-28 13:05:58.292037	rhythm
1877	12	10	/info/	Информация	0.29	15	2022-11-28 13:06:12.444646	rhythm
1878	12	91	/work_categories/	Работы	0.21	4	2022-11-28 13:06:15.202783	rhythm
1879	12	41	/blog_categories/	Блог	0.21	3	2022-11-28 13:06:17.426732	rhythm
1880	2	1	/	Главная страница	0.2	2	2022-11-28 14:27:44.259757	rhythm
1881	2	1	/	Главная страница	0.54	6	2022-11-28 14:27:50.033274	rhythm
1882	2	61	/service_categories/	Услуги	0.2	2	2022-11-28 14:27:50.828417	rhythm
1883	2	62	/services/all-services/	Категория услуг Все услуги	0.2	1	2022-11-28 14:27:51.395559	rhythm
1884	2	62	/services/service_web/	Категория услуг Веб-разработка	0.2	2	2022-11-28 14:27:52.022924	rhythm
1885	2	62	/services/all-services/	Категория услуг Все услуги	0.2	1	2022-11-28 14:27:52.558059	rhythm
1886	2	91	/work_categories/	Работы	0.2	2	2022-11-28 14:27:53.260919	rhythm
1887	2	92	/works/all-works/	Категория работ Все работы	0.2	2	2022-11-28 14:27:54.036632	rhythm
1888	2	71	/store_categories/	Товары	0.2	2	2022-11-28 14:27:54.687852	rhythm
1889	2	72	/stores/all-stores/	Категория товаров Все товары	0.2	2	2022-11-28 14:27:55.800376	rhythm
1890	2	81	/wiki_categories/	База знаний	0.2	1	2022-11-28 14:27:56.434054	rhythm
1891	2	82	/wikis/all-wikis/	Категория обучалки Все статьи	0.2	3	2022-11-28 14:27:58.011632	rhythm
1892	2	31	/tags/	Теги	0.2	2	2022-11-28 14:27:59.026611	rhythm
1893	2	6	/login/	Вход	0.2	3	2022-11-28 14:28:01.216979	rhythm
1894	2	1	/	Главная страница	0.2	5	2022-11-28 14:28:05.976703	rhythm
1895	2	10	/info/	Информация	0.2	2	2022-11-28 14:28:07.138443	rhythm
1896	2	14	/cookie_users_list/	Статистика сайта	0.2	29	2022-11-28 14:28:36.154807	rhythm
1897	2	1	/	Главная страница	0.2	121	2022-11-28 15:12:28.737108	rhythm
1898	2	10	/info/	Информация	0.29	12	2022-11-28 15:12:41.221637	rhythm
1899	2	14	/cookie_users_list/	Статистика сайта	0.2	98	2022-11-28 15:14:18.223199	rhythm
1900	2	92	/works/all-works/	Категория работ Все работы	0.2	5	2022-11-28 15:14:22.4948	rhythm
1901	2	91	/work_categories/	Работы	0.28	4	2022-11-28 15:14:25.3115	rhythm
1902	2	82	/wikis/all-wikis/	Категория обучалки Все статьи	0.2	5	2022-11-28 15:14:29.104931	rhythm
1903	2	9	/helps/how_to_order_a_project/	Категория помощи 'Как заказать проект'	0.49	10	2022-11-28 15:14:37.763988	rhythm
1904	182	1	/	Главная страница	0.26	6	2022-11-28 15:26:54.134371	rhythm
1905	182	61	/service_categories/	Услуги	0.26	3	2022-11-28 15:26:56.027417	rhythm
1906	182	91	/work_categories/	Работы	0.26	3	2022-11-28 15:26:58.489398	rhythm
1907	182	71	/store_categories/	Товары	0.26	3	2022-11-28 15:27:00.080091	rhythm
1908	182	81	/wiki_categories/	База знаний	0.36	7	2022-11-28 15:27:05.910976	rhythm
1909	182	41	/blog_categories/	Блог	0.26	2	2022-11-28 15:27:07.663082	rhythm
1910	182	31	/tags/	Теги	0.26	8	2022-11-28 15:27:15.010431	rhythm
1911	182	10	/info/	Информация	0.26	5	2022-11-28 15:27:19.093743	rhythm
1912	182	14	/cookie_users_list/	Статистика сайта	0.26	4	2022-11-28 15:27:22.489862	rhythm
1913	182	1	/	Главная страница	0.26	7	2022-11-28 15:27:29.017623	rhythm
1914	182	1	/	Главная страница	0.26	3	2022-11-28 15:27:29.913388	rhythm
1915	182	61	/service_categories/	Услуги	0.26	3	2022-11-28 15:27:32.016922	rhythm
1916	182	62	/services/service_web/	Категория услуг Веб-разработка	0.26	5	2022-11-28 15:27:36.163177	rhythm
1917	182	1	/	Главная страница	0.26	2	2022-11-28 15:27:37.580715	rhythm
1918	182	13	/	История просмотров	0.26	2	2022-11-28 15:27:38.859055	rhythm
1919	182	1	/	Главная страница	0.26	2	2022-11-28 15:27:39.534032	rhythm
1920	182	10	/	Информация	0.26	3	2022-11-28 15:27:41.519493	rhythm
1921	182	1	/	Главная страница	0.26	5	2022-11-28 15:27:45.672983	rhythm
1922	182	6	/login/	Вход	0.26	7	2022-11-28 15:27:51.523907	rhythm
1923	181	1	/	Главная страница	0.37	9	2022-11-28 16:05:41.060777	rhythm
1924	181	21	/search/	Общий поиск | начало	0.21	3	2022-11-28 16:05:42.341471	rhythm
1925	185	1	/	Главная страница	0.28	4	2022-11-28 18:24:45.330109	rhythm
1926	185	61	/service_categories/	Услуги	0.28	3	2022-11-28 18:24:47.505182	rhythm
1927	185	71	/store_categories/	Товары	0.28	4	2022-11-28 18:24:50.106246	rhythm
1928	185	81	/wiki_categories/	База знаний	0.28	7	2022-11-28 18:24:56.071633	rhythm
1929	185	41	/blog_categories/	Блог	0.28	6	2022-11-28 18:25:01.343665	rhythm
1930	185	1	/	Главная страница	0.28	11	2022-11-28 18:25:10.96068	rhythm
1931	185	91	/work_categories/	Работы	0.28	2	2022-11-28 18:25:12.143196	rhythm
1932	185	71	/store_categories/	Товары	0.28	1	2022-11-28 18:25:12.818363	rhythm
1933	185	81	/wiki_categories/	База знаний	0.28	2	2022-11-28 18:25:13.776858	rhythm
1934	185	41	/blog_categories/	Блог	0.28	121	2022-11-28 18:32:51.01755	rhythm
1935	185	32	/tag/%D0%92%D0%B5%D0%B1-%D1%80%D0%B0%D0%B7%D1%80%D0%B0%D0%B1%D0%BE%D1%82%D0%BA%D0%B0/	Тег Веб-разработка	0.28	4	2022-11-28 18:32:54.218477	rhythm
1936	185	62	/services/all-services/	Категория услуг Все услуги	0.28	4	2022-11-28 18:32:57.111917	rhythm
1937	185	91	/work_categories/	Работы	0.28	108	2022-11-28 18:34:44.558473	rhythm
1938	12	1	/	Главная страница	0.2	3	2022-11-28 19:03:18.890874	rhythm
1939	12	1	/	Главная страница	0.44	18	2022-11-28 19:03:36.797064	rhythm
1940	12	61	/service_categories/	Услуги	0.39	7	2022-11-28 19:03:43.166187	rhythm
1941	12	91	/work_categories/	Работы	0.2	3	2022-11-28 19:03:45.166689	rhythm
1942	12	71	/store_categories/	Товары	0.2	4	2022-11-28 19:03:47.46693	rhythm
1943	12	41	/blog_categories/	Блог	0.2	3	2022-11-28 19:03:49.687814	rhythm
1944	12	81	/wiki_categories/	База знаний	0.45	20	2022-11-28 19:04:08.591785	rhythm
1945	12	10	/info/	Информация	0.21	4	2022-11-28 19:04:11.749103	rhythm
1946	12	14	/cookie_users_list/	Статистика сайта	0.2	15	2022-11-28 19:04:25.44454	rhythm
1947	12	1	/	Главная страница	0.44	10	2022-11-28 19:04:35.024839	rhythm
1948	12	13	/history/	История просмотров	0.36	4	2022-11-28 19:04:38.376029	rhythm
1949	12	1	/	Главная страница	0.2	3	2022-11-28 19:04:40.190193	rhythm
1950	12	61	/service_categories/	Услуги	0.61	10	2022-11-28 19:05:00.902967	rhythm
1951	12	1	/	Главная страница	0.45	5	2022-11-28 19:05:04.760718	rhythm
1952	12	61	/service_categories/	Услуги	0.21	11	2022-11-28 19:05:14.916864	rhythm
1953	12	1	/	Главная страница	0.61	9	2022-11-28 19:05:23.290636	rhythm
1954	12	91	/work_categories/	Работы	0.21	4	2022-11-28 19:05:25.418531	rhythm
1955	12	31	/tags/	Теги	0.21	2	2022-11-28 19:05:26.800682	rhythm
1956	188	1	/	Главная страница	0.5	81	2022-11-29 00:19:38.493847	rhythm
1957	188	71	/store_categories/	Товары	0.48	5	2022-11-29 00:19:42.240712	rhythm
1958	188	61	/service_categories/	Услуги	0.19	2	2022-11-29 00:19:43.790024	rhythm
1959	188	91	/work_categories/	Работы	0.19	4	2022-11-29 00:19:46.095465	rhythm
1960	188	41	/blog_categories/	Блог	0.19	2	2022-11-29 00:19:47.987657	rhythm
1961	188	81	/blog_categories/	База знаний	0.54	34	2022-11-29 00:20:21.233658	rhythm
1962	188	41	/work_categories/	Блог	0.19	3	2022-11-29 00:20:23.407832	rhythm
1963	2	1	/	Главная страница	0.2	2	2022-11-29 09:19:26.183763	rhythm
1964	2	1	/	Главная страница	0.2	2	2022-11-29 09:19:27.567688	rhythm
1965	2	1	/	Главная страница	0.22	5	2022-11-29 09:19:32.59275	rhythm
1966	2	1	/	Главная страница	0.2	2	2022-11-29 09:19:34.657118	rhythm
1967	2	62	/services/service_web/	Категория услуг Веб-разработка	0.2	2	2022-11-29 09:19:35.497863	rhythm
1968	2	62	/services/all-services/	Категория услуг Все услуги	0.2	3	2022-11-29 09:19:37.402581	rhythm
1969	2	92	/works/all-works/	Категория работ Все работы	0.2	2	2022-11-29 09:19:38.677369	rhythm
1970	2	1	/	Главная страница	0.25	5	2022-11-29 09:19:42.879186	rhythm
1971	2	10	/info/	Информация	0.2	3	2022-11-29 09:19:44.281519	rhythm
1972	2	14	/cookie_users_list/	Статистика сайта	0.22	29	2022-11-29 09:20:12.674292	rhythm
1973	2	1	/	Главная страница	0.2	3	2022-11-29 09:20:23.74846	rhythm
1974	2	1	/	Главная страница	0.2	3	2022-11-29 09:20:28.259545	rhythm
1975	2	13	/history/	История просмотров	0.28	126	2022-11-29 09:48:28.048559	rhythm
1976	2	1	/	Главная страница	0.51	13	2022-11-29 09:48:34.186918	rhythm
1977	2	1	/	Главная страница	0.2	2	2022-11-29 09:48:36.046044	rhythm
1978	2	91	/work_categories/	Работы	0.2	2	2022-11-29 09:48:36.934878	rhythm
1979	2	92	/works/all-works/	Категория работ Все работы	0.2	2	2022-11-29 09:48:37.913709	rhythm
1980	2	71	/store_categories/	Товары	0.2	2	2022-11-29 09:48:38.836807	rhythm
1981	2	72	/stores/all-stores/	Категория товаров Все товары	0.2	2	2022-11-29 09:48:40.054174	rhythm
1982	2	81	/wiki_categories/	База знаний	0.2	2	2022-11-29 09:48:40.959974	rhythm
1983	2	82	/wikis/all-wikis/	Категория обучалки Все статьи	0.2	2	2022-11-29 09:48:42.23785	rhythm
1984	2	41	/blog_categories/	Блог	0.2	2	2022-11-29 09:48:43.111268	rhythm
1985	2	42	/blogs/all-articles/	Категория блога Все статьи	0.2	2	2022-11-29 09:48:44.445995	rhythm
1986	2	1	/	Главная страница	0.2	121	2022-11-29 10:01:11.35968	rhythm
1987	2	1	/	Главная страница	0.36	6	2022-11-29 10:01:14.50441	rhythm
1988	2	10	/info/	Информация	0.25	127	2022-11-29 11:32:48.340628	rhythm
1989	2	1	/	Главная страница	0.2	121	2022-11-29 12:06:14.044274	rhythm
1990	2	1	/	Главная страница	0.54	15	2022-11-29 12:06:29.157686	rhythm
1991	2	1	/	Главная страница	0.54	165	2022-11-29 12:17:17.582779	rhythm
1992	2	62	/services/all-services/	Категория услуг Все услуги	0.2	1	2022-11-29 12:17:18.417011	rhythm
2128	1	0	/helps/how_to_order_a_project/		0.19	4	2022-12-01 12:34:11.108098	rhythm
1993	2	62	/services/service_web/	Категория услуг Веб-разработка	0.2	5	2022-11-29 12:17:19.713588	rhythm
1994	2	81	/wiki_categories/	База знаний	0.2	121	2022-11-29 12:19:05.170311	rhythm
1995	2	1	/	Главная страница	0.28	4	2022-11-29 12:19:08.601157	rhythm
1996	2	10	/info/	Информация	0.25	121	2022-11-29 12:26:25.710716	rhythm
1997	2	10	/info/	Информация	0.2	2	2022-11-29 12:26:27.452998	rhythm
1998	2	1	/	Главная страница	0.54	6	2022-11-29 12:26:32.22872	rhythm
1999	2	61	/service_categories/	Услуги	0.2	1	2022-11-29 12:26:32.908522	rhythm
2000	2	62	/services/service_web/	Категория услуг Веб-разработка	0.2	2	2022-11-29 12:26:33.440054	rhythm
2001	2	62	/services/all-services/	Категория услуг Все услуги	0.2	2	2022-11-29 12:26:34.480835	rhythm
2002	2	1	/	Главная страница	0.33	3	2022-11-29 12:26:36.691006	rhythm
2003	2	10	/info/	Информация	0.25	4	2022-11-29 12:26:39.454451	rhythm
2004	2	1	/	Главная страница	0.2	7	2022-11-29 12:26:45.113931	rhythm
2005	2	10	/info/	Информация	0.2	2	2022-11-29 12:26:46.567043	rhythm
2006	2	1	/	Главная страница	0.2	2	2022-11-29 12:26:47.57116	rhythm
2007	2	10	/info/	Информация	0.2	2	2022-11-29 12:26:51.339953	rhythm
2008	2	13	/history/	История просмотров	0.28	121	2022-11-29 12:31:04.337292	rhythm
2009	2	13	/history/	История просмотров	0.2	1	2022-11-29 12:31:05.522431	rhythm
2010	2	1	/	Главная страница	0.2	2	2022-11-29 12:31:07.212721	rhythm
2011	1	1	/	Главная страница	0.19	121	2022-11-30 12:02:18.79561	rhythm
2012	1	1	/	Главная страница	0.19	4	2022-11-30 12:02:23.079004	rhythm
2013	1	1	/	Главная страница	0.19	9	2022-11-30 12:02:31.749926	rhythm
2014	1	6	/login/	Вход	0.19	9	2022-11-30 12:02:40.274318	rhythm
2015	1	6	/login/	Вход	0.19	121	2022-11-30 12:53:26.767596	rhythm
2016	1	1	/	Главная страница	0.53	121	2022-11-30 13:07:35.281811	rhythm
2017	1	1	/	Главная страница	0.19	6	2022-11-30 13:07:41.470317	rhythm
2018	1	1	/	Главная страница	0.19	121	2022-11-30 13:10:25.080138	rhythm
2019	1	1	/	Главная страница	0.19	4	2022-11-30 13:10:28.846736	rhythm
2020	1	1	/	Главная страница	0.18	121	2022-11-30 13:13:01.768834	rhythm
2021	1	1	/	Главная страница	0.19	41	2022-11-30 13:13:42.327032	rhythm
2022	1	10	/info/	Информация	0.29	9	2022-11-30 13:13:50.791125	rhythm
2023	1	9	/helps/how_to_order_a_project/	Как заказать проект| Категория помощи	0.46	31	2022-11-30 13:14:20.327155	rhythm
2024	1	9	/helps/how_to_order_a_project/	Как заказать проект| Категория помощи	0.19	8	2022-11-30 13:14:28.402924	rhythm
2025	1	6	/login/	Вход	0.19	8	2022-11-30 13:14:36.452714	rhythm
2026	1	1	/	Главная страница	0.53	121	2022-11-30 13:16:39.942947	rhythm
2027	1	6	/login/	Вход	0.19	1	2022-11-30 13:16:48.142434	rhythm
2028	1	1	/	Главная страница	0.19	2	2022-11-30 13:16:50.121528	rhythm
2029	1	1	/	Главная страница	0.19	5	2022-11-30 13:16:55.351328	rhythm
2030	1	6	/login/	Вход	0.19	121	2022-11-30 13:33:57.570002	rhythm
2031	1	6	/login/	Вход	0.19	3	2022-11-30 13:34:00.254496	rhythm
2032	1	9	/helps/how_to_order_a_project/	Как заказать проект| Категория помощи	0.32	4	2022-11-30 13:34:03.383626	rhythm
2033	1	9	/helps/what_do_we_know_abou_you/	Что мы о Вас знаем| Категория помощи	0.46	5	2022-11-30 13:34:07.0115	rhythm
2034	1	9	/helps/stages_of_project_creation/	Этапы создания проектов| Категория помощи	0.39	49	2022-11-30 13:34:55.280557	rhythm
2035	1	9	/helps/stages_of_project_creation/	Этапы создания проектов| Категория помощи	0.26	2	2022-11-30 13:34:57.377728	rhythm
2036	1	21	/search/	Общий поиск | Начало	0.18	4	2022-11-30 13:35:00.426847	rhythm
2037	1	9	/helps/how_to_order_a_project/	Как заказать проект| Категория помощи	0.18	5	2022-11-30 13:35:03.81197	rhythm
2038	1	10	/info/	Информация	0.18	3	2022-11-30 13:35:05.908503	rhythm
2039	1	1	/	Главная страница	0.18	7	2022-11-30 13:35:12.345599	rhythm
2040	1	1	/	Главная страница	0.19	41	2022-11-30 13:35:53.319246	rhythm
2041	1	1	/	Главная страница	0.32	7	2022-11-30 13:36:00.512956	rhythm
2042	1	9	/helps/stages_of_project_creation/	Этапы создания проектов| Категория помощи	0.3	47	2022-11-30 13:36:46.099901	rhythm
2043	1	1	/	Главная страница	0.19	2	2022-11-30 13:36:58.723869	rhythm
2044	1	10	/info/	Информация	0.19	2	2022-11-30 13:37:00.542014	rhythm
2045	1	10	/info/	Информация	0.19	3	2022-11-30 13:37:03.075042	rhythm
2046	1	1	/	Главная страница	0.19	3	2022-11-30 13:37:08.4074	rhythm
2047	1	9	/helps/what_do_we_know_abou_you/	Что мы о Вас знаем| Категория помощи	0.19	4	2022-11-30 13:37:10.505565	rhythm
2048	1	1	/	Главная страница	0.19	121	2022-11-30 13:42:55.434242	rhythm
2049	1	31	/tags/	Теги	0.19	1	2022-11-30 13:42:56.72165	rhythm
2050	1	32	/tag/%D1%82%D1%80%D0%B5%D0%B7%D0%B2%D1%8B%D0%B9.%D1%80%D1%83%D1%81/	трезвый.рус | Тег	0.19	1	2022-11-30 13:42:59.293519	rhythm
2051	1	1	/	Главная страница	0.19	121	2022-11-30 13:52:22.019263	rhythm
2052	1	1	/	Главная страница	0.19	8	2022-11-30 13:52:30.174086	rhythm
2053	1	9	/helps/how_to_order_a_project/	Как заказать проект| Категория помощи	0.19	4	2022-11-30 13:52:32.847417	rhythm
2054	195	9	/helps/how_to_order_a_project/	Как заказать проект| Категория помощи	0.19	1	2022-11-30 13:55:19.851852	rhythm
2055	1	9	/helps/how_to_order_a_project/	Как заказать проект| Категория помощи	0.19	3	2022-11-30 13:55:22.628548	rhythm
2056	1	9	/helps/what_do_we_know_abou_you/	Что мы о Вас знаем| Категория помощи	0.19	5	2022-11-30 13:55:26.777914	rhythm
2057	1	9	/helps/what_do_we_know_abou_you/	Что мы о Вас знаем| Категория помощи	0.19	4	2022-11-30 13:55:32.723389	rhythm
2058	1	1	/	Главная страница	0.19	3	2022-11-30 14:19:08.908702	rhythm
2059	1	9	/helps/how_to_order_a_project/	Как заказать проект| Категория помощи	0.19	5	2022-11-30 14:19:13.220693	rhythm
2060	1	1	/	Главная страница	0.19	121	2022-11-30 15:24:01.491242	rhythm
2061	1	61	/service_categories/	Услуги	0.19	1	2022-11-30 15:24:02.227358	rhythm
2062	1	62	/services/service_web/	Веб-разработка | Категория услуг	0.19	1	2022-11-30 15:24:02.628493	rhythm
2063	1	62	/services/all-services/	Все услуги | Категория услуг	0.19	1	2022-11-30 15:26:00.461412	rhythm
2064	1	62	/services/all-services/	Все услуги | Категория услуг	0.19	3	2022-11-30 15:26:03.485376	rhythm
2065	1	9	/helps/how_to_order_a_project/	Как заказать проект| Категория помощи	0.19	2	2022-11-30 15:26:04.359437	rhythm
2066	1	9	/helps/what_do_we_know_abou_you/	Что мы о Вас знаем| Категория помощи	0.19	1	2022-11-30 15:26:04.92729	rhythm
2067	1	9	/helps/stages_of_project_creation/	Этапы создания проектов| Категория помощи	0.35	7	2022-11-30 15:26:10.499335	rhythm
2068	1	9	/helps/what_do_we_know_abou_you/	Что мы о Вас знаем| Категория помощи	0.19	2	2022-11-30 15:26:11.259728	rhythm
2069	1	9	/helps/how_to_order_a_project/	Как заказать проект| Категория помощи	0.19	2	2022-11-30 15:26:12.48906	rhythm
2070	1	1	/	Главная страница	0.53	11	2022-11-30 17:36:49.027235	rhythm
2071	1	1	/	Главная страница	0.19	38	2022-11-30 17:37:19.596734	rhythm
2072	1	1	/	Главная страница	0.19	121	2022-11-30 17:43:51.469365	rhythm
2073	1	0	/lkl		0.19	3	2022-11-30 17:43:54.367544	rhythm
2074	1	1	/	Главная страница	0.19	3	2022-11-30 17:43:57.075351	rhythm
2075	1	1	/	Главная страница	0.19	3	2022-11-30 17:43:59.704533	rhythm
2076	1	1	/	Главная страница	0.19	1	2022-11-30 17:44:01.066688	rhythm
2077	1	81	/wiki_categories/	База знаний	0.19	21	2022-11-30 17:44:20.488267	rhythm
2078	1	1	/	Главная страница	0.19	2	2022-11-30 17:44:21.928158	rhythm
2079	1	81	/	База знаний	0.19	2	2022-11-30 17:44:23.003297	rhythm
2080	1	1	/wiki_categories/	Главная страница	0.19	3	2022-11-30 17:44:24.372819	rhythm
2081	1	81	/wiki_categories/	База знаний	0.19	121	2022-11-30 17:49:35.737938	rhythm
2082	1	1	/wiki_categories/	Главная страница	0.19	4	2022-11-30 17:49:38.377476	rhythm
2083	1	81	/wiki_categories/	База знаний	0.19	2	2022-11-30 17:49:39.406448	rhythm
2084	1	81	/wiki_categories/	База знаний	0.19	6	2022-11-30 17:49:45.402066	rhythm
2085	1	6	/login/	Вход	0.19	12	2022-11-30 17:49:56.514388	rhythm
2086	1	1	/	Главная страница	0.19	3	2022-11-30 17:49:59.610533	rhythm
2087	1	1	/	Главная страница	0.19	1	2022-11-30 17:50:00.535394	rhythm
2088	1	1	/	Главная страница	0.19	3	2022-11-30 17:50:03.659661	rhythm
2089	1	92	/works/all-works/	Все работы | Категория работ	0.19	8	2022-11-30 17:50:10.143125	rhythm
2090	1	81	/wiki_categories/	База знаний	0.19	3	2022-11-30 17:50:11.963907	rhythm
2091	1	1	/	Главная страница	0.46	241	2022-11-30 17:53:53.488154	rhythm
2092	1	10	/info/	Информация	0.19	3	2022-11-30 17:53:54.898798	rhythm
2093	1	14	/cookie_users_list/	Статистика сайта	0.59	17	2022-11-30 17:54:05.020237	rhythm
2094	1	1	/	Главная страница	0.19	121	2022-11-30 18:09:52.751372	rhythm
2095	1	1	/	Главная страница	0.19	2	2022-11-30 19:29:18.900327	rhythm
2096	1	1	/	Главная страница	0.19	12	2022-11-30 19:29:30.3037	rhythm
2097	1	62	/services/service_web/	Веб-разработка | Категория услуг	0.19	3	2022-11-30 19:29:32.379291	rhythm
2098	1	62	/services/all-services/	Все услуги | Категория услуг	0.19	2	2022-11-30 19:29:33.453537	rhythm
2099	1	1	/	Главная страница	0.19	2	2022-11-30 19:29:35.29202	rhythm
2100	1	10	/info/	Информация	0.19	3	2022-11-30 19:29:36.646135	rhythm
2101	1	14	/cookie_users_list/	Статистика сайта	0.51	45	2022-11-30 19:30:21.303542	rhythm
2102	1	14	/cookie_users_list/	Статистика сайта	0.36	110	2022-11-30 19:32:11.456621	rhythm
2103	1	14	/cookie_users_list/	Статистика сайта	0.31	5	2022-11-30 19:32:16.680645	rhythm
2104	1	61	/service_categories/	Услуги	0.18	4	2022-11-30 19:32:19.312771	rhythm
2105	1	9	/helps/how_to_order_a_project/	Как заказать проект| Категория помощи	0.55	45	2022-11-30 19:33:02.812843	rhythm
2106	1	1	/	Главная страница	0.18	2	2022-11-30 19:33:04.421696	rhythm
2107	1	1	/	Главная страница	0.18	7	2022-11-30 19:33:11.717231	rhythm
2108	1	31	/tags/	Теги	0.18	3	2022-11-30 19:33:13.104804	rhythm
2109	1	32	/tag/%D0%92%D0%B5%D0%B1-%D1%80%D0%B0%D0%B7%D1%80%D0%B0%D0%B1%D0%BE%D1%82%D0%BA%D0%B0/	Веб-разработка | Тег	0.18	121	2022-11-30 19:50:14.800053	rhythm
2110	1	32	/tag/%D0%92%D0%B5%D0%B1-%D1%80%D0%B0%D0%B7%D1%80%D0%B0%D0%B1%D0%BE%D1%82%D0%BA%D0%B0/	Веб-разработка | Тег	0.18	4	2022-11-30 19:50:18.52915	rhythm
2111	1	21	/search/	Общий поиск | Начало	0.18	2	2022-11-30 19:50:20.238831	rhythm
2112	1	1	/	Главная страница	0.18	121	2022-11-30 20:00:31.667246	rhythm
2113	1	31	/tags/	Теги	0.18	2	2022-11-30 20:00:33.162144	rhythm
2114	1	32	/tag/%D0%92%D0%B5%D0%B1-%D1%80%D0%B0%D0%B7%D1%80%D0%B0%D0%B1%D0%BE%D1%82%D0%BA%D0%B0/	Веб-разработка | Тег	0.18	3	2022-11-30 20:00:34.611803	rhythm
2115	1	32	/tag/%D0%92%D0%B5%D0%B1-%D1%80%D0%B0%D0%B7%D1%80%D0%B0%D0%B1%D0%BE%D1%82%D0%BA%D0%B0/	Веб-разработка | Тег	0.18	121	2022-11-30 20:05:58.532082	rhythm
2116	1	32	/tag/%D0%92%D0%B5%D0%B1-%D1%80%D0%B0%D0%B7%D1%80%D0%B0%D0%B1%D0%BE%D1%82%D0%BA%D0%B0/	Веб-разработка | Тег	0.18	3	2022-11-30 20:06:01.444092	rhythm
2117	1	32	/tag/%D0%92%D0%B5%D0%B1-%D1%80%D0%B0%D0%B7%D1%80%D0%B0%D0%B1%D0%BE%D1%82%D0%BA%D0%B0/	Веб-разработка | Тег	0.19	121	2022-11-30 20:09:42.909033	rhythm
2118	1	9	/tag/%D0%92%D0%B5%D0%B1-%D1%80%D0%B0%D0%B7%D1%80%D0%B0%D0%B1%D0%BE%D1%82%D0%BA%D0%B0/	Как заказать проект| Категория помощи	0.59	36	2022-11-30 20:10:19.179709	rhythm
2119	1	32	/tag/%D0%92%D0%B5%D0%B1-%D1%80%D0%B0%D0%B7%D1%80%D0%B0%D0%B1%D0%BE%D1%82%D0%BA%D0%B0/	Веб-разработка | Тег	0.19	2	2022-11-30 20:10:20.48598	rhythm
2120	1	32	/tag/%D0%92%D0%B5%D0%B1-%D1%80%D0%B0%D0%B7%D1%80%D0%B0%D0%B1%D0%BE%D1%82%D0%BA%D0%B0/	Веб-разработка | Тег	0.19	121	2022-11-30 20:22:05.431143	rhythm
2121	1	31	/tags/	Теги	0.19	1	2022-11-30 20:22:07.345909	rhythm
2122	1	32	/tag/%D0%92%D0%B5%D0%B1-%D1%80%D0%B0%D0%B7%D1%80%D0%B0%D0%B1%D0%BE%D1%82%D0%BA%D0%B0/	Веб-разработка | Тег	0.19	1	2022-11-30 20:29:16.537476	rhythm
2123	1	31	/tags/	Теги	0.19	1	2022-11-30 20:29:18.084825	rhythm
2124	1	32	/tag/%D0%92%D0%B5%D0%B1-%D1%80%D0%B0%D0%B7%D1%80%D0%B0%D0%B1%D0%BE%D1%82%D0%BA%D0%B0/	Веб-разработка | Тег	0.19	1	2022-11-30 20:45:36.52113	rhythm
2125	201	1	/	Главная страница	0.19	121	2022-12-01 12:34:02.298033	rhythm
2126	1	1	/	Главная страница	0.19	2	2022-12-01 12:34:03.965255	rhythm
2127	1	62	/services/service_web/	Веб-разработка | Категория услуг	0.19	5	2022-12-01 12:34:07.681187	rhythm
2129	1	0	/helps/how_to_order_a_project		0.19	81	2022-12-01 12:35:31.715013	rhythm
2130	1	1	/	Главная страница	0.19	2	2022-12-01 12:35:33.194899	rhythm
2131	1	62	/services/all-services/	Все услуги | Категория услуг	0.19	2	2022-12-01 12:35:34.141518	rhythm
2132	1	62	/services/service_web/	Веб-разработка | Категория услуг	0.19	3	2022-12-01 12:35:36.396721	rhythm
2133	1	0	/services/service_web		0.19	121	2022-12-01 12:37:41.358574	rhythm
2134	1	1	/	Главная страница	0.19	32	2022-12-01 12:38:12.787277	rhythm
2135	1	1	/	Главная страница	0.19	4	2022-12-01 12:38:16.987402	rhythm
2136	1	0	/helps/how_to_order_a_project/		0.19	5	2022-12-01 12:38:20.176432	rhythm
2137	1	0	/helps/how_to_order_a_project		0.19	121	2022-12-01 12:43:50.0664	rhythm
2138	1	0	/helps/how_to_order_a_project		0.19	3	2022-12-01 12:43:53.094592	rhythm
2139	1	0	/helps/how_to_order_a_project/		0.19	121	2022-12-01 12:46:01.692337	rhythm
2140	1	0	/helps/how_to_order_a_project/		0.19	3	2022-12-01 12:46:04.641139	rhythm
2141	1	0	/helps/how_to_order_a_project		0.19	5	2022-12-01 12:46:09.029406	rhythm
2142	1	0	/helps/how_to_order_a_project/		0.19	121	2022-12-01 12:52:22.275866	rhythm
2143	1	9	/helps/how_to_order_a_project/	Как заказать проект| Категория помощи	0.19	3	2022-12-01 12:52:25.218246	rhythm
2144	1	9	/helps/how_to_order_a_project	Как заказать проект| Категория помощи	0.19	4	2022-12-01 12:52:29.579123	rhythm
2145	1	0	/helpshow_der_a_pro		0.19	3	2022-12-01 12:54:28.06528	rhythm
2146	1	1	/	Главная страница	0.19	2	2022-12-01 12:54:30.387422	rhythm
2147	1	1	/	Главная страница	0.19	121	2022-12-01 12:58:45.506602	rhythm
2148	1	0	/helps/how_to_order_a_project/		0.19	1	2022-12-01 12:58:48.745071	rhythm
2149	1	0	/helps/how_to_order_a_project		0.19	10	2022-12-01 12:58:58.435931	rhythm
2150	1	9	/helps//how_to_order_a_project	Как заказать проект| Категория помощи	0.19	4	2022-12-01 12:59:02.390073	rhythm
2151	1	1	/	Главная страница	0.19	5	2022-12-01 13:00:09.087361	rhythm
2152	1	0	/helps/how_to_order_a_project/		0.19	5	2022-12-01 13:00:12.911548	rhythm
2153	1	0	/helps/how_to_order_a_project		0.19	4	2022-12-01 13:00:16.706799	rhythm
2154	1	1	/	Главная страница	0.19	4	2022-12-01 13:53:10.918164	rhythm
2155	1	9	/helps/how_to_order_a_project/	Как заказать проект| Категория помощи	0.19	3	2022-12-01 13:53:12.850084	rhythm
2156	1	32	/tag/%D0%92%D0%B5%D0%B1-%D1%80%D0%B0%D0%B7%D1%80%D0%B0%D0%B1%D0%BE%D1%82%D0%BA%D0%B0/	Веб-разработка | Тег	0.19	16	2022-12-01 13:53:27.450338	rhythm
2157	1	9	/helps/how_to_order_a_project/	Как заказать проект| Категория помощи	0.38	121	2022-12-01 13:57:40.077597	rhythm
2158	1	1	/	Главная страница	0.19	3	2022-12-01 15:23:58.264619	rhythm
2159	1	31	/tags/	Теги	0.19	3	2022-12-01 15:24:00.39385	rhythm
2160	1	9	/helps/how_to_order_a_project/	Как заказать проект | Категория помощи	0.19	121	2022-12-01 15:26:30.314778	rhythm
2161	1	32	/tag/%D0%92%D0%B5%D0%B1-%D1%80%D0%B0%D0%B7%D1%80%D0%B0%D0%B1%D0%BE%D1%82%D0%BA%D0%B0/	Веб-разработка | Тег	0.19	121	2022-12-01 15:26:32.388101	rhythm
2162	1	32	/tag/%D0%92%D0%B5%D0%B1-%D1%80%D0%B0%D0%B7%D1%80%D0%B0%D0%B1%D0%BE%D1%82%D0%BA%D0%B0/	Веб-разработка | Тег	0.19	121	2022-12-01 15:45:07.165724	rhythm
2163	1	32	/tag/%D0%92%D0%B5%D0%B1-%D1%80%D0%B0%D0%B7%D1%80%D0%B0%D0%B1%D0%BE%D1%82%D0%BA%D0%B0/	Веб-разработка | Тег	0.19	121	2022-12-01 16:05:08.880951	rhythm
2164	1	32	/tag/%D0%92%D0%B5%D0%B1-%D1%80%D0%B0%D0%B7%D1%80%D0%B0%D0%B1%D0%BE%D1%82%D0%BA%D0%B0/	Веб-разработка | Тег	0.19	121	2022-12-01 16:09:09.231114	rhythm
2165	1	32	/tag/%D0%92%D0%B5%D0%B1-%D1%80%D0%B0%D0%B7%D1%80%D0%B0%D0%B1%D0%BE%D1%82%D0%BA%D0%B0/	Веб-разработка | Тег	0.47	131	2022-12-01 16:11:31.063395	rhythm
2166	1	31	/tags/	Теги	0.19	3	2022-12-01 16:11:32.695328	rhythm
2167	1	32	/tag/%D0%92%D0%B5%D0%B1-%D1%80%D0%B0%D0%B7%D1%80%D0%B0%D0%B1%D0%BE%D1%82%D0%BA%D0%B0/	Веб-разработка | Тег	0.19	2	2022-12-01 16:11:33.901026	rhythm
2168	1	31	/tags/	Теги	0.19	121	2022-12-01 17:04:04.237262	rhythm
2169	1	32	/tag/%D0%92%D0%B5%D0%B1-%D1%80%D0%B0%D0%B7%D1%80%D0%B0%D0%B1%D0%BE%D1%82%D0%BA%D0%B0/	Веб-разработка | Тег	0.38	122	2022-12-01 17:26:10.252616	rhythm
2170	1	32	/tag/%D0%92%D0%B5%D0%B1-%D1%80%D0%B0%D0%B7%D1%80%D0%B0%D0%B1%D0%BE%D1%82%D0%BA%D0%B0/	Веб-разработка | Тег	0.19	2	2022-12-01 17:26:12.731313	rhythm
2171	1	9	/tag/%D0%92%D0%B5%D0%B1-%D1%80%D0%B0%D0%B7%D1%80%D0%B0%D0%B1%D0%BE%D1%82%D0%BA%D0%B0/	Как заказать проект | Категория помощи	0.19	3	2022-12-01 17:26:14.120806	rhythm
2172	1	32	/tag/%D0%92%D0%B5%D0%B1-%D1%80%D0%B0%D0%B7%D1%80%D0%B0%D0%B1%D0%BE%D1%82%D0%BA%D0%B0/	Веб-разработка | Тег	0.19	121	2022-12-01 18:39:48.811721	rhythm
2173	1	32	/tag/%D0%92%D0%B5%D0%B1-%D1%80%D0%B0%D0%B7%D1%80%D0%B0%D0%B1%D0%BE%D1%82%D0%BA%D0%B0/	Веб-разработка | Тег	0.19	6	2022-12-01 18:39:54.839199	rhythm
2174	1	38	/tag_helps/%D0%92%D0%B5%D0%B1-%D1%80%D0%B0%D0%B7%D1%80%D0%B0%D0%B1%D0%BE%D1%82%D0%BA%D0%B0/	Веб-разработка | Помощь тега	0.48	10	2022-12-01 18:40:03.966035	rhythm
2175	1	32	/tag/%D0%92%D0%B5%D0%B1-%D1%80%D0%B0%D0%B7%D1%80%D0%B0%D0%B1%D0%BE%D1%82%D0%BA%D0%B0/	Веб-разработка | Тег	0.19	35	2022-12-01 18:41:06.27828	rhythm
2176	1	38	/tag_helps/%D0%92%D0%B5%D0%B1-%D1%80%D0%B0%D0%B7%D1%80%D0%B0%D0%B1%D0%BE%D1%82%D0%BA%D0%B0/	Веб-разработка | Помощь тега	0.19	36	2022-12-01 18:42:01.235439	rhythm
2177	1	32	/tag/%D0%92%D0%B5%D0%B1-%D1%80%D0%B0%D0%B7%D1%80%D0%B0%D0%B1%D0%BE%D1%82%D0%BA%D0%B0/	Веб-разработка | Тег	0.19	21	2022-12-01 18:42:39.88521	rhythm
2178	1	32	/tag/%D0%92%D0%B5%D0%B1-%D1%80%D0%B0%D0%B7%D1%80%D0%B0%D0%B1%D0%BE%D1%82%D0%BA%D0%B0/	Веб-разработка | Тег	0.19	15	2022-12-01 18:42:58.803148	rhythm
2179	1	9	/helps/how_to_order_a_project/	Как заказать проект | Категория помощи	0.9	9	2022-12-01 18:43:06.296674	rhythm
2180	1	32	/tag/%D0%92%D0%B5%D0%B1-%D1%80%D0%B0%D0%B7%D1%80%D0%B0%D0%B1%D0%BE%D1%82%D0%BA%D0%B0/	Веб-разработка | Тег	0.19	9	2022-12-01 18:43:14.880372	rhythm
2181	1	31	/tags/	Теги	0.19	8	2022-12-01 18:43:21.859876	rhythm
2182	1	32	/tag/%D0%92%D0%B5%D0%B1-%D1%80%D0%B0%D0%B7%D1%80%D0%B0%D0%B1%D0%BE%D1%82%D0%BA%D0%B0/	Веб-разработка | Тег	0.19	6	2022-12-01 18:43:26.377412	rhythm
2183	1	38	/tag_helps/%D0%92%D0%B5%D0%B1-%D1%80%D0%B0%D0%B7%D1%80%D0%B0%D0%B1%D0%BE%D1%82%D0%BA%D0%B0/	Веб-разработка | Помощь тега	0.43	11	2022-12-01 18:43:37.090236	rhythm
2184	2	1	/	Главная страница	0.19	4	2022-12-01 18:50:03.516682	rhythm
2185	2	31	/tags/	Теги	0.19	3	2022-12-01 18:50:04.610849	rhythm
2253	2	1	/	Главная страница	0.19	4	2022-12-01 19:58:32.271144	rhythm
2186	2	32	/tag/%D0%92%D0%B5%D0%B1-%D1%80%D0%B0%D0%B7%D1%80%D0%B0%D0%B1%D0%BE%D1%82%D0%BA%D0%B0/	Веб-разработка | Тег	0.19	2	2022-12-01 18:50:06.126833	rhythm
2187	2	9	/helps/how_to_order_a_project/	Как заказать проект | Категория помощи	0.35	6	2022-12-01 18:50:10.686787	rhythm
2188	2	9	/helps/how_to_order_a_project/	Как заказать проект | Категория помощи	0.38	6	2022-12-01 18:50:15.335309	rhythm
2189	2	9	/helps/what_do_we_know_abou_you/	Что мы о Вас знаем | Категория помощи	0.19	121	2022-12-01 18:52:29.766183	rhythm
2190	2	1	/	Главная страница	0.38	204	2022-12-01 18:56:10.909348	rhythm
2191	2	1	/	Главная страница	0.19	3	2022-12-01 18:56:14.144305	rhythm
2192	2	31	/tags/	Теги	0.19	3	2022-12-01 18:56:15.955325	rhythm
2193	2	32	/tag/%D0%92%D0%B5%D0%B1-%D1%80%D0%B0%D0%B7%D1%80%D0%B0%D0%B1%D0%BE%D1%82%D0%BA%D0%B0/	Веб-разработка | Тег	0.19	2	2022-12-01 18:56:17.140799	rhythm
2194	2	9	/helps/how_to_order_a_project/	Как заказать проект | Категория помощи	0.38	44	2022-12-01 18:56:59.712248	rhythm
2195	2	9	/helps/how_to_order_a_project/	Как заказать проект | Категория помощи	0.19	3	2022-12-01 18:57:02.674012	rhythm
2196	2	1	/	Главная страница	0.38	4	2022-12-01 18:57:05.191917	rhythm
2197	2	1	/	Главная страница	0.19	2	2022-12-01 18:57:06.507002	rhythm
2198	2	1	/	Главная страница	0.19	2	2022-12-01 18:57:08.775811	rhythm
2199	2	1	/	Главная страница	0.47	124	2022-12-01 19:00:46.91508	rhythm
2200	2	1	/	Главная страница	0.53	7	2022-12-01 19:00:51.63214	rhythm
2201	2	1	/	Главная страница	0.53	153	2022-12-01 19:09:45.824754	rhythm
2202	2	1	/	Главная страница	0.53	6	2022-12-01 19:09:52.308717	rhythm
2203	2	62	/services/all-services/	Все услуги | Категория услуг	0.19	2	2022-12-01 19:09:53.115058	rhythm
2204	2	62	/services/service_web/	Веб-разработка | Категория услуг	0.19	2	2022-12-01 19:09:54.200788	rhythm
2205	2	1	/	Главная страница	0.53	59	2022-12-01 19:10:51.68661	rhythm
2206	2	6	/login/	Вход	0.19	3	2022-12-01 19:10:54.015969	rhythm
2207	2	1	/	Главная страница	0.19	3	2022-12-01 19:10:56.56519	rhythm
2208	2	1	/	Главная страница	0.19	2	2022-12-01 19:10:58.131163	rhythm
2209	2	6	/login/	Вход	0.19	6	2022-12-01 19:11:03.046185	rhythm
2210	2	1	/	Главная страница	0.19	3	2022-12-01 19:11:05.806577	rhythm
2211	2	1	/	Главная страница	0.19	3	2022-12-01 19:11:08.646009	rhythm
2212	2	1	/	Главная страница	0.19	104	2022-12-01 19:12:52.54691	rhythm
2213	2	10	/info/	Информация	0.25	10	2022-12-01 19:13:01.123403	rhythm
2214	2	14	/info/	Статистика сайта	0.19	121	2022-12-01 19:15:15.947222	rhythm
2215	2	10	/info/	Информация	0.2	134	2022-12-01 19:16:59.242701	rhythm
2216	2	14	/cookie_users_list/	Статистика сайта	0.19	4	2022-12-01 19:17:00.907942	rhythm
2217	2	1	/	Главная страница	0.19	121	2022-12-01 19:18:32.877505	rhythm
2218	2	10	/info/	Информация	0.27	250	2022-12-01 19:23:46.855652	rhythm
2219	2	61	/service_categories/	Услуги	0.32	22	2022-12-01 19:23:54.744911	rhythm
2220	2	10	/info/	Информация	0.2	241	2022-12-01 19:30:56.08765	rhythm
2221	2	10	/info/	Информация	0.22	4	2022-12-01 19:30:59.491051	rhythm
2222	2	9	/info/	Как заказать проект | Категория помощи	0.19	3	2022-12-01 19:31:01.600378	rhythm
2223	2	10	/info/	Информация	0.25	41	2022-12-01 19:32:11.523243	rhythm
2224	2	9	/helps/stages_of_project_creation/	Этапы создания проектов | Категория помощи	0.19	5	2022-12-01 19:32:16.173409	rhythm
2225	2	9	/helps/stages_of_project_creation/	Этапы создания проектов | Категория помощи	0.38	7	2022-12-01 19:32:23.074678	rhythm
2226	2	9	/helps/how_to_order_a_project/	Как заказать проект | Категория помощи	0.43	8	2022-12-01 19:32:29.878525	rhythm
2227	2	6	/login/	Вход	0.19	9	2022-12-01 19:32:38.400081	rhythm
2228	2	1	/	Главная страница	0.55	16	2022-12-01 19:32:53.978882	rhythm
2229	2	41	/blog_categories/	Блог	0.19	1	2022-12-01 19:32:54.819566	rhythm
2230	2	31	/tags/	Теги	0.19	3	2022-12-01 19:32:56.377163	rhythm
2231	2	32	/tag/%D0%92%D0%B5%D0%B1-%D1%80%D0%B0%D0%B7%D1%80%D0%B0%D0%B1%D0%BE%D1%82%D0%BA%D0%B0/	Веб-разработка | Тег	0.19	7	2022-12-01 19:33:02.119272	rhythm
2232	2	9	/tag/%D0%92%D0%B5%D0%B1-%D1%80%D0%B0%D0%B7%D1%80%D0%B0%D0%B1%D0%BE%D1%82%D0%BA%D0%B0/	Как заказать проект | Категория помощи	1.2	7	2022-12-01 19:33:08.265097	rhythm
2233	2	32	/tag/%D0%92%D0%B5%D0%B1-%D1%80%D0%B0%D0%B7%D1%80%D0%B0%D0%B1%D0%BE%D1%82%D0%BA%D0%B0/	Веб-разработка | Тег	0.19	93	2022-12-01 19:34:39.989136	rhythm
2234	2	31	/tags/	Теги	0.19	4	2022-12-01 19:34:43.523005	rhythm
2235	2	32	/tag/%D1%82%D1%80%D0%B5%D0%B7%D0%B2%D1%8B%D0%B9.%D1%80%D1%83%D1%81/	трезвый.рус | Тег	0.19	3	2022-12-01 19:34:45.351056	rhythm
2236	2	31	/tags/	Теги	0.19	2	2022-12-01 19:34:46.571856	rhythm
2237	2	32	/tag/%D0%92%D0%B5%D0%B1-%D1%80%D0%B0%D0%B7%D1%80%D0%B0%D0%B1%D0%BE%D1%82%D0%BA%D0%B0/	Веб-разработка | Тег	0.19	4	2022-12-01 19:34:48.91851	rhythm
2238	2	1	/	Главная страница	0.22	4	2022-12-01 19:34:52.054956	rhythm
2239	2	31	/tags/	Теги	0.19	5	2022-12-01 19:34:56.503408	rhythm
2240	2	32	/tag/%D0%92%D0%B5%D0%B1-%D1%80%D0%B0%D0%B7%D1%80%D0%B0%D0%B1%D0%BE%D1%82%D0%BA%D0%B0/	Веб-разработка | Тег	0.19	6	2022-12-01 19:35:02.571496	rhythm
2241	2	38	/tag_helps/%D0%92%D0%B5%D0%B1-%D1%80%D0%B0%D0%B7%D1%80%D0%B0%D0%B1%D0%BE%D1%82%D0%BA%D0%B0/	Веб-разработка | Помощь тега	0.19	5	2022-12-01 19:35:05.686227	rhythm
2242	2	31	/tags/	Теги	0.19	121	2022-12-01 19:45:19.98546	rhythm
2243	2	31	/tags/	Теги	0.19	1	2022-12-01 19:45:21.262102	rhythm
2244	2	1	/	Главная страница	0.19	83	2022-12-01 19:46:43.179204	rhythm
2245	2	41	/blog_categories/	Блог	0.19	4	2022-12-01 19:46:46.207867	rhythm
2246	2	42	/blogs/all-articles/	Все статьи | Категория блога	0.19	3	2022-12-01 19:46:47.394096	rhythm
2247	2	42	/blogs/all-articles/	Все статьи | Категория блога	0.19	5	2022-12-01 19:46:52.229533	rhythm
2248	2	32	/tag/%D1%82%D1%80%D0%B5%D0%B7%D0%B2%D1%8B%D0%B9.%D1%80%D1%83%D1%81/	трезвый.рус | Тег	0.19	3	2022-12-01 19:46:54.278318	rhythm
2249	2	31	/tags/	Теги	0.19	2	2022-12-01 19:46:54.919849	rhythm
2250	2	10	/info/	Информация	0.19	2	2022-12-01 19:46:56.170126	rhythm
2251	2	13	/history/	История просмотров	0.27	121	2022-12-01 19:58:25.663074	rhythm
2252	2	13	/history/	История просмотров	0.19	4	2022-12-01 19:58:29.536095	rhythm
2254	2	13	/history/	История просмотров	0.3	12	2022-12-01 19:58:43.874824	rhythm
2255	2	13	/history/	История просмотров	0.3	3	2022-12-01 19:58:46.772278	rhythm
2256	2	13	/history/	История просмотров	0.3	5	2022-12-01 19:58:52.061131	rhythm
2257	2	13	/history/	История просмотров	0.19	1	2022-12-01 19:58:52.927231	rhythm
2258	2	13	/history/	История просмотров	0.3	16	2022-12-01 19:59:08.702917	rhythm
2259	2	13	/history/	История просмотров	0.27	4	2022-12-01 19:59:12.909	rhythm
2260	2	61	/service_categories/	Услуги	0.19	2	2022-12-01 19:59:13.535313	rhythm
2261	2	91	/work_categories/	Работы	0.19	4	2022-12-01 19:59:17.30222	rhythm
2262	2	71	/store_categories/	Товары	0.19	2	2022-12-01 19:59:18.183654	rhythm
2263	2	81	/wiki_categories/	База знаний	0.19	2	2022-12-01 19:59:19.029544	rhythm
2264	2	41	/blog_categories/	Блог	0.19	2	2022-12-01 19:59:19.912078	rhythm
2265	2	31	/tags/	Теги	0.19	3	2022-12-01 19:59:21.377004	rhythm
2266	2	1	/	Главная страница	0.22	5	2022-12-01 19:59:26.068638	rhythm
2267	2	13	/history/	История просмотров	0.3	4	2022-12-01 19:59:29.063071	rhythm
2268	2	13	/history/	История просмотров	0.73	72	2022-12-01 20:00:41.623989	rhythm
2269	2	13	/history/	История просмотров	0.3	3	2022-12-01 20:00:44.268352	rhythm
2270	2	13	/history/	История просмотров	0.27	8	2022-12-01 20:00:51.82941	rhythm
2271	2	13	/history/	История просмотров	0.27	3	2022-12-01 20:00:55.149938	rhythm
2272	2	13	/history/	История просмотров	0.35	121	2022-12-01 20:04:02.632674	rhythm
2273	2	13	/history/	История просмотров	0.19	4	2022-12-01 20:04:06.129965	rhythm
2274	2	13	/history/	История просмотров	0.19	1	2022-12-01 20:04:06.908639	rhythm
2275	2	13	/history/	История просмотров	0.24	10	2022-12-01 20:04:16.379	rhythm
2276	2	13	/history/	История просмотров	0.19	1	2022-12-01 20:04:17.207083	rhythm
2277	2	13	/history/	История просмотров	0.19	1	2022-12-01 20:04:17.91173	rhythm
2278	2	13	/history/	История просмотров	0.19	1	2022-12-01 20:04:18.455918	rhythm
2279	2	13	/history/	История просмотров	0.19	1	2022-12-01 20:04:19.014687	rhythm
2280	203	13	/history/	История просмотров	0.19	1	2022-12-01 20:04:19.521272	rhythm
2281	2	13	/history/	История просмотров	0.27	143	2022-12-01 20:05:55.589806	rhythm
2282	2	13	/history/	История просмотров	0.32	4	2022-12-01 20:05:59.130052	rhythm
2283	2	1	/	Главная страница	0.25	173	2022-12-01 20:07:10.857322	rhythm
2284	2	81	/wiki_categories/	База знаний	0.36	132	2022-12-02 09:36:14.220686	rhythm
2285	2	1	/	Главная страница	0.53	121	2022-12-02 09:45:34.37946	rhythm
2286	2	1	/	Главная страница	0.55	121	2022-12-02 09:49:02.118565	rhythm
2287	2	1	/	Главная страница	0.19	10	2022-12-02 09:49:12.441951	rhythm
2288	2	1	/	Главная страница	0.19	53	2022-12-02 09:50:05.160498	rhythm
2289	2	1	/	Главная страница	0.19	121	2022-12-02 10:12:09.337313	rhythm
2290	2	1	/	Главная страница	0.19	18	2022-12-02 10:12:27.059121	rhythm
2291	2	1	/	Главная страница	0.55	186	2022-12-02 10:26:06.37079	rhythm
2292	2	41	/blog_categories/	Блог	0.22	152	2022-12-02 10:27:46.786363	rhythm
2293	2	1	/	Главная страница	0.51	212	2022-12-02 10:44:41.307347	rhythm
2294	2	6	/login/	Вход	0.29	868	2022-12-02 12:18:16.379604	rhythm
2295	2	6	/login/	Вход	0.19	23	2022-12-02 12:18:35.997318	rhythm
2296	2	1	/	Главная страница	0.19	13	2022-12-02 12:18:48.769751	rhythm
2297	2	1	/	Главная страница	0.19	33	2022-12-02 12:19:21.30789	rhythm
2298	2	1	/	Главная страница	0.19	121	2022-12-02 13:13:28.699237	rhythm
2299	11	13	/history/	История просмотров	0.17	121	2022-12-03 00:01:02.207545	rhythm
2300	181	1	/	Главная страница	0.21	5	2022-12-03 20:17:37.697911	rhythm
2301	181	71	/	Товары	0.21	6	2022-12-03 20:17:43.015253	rhythm
2302	181	1	/	Главная страница	0.21	3	2022-12-03 20:17:45.172913	rhythm
2303	181	13	/history/	История просмотров	0.27	14	2022-12-03 20:17:58.043354	rhythm
2304	181	13	/history/	История просмотров	0.22	2	2022-12-03 20:17:58.90085	rhythm
2305	181	13	/	История просмотров	0.22	1	2022-12-03 20:17:59.377979	rhythm
2306	181	1	/	Главная страница	0.22	3	2022-12-03 20:18:00.585541	rhythm
2307	181	21	/	Общий поиск | Начало	0.22	2	2022-12-03 20:18:01.904156	rhythm
2308	2	1	/	Главная страница	0.19	145	2022-12-04 09:35:15.940127	rhythm
2309	2	1	/	Главная страница	0.48	193	2022-12-04 15:11:34.860374	rhythm
2310	214	1	/	Главная страница	0.18	8	2022-12-05 23:39:48.479286	rhythm
2311	214	61	/service_categories/	Услуги	0.18	3	2022-12-05 23:39:50.155146	rhythm
2312	214	91	/work_categories/	Работы	0.26	6	2022-12-05 23:39:55.124521	rhythm
2313	214	71	/store_categories/	Товары	0.18	2	2022-12-05 23:39:56.724093	rhythm
2314	214	81	/wiki_categories/	База знаний	0.36	8	2022-12-05 23:40:03.550308	rhythm
2315	214	41	/blog_categories/	Блог	0.18	5	2022-12-05 23:40:07.285382	rhythm
2316	214	31	/tags/	Теги	0.18	2	2022-12-05 23:40:08.484035	rhythm
2317	214	10	/info/	Информация	0.18	4	2022-12-05 23:40:11.597673	rhythm
2318	214	31	/tags/	Теги	0.18	3	2022-12-05 23:40:13.848223	rhythm
2319	215	1	/	Главная страница	0.24	1	2022-12-06 07:00:51.576783	rhythm
2320	216	1	/	Главная страница	0.24	10	2022-12-06 07:01:01.843725	rhythm
2321	217	1	/	Главная страница	0.24	1	2022-12-06 07:17:19.513185	rhythm
2322	218	1	/	Главная страница	0.24	10	2022-12-06 07:17:29.775189	rhythm
2323	221	1	/movies/2/	Главная страница	0.59	25	2022-12-06 08:46:00.34772	rhythm
2324	222	1	/	Главная страница	0.21	7	2022-12-06 15:21:50.807309	rhythm
2325	223	1	/	Главная страница	0.24	1	2022-12-06 15:48:35.296978	rhythm
2326	224	1	/	Главная страница	0.24	10	2022-12-06 15:48:45.579249	rhythm
2327	2	1	/	Главная страница	0.29	530	2022-12-06 20:09:02.033656	rhythm
2328	226	1	/	Главная страница	0.24	1	2022-12-07 02:59:10.45192	rhythm
2329	227	1	/	Главная страница	0.24	1	2022-12-07 02:59:20.469138	rhythm
2330	2	1	/	Главная страница	0.2	23	2022-12-07 08:23:33.499099	rhythm
2331	2	6	/login/	Вход	0.2	14	2022-12-07 08:23:45.405578	rhythm
2332	2	1	/	Главная страница	0.2	3	2022-12-07 08:23:48.464488	rhythm
2333	2	1	/	Главная страница	0.38	256	2022-12-07 08:27:18.957053	rhythm
2334	2	14	/cookie_users_list/	Статистика сайта	0.3	31	2022-12-07 17:57:06.254746	rhythm
2335	2	14	/cookie_users_list/	Статистика сайта	0.3	19	2022-12-08 16:15:00.860976	rhythm
2336	2	1	/	Главная страница	0.2	2	2022-12-08 18:57:58.031008	rhythm
2337	2	13	/history/	История просмотров	0.38	95	2022-12-08 18:58:30.074525	rhythm
2338	2	1	/	Главная страница	0.2	2	2022-12-08 18:58:48.553821	rhythm
2339	2	1	/	Главная страница	0.2	121	2022-12-08 19:03:53.413908	rhythm
2340	2	1	/	Главная страница	0.54	86	2022-12-09 15:03:32.688664	rhythm
2341	2	1	/	Главная страница	0.19	5	2022-12-09 19:50:47.912977	rhythm
2342	2	14	/cookie_users_list/	Статистика сайта	0.51	129	2022-12-10 09:12:40.388022	rhythm
2343	2	1	/	Главная страница	0.2	37	2022-12-10 15:59:39.462322	rhythm
2344	2	1	/	Главная страница	0.54	9	2022-12-11 10:17:09.028407	rhythm
2345	2	1	/	Главная страница	0.2	16	2022-12-12 09:24:58.472152	rhythm
2346	2	1	/	Главная страница	0.28	156	2022-12-13 09:49:52.917232	rhythm
2347	245	1	/	Главная страница	0.21	1	2022-12-13 23:20:21.570765	rhythm
2348	247	1	/	Главная страница	0.24	4	2022-12-14 13:37:47.725261	rhythm
2349	247	13	/history/	История просмотров	0.24	24	2022-12-14 13:38:10.540711	rhythm
2350	247	1	/	Главная страница	0.24	3	2022-12-14 13:38:12.299891	rhythm
2351	247	10	/info/	Информация	0.25	30	2022-12-14 13:38:47.941357	rhythm
2352	247	10	/info/	Информация	0.25	8	2022-12-14 13:39:00.317651	rhythm
2353	247	1	/	Главная страница	0.24	85	2022-12-14 13:40:35.642685	rhythm
2354	247	62	/services/all-services/	Все услуги | Категория услуг	0.24	20	2022-12-14 13:40:54.698389	rhythm
2355	247	9	/helps/what_do_we_know_abou_you/	Что мы о Вас знаем | Категория помощи	0.53	431	2022-12-14 13:47:55.75933	rhythm
2356	247	6	/login/	Вход	0.24	16	2022-12-14 13:48:03.296195	rhythm
2357	247	13	/history/	История просмотров	0.28	53	2022-12-14 13:48:29.521926	rhythm
2358	247	12	/user_orders/	Ваши заказы	0.24	13	2022-12-14 13:48:35.778352	rhythm
2359	247	71	/store_categories/	Товары	0.24	7	2022-12-14 13:48:38.583677	rhythm
2360	247	81	/wiki_categories/	База знаний	0.36	31	2022-12-14 13:48:53.866763	rhythm
2361	247	41	/blog_categories/	Блог	0.24	9	2022-12-14 13:48:57.693915	rhythm
2362	247	32	/tag/%D1%82%D1%80%D0%B5%D0%B7%D0%B2%D1%8B%D0%B9.%D1%80%D1%83%D1%81/	трезвый.рус | Тег	0.24	6	2022-12-14 13:49:00.475338	rhythm
2363	247	72	/stores/all-stores/	Все товары | Категория товаров	0.24	20	2022-12-14 13:49:11.578257	rhythm
2364	247	62	/services/service_web/	Веб-разработка | Категория услуг	0.24	5	2022-12-14 13:49:13.664356	rhythm
2365	247	1	/	Главная страница	0.24	7	2022-12-14 13:49:16.243859	rhythm
2366	247	31	/tags/	Теги	0.24	15	2022-12-14 13:49:23.51013	rhythm
2367	247	9	/helps/stages_of_project_creation/	Этапы создания проектов | Категория помощи	0.39	21	2022-12-14 13:49:33.24002	rhythm
2368	247	9	/helps/what_do_we_know_abou_you/	Что мы о Вас знаем | Категория помощи	0.24	17	2022-12-14 13:49:41.608827	rhythm
2369	247	32	/tag/%D0%92%D0%B5%D0%B1-%D1%80%D0%B0%D0%B7%D1%80%D0%B0%D0%B1%D0%BE%D1%82%D0%BA%D0%B0/	Веб-разработка | Тег	0.24	9	2022-12-14 13:49:45.940615	rhythm
2370	247	9	/helps/how_to_order_a_project/	Как заказать проект | Категория помощи	1.09	47	2022-12-14 13:50:08.552467	rhythm
2371	247	61	/service_categories/	Услуги	0.54	15	2022-12-14 13:50:15.562134	rhythm
2372	247	1	/	Главная страница	0.24	12	2022-12-14 13:50:20.965538	rhythm
2373	247	10	/info/	Информация	0.57	341	2022-12-14 13:58:51.871078	rhythm
2374	247	14	/cookie_users_list/	Статистика сайта	0.82	167	2022-12-14 13:59:39.511332	rhythm
2375	247	6	/login/	Вход	0.24	5	2022-12-14 13:59:41.342182	rhythm
2376	247	1	/	Главная страница	0.24	17	2022-12-14 13:59:44.811643	rhythm
2377	247	13	/history/	История просмотров	0.37	49	2022-12-14 13:59:54.585634	rhythm
2378	247	1	/	Главная страница	0.24	61	2022-12-14 14:00:06.700448	rhythm
2379	2	1	/	Главная страница	0.19	2	2022-12-14 14:49:01.893462	rhythm
2380	2	1	/	Главная страница	0.19	173	2022-12-14 14:49:23.619665	rhythm
2381	2	1	/	Главная страница	0.19	5	2022-12-15 07:45:21.400361	rhythm
2382	2	1	/	Главная страница	0.32	860	2022-12-15 07:48:31.070917	rhythm
2383	251	1	/	Главная страница	0.21	3	2022-12-15 12:22:35.536498	rhythm
2384	2	1	/	Главная страница	0.19	22	2022-12-15 15:14:40.867092	rhythm
2385	2	9	/helps/how_to_order_a_project/	Как заказать проект | Категория помощи	0.38	46	2022-12-15 15:14:57.381426	rhythm
2386	255	1	/movies/2/	Главная страница	0.19	10	2022-12-15 18:09:07.830825	rhythm
2387	2	1	/	Главная страница	0.2	4	2022-12-16 09:33:47.659747	rhythm
2388	2	1	/	Главная страница	0.2	306	2022-12-16 09:39:42.10766	rhythm
2389	257	1	/	Главная страница	0.21	3	2022-12-17 04:36:14.557628	rhythm
2390	2	10	/info/	Информация	0.29	212	2022-12-17 14:48:27.791183	rhythm
2391	2	14	/cookie_users_list/	Статистика сайта	0.83	112	2022-12-18 19:55:47.07031	rhythm
2392	2	1	/	Главная страница	0.19	2	2022-12-20 09:54:13.499289	rhythm
2393	2	1	/	Главная страница	0.38	508	2022-12-20 09:57:20.431332	rhythm
2394	2	13	/history/	История просмотров	0.65	93	2022-12-20 10:24:25.576146	rhythm
2395	12	1	/	Главная страница	0.2	6	2022-12-20 11:19:48.188758	rhythm
2396	12	1	/	Главная страница	0.2	7	2022-12-20 11:19:55.388151	rhythm
2397	12	10	/info/	Информация	0.2	3	2022-12-20 11:19:57.340153	rhythm
2398	12	1	/	Главная страница	0.2	2	2022-12-20 11:19:58.459034	rhythm
2399	12	1	/	Главная страница	0.2	3	2022-12-20 11:20:01.569862	rhythm
2400	12	21	/search/	Общий поиск | Начало	0.2	4	2022-12-20 11:20:04.222103	rhythm
2401	12	1	/	Главная страница	0.61	10	2022-12-20 11:20:13.282001	rhythm
2402	12	61	/service_categories/	Услуги	0.42	4	2022-12-20 11:20:16.031928	rhythm
2403	12	62	/services/all-services/	Все услуги | Категория услуг	0.21	3	2022-12-20 11:20:18.428137	rhythm
2404	12	71	/store_categories/	Товары	0.21	3	2022-12-20 11:20:20.899199	rhythm
2405	12	41	/blog_categories/	Блог	0.21	3	2022-12-20 11:20:22.921297	rhythm
2406	12	81	/wiki_categories/	База знаний	0.45	5	2022-12-20 11:20:26.335772	rhythm
2407	12	82	/wikis/all-wikis/	Все статьи | Категория обучалки	0.21	3	2022-12-20 11:20:28.022398	rhythm
2408	12	1	/	Главная страница	0.21	4	2022-12-20 11:20:31.679667	rhythm
2409	12	10	/info/	Информация	0.21	8	2022-12-20 11:20:38.109266	rhythm
2410	12	14	/cookie_users_list/	Статистика сайта	0.35	38	2022-12-20 11:21:14.980582	rhythm
2411	12	21	/search/	Общий поиск | Начало	0.2	4	2022-12-20 11:21:18.725396	rhythm
2412	12	9	/helps/how_to_order_a_project/	Как заказать проект | Категория помощи	0.2	10	2022-12-20 11:21:27.850997	rhythm
2413	12	9	/helps/what_do_we_know_abou_you/	Что мы о Вас знаем | Категория помощи	0.62	16	2022-12-20 11:21:42.375224	rhythm
2414	12	32	/tag/%D0%92%D0%B5%D0%B1-%D1%80%D0%B0%D0%B7%D1%80%D0%B0%D0%B1%D0%BE%D1%82%D0%BA%D0%B0/	Веб-разработка | Тег	0.2	4	2022-12-20 11:21:45.376175	rhythm
2415	12	9	/helps/how_to_order_a_project/	Как заказать проект | Категория помощи	1.32	19	2022-12-20 11:22:03.203324	rhythm
2416	12	1	/	Главная страница	0.61	121	2022-12-20 11:55:06.475942	rhythm
2417	2	1	/	Главная страница	0.19	3	2022-12-20 11:59:24.899657	rhythm
2418	2	1	/	Главная страница	0.19	4	2022-12-20 11:59:28.225679	rhythm
2419	2	1	/	Главная страница	0.25	10	2022-12-20 11:59:34.042514	rhythm
2420	2	1	/	Главная страница	0.19	2	2022-12-20 13:14:55.206082	rhythm
2421	2	1	/	Главная страница	0.53	330	2022-12-20 13:22:10.395357	rhythm
2422	2	61	/service_categories/	Услуги	0.39	491	2022-12-20 13:30:05.221646	rhythm
2423	12	1	/	Главная страница	0.61	129	2022-12-20 14:29:52.206871	rhythm
2424	12	21	/search/	Общий поиск | Начало	0.2	5	2022-12-20 14:29:53.970669	rhythm
2425	12	61	/service_categories/	Услуги	0.2	14	2022-12-20 14:30:00.683196	rhythm
2426	12	1	/	Главная страница	0.58	85	2022-12-20 14:30:42.705632	rhythm
2427	12	1	/	Главная страница	0.2	3	2022-12-20 14:30:46.716812	rhythm
2428	12	1	/	Главная страница	0.2	2	2022-12-20 14:30:48.802424	rhythm
2429	12	21	/search/	Общий поиск | Начало	0.2	2	2022-12-20 14:30:49.966611	rhythm
2430	12	1	/	Главная страница	0.2	3	2022-12-20 14:30:51.654605	rhythm
2431	12	10	/info/	Информация	0.29	4	2022-12-20 14:30:54.934822	rhythm
2432	12	14	/cookie_users_list/	Статистика сайта	0.2	3	2022-12-20 14:30:57.178443	rhythm
2433	12	1	/	Главная страница	0.2	3	2022-12-20 14:30:58.818292	rhythm
2434	12	13	/history/	История просмотров	0.34	18	2022-12-20 14:31:15.552038	rhythm
2435	12	1	/	Главная страница	0.2	121	2022-12-20 14:36:17.498236	rhythm
2436	2	9	/helps/what_do_we_know_abou_you/	Что мы о Вас знаем | Категория помощи	0.19	185	2022-12-21 10:43:05.428219	rhythm
2437	2	1	/	Главная страница	0.19	24	2022-12-21 11:46:07.455338	rhythm
2438	2	1	/	Главная страница	0.19	2	2022-12-21 11:47:16.281093	rhythm
2439	2	1	/	Главная страница	0.19	1	2022-12-21 11:47:16.803675	rhythm
2440	2	62	/services/all-services/	Все услуги | Категория услуг	0.19	4	2022-12-21 11:47:19.493066	rhythm
2441	2	1	/	Главная страница	0.2	2	2022-12-22 20:15:44.914363	rhythm
2442	2	6	/login/	Вход	0.2	147	2022-12-22 20:28:07.841286	rhythm
2443	2	1	/	Главная страница	0.54	38	2022-12-23 07:50:50.291475	rhythm
2444	270	1	/	Главная страница	0.2	121	2022-12-23 18:14:01.66695	rhythm
2445	270	10	/info/	Информация	0.2	1	2022-12-23 18:14:01.823068	rhythm
2446	270	10	/info/	Информация	0.21	6	2022-12-23 18:14:10.138695	rhythm
2447	270	14	/cookie_users_list/	Статистика сайта	0.3	12	2022-12-23 18:14:21.063795	rhythm
2448	270	91	/work_categories/	Работы	0.2	4	2022-12-23 18:14:23.792876	rhythm
2449	2	6	/login/	Вход	0.19	31	2022-12-24 19:07:15.443676	rhythm
2450	2	6	/login/	Вход	0.19	121	2022-12-24 19:11:14.324152	rhythm
2451	2	6	/login/	Вход	0.19	2	2022-12-24 19:11:16.547461	rhythm
2452	2	1	/	Главная страница	0.19	104	2022-12-24 19:12:23.475939	rhythm
2453	2	9	/helps/how_to_order_a_project/	Как заказать проект | Категория помощи	0.46	155	2022-12-24 19:12:57.653328	rhythm
2454	2	1	/	Главная страница	0.19	2	2022-12-24 19:12:59.905267	rhythm
2455	2	0	/edit_item/22/	Изменение объекта Разработка лендингов	0.19	2	2022-12-24 19:13:18.960985	rhythm
2456	2	0	/feedback_list/	Сообщения	0.35	228	2022-12-24 19:13:50.060793	rhythm
2457	12	1	/	Главная страница	0.2	18	2022-12-24 21:10:23.059417	rhythm
2458	12	1	/	Главная страница	0.2	11	2022-12-24 21:10:35.792787	rhythm
2459	12	0	/login		0.2	8	2022-12-24 21:10:43.476618	rhythm
2460	12	6	/login/	Вход	0.2	4	2022-12-24 21:10:46.967509	rhythm
2461	12	1	/	Главная страница	0.2	3	2022-12-24 21:10:50.14437	rhythm
2462	12	1	/	Главная страница	0.56	70	2022-12-24 21:11:23.642813	rhythm
2463	12	1	/	Главная страница	0.88	121	2022-12-24 21:16:30.71612	rhythm
2464	12	1	/	Главная страница	0.88	121	2022-12-24 21:20:50.455076	rhythm
2465	12	1	/	Главная страница	0.2	2	2022-12-24 21:20:52.891121	rhythm
2466	12	1	/	Главная страница	0.52	121	2022-12-24 21:26:10.321717	rhythm
2467	12	1	/	Главная страница	0.52	121	2022-12-24 21:27:39.409241	rhythm
2468	12	1	/	Главная страница	0.21	145	2022-12-24 21:28:16.157924	rhythm
2469	12	1	/	Главная страница	0.21	326	2022-12-24 21:40:57.145662	rhythm
2470	12	41	/blog_categories/	Блог	0.26	68	2022-12-24 21:41:33.500762	rhythm
2471	12	1	/	Главная страница	0.2	123	2022-12-24 22:54:46.43641	rhythm
2472	12	1	/	Главная страница	0.37	121	2022-12-25 01:13:05.635724	rhythm
2473	12	1	/	Главная страница	0.37	121	2022-12-25 04:00:23.484528	rhythm
2474	12	1	/	Главная страница	0.61	9	2022-12-25 04:00:33.532203	rhythm
2475	12	1	/	Главная страница	0.2	121	2022-12-25 07:28:25.901565	rhythm
2476	2	1	/	Главная страница	0.19	2	2022-12-25 08:32:16.936174	rhythm
2477	2	1	/	Главная страница	0.38	3	2022-12-25 08:32:19.968194	rhythm
2478	1	1	/	Главная страница	0.19	4	2022-12-25 09:43:35.076892	rhythm
2479	2	1	/	Главная страница	0.19	2	2022-12-25 09:55:50.469253	rhythm
2480	2	1	/	Главная страница	0.19	7	2022-12-25 09:55:57.261579	rhythm
2481	2	71	/store_categories/	Товары	0.19	7	2022-12-25 09:56:01.962676	rhythm
2482	2	71	/store_categories/	Товары	0.19	34	2022-12-25 09:56:36.291258	rhythm
2483	2	6	/login/	Вход	0.19	8	2022-12-25 09:56:42.472238	rhythm
2484	2	1	/	Главная страница	0.19	2	2022-12-25 09:56:44.692737	rhythm
2485	2	1	/	Главная страница	0.19	1	2022-12-25 09:56:45.427576	rhythm
2486	2	1	/	Главная страница	0.19	1	2022-12-25 09:56:45.9385	rhythm
2487	277	1	/	Главная страница	0.19	1	2022-12-25 09:56:46.434118	rhythm
2488	278	1	/	Главная страница	0.19	1	2022-12-25 09:56:47.314958	rhythm
2489	2	1	/	Главная страница	0.19	1	2022-12-25 09:56:48.510662	rhythm
2490	1	1	/	Главная страница	0.19	121	2022-12-25 10:26:54.656801	rhythm
2491	1	6	/login/	Вход	0.19	18	2022-12-25 10:27:05.067449	rhythm
2492	1	1	/	Главная страница	0.19	2	2022-12-25 10:27:07.073154	rhythm
2493	1	1	/	Главная страница	0.19	6	2022-12-25 10:27:12.97995	rhythm
2494	1	1	/	Главная страница	0.19	12	2022-12-25 10:27:24.666859	rhythm
2495	1	1	/	Главная страница	0.19	113	2022-12-25 10:29:17.660367	rhythm
2496	1	1	/	Главная страница	0.19	7	2022-12-25 10:29:24.67597	rhythm
2497	1	1	/	Главная страница	0.19	8	2022-12-25 10:29:32.416694	rhythm
2498	1	1	/	Главная страница	0.19	65	2022-12-25 10:30:36.977178	rhythm
2499	1	1	/	Главная страница	0.19	5	2022-12-25 10:30:41.707746	rhythm
2500	1	1	/	Главная страница	0.19	26	2022-12-25 10:31:08.069122	rhythm
2501	1	6	/login/	Вход	0.19	18	2022-12-25 11:08:26.958501	rhythm
2502	1	6	/login/	Вход	0.19	26	2022-12-25 11:12:34.69642	rhythm
2503	1	1	/	Главная страница	0.19	4	2022-12-25 11:12:38.854578	rhythm
2504	1	1	/	Главная страница	0.19	13	2022-12-25 11:12:51.996344	rhythm
2505	1	1	/	Главная страница	0.19	121	2022-12-25 11:17:34.221798	rhythm
2506	1	1	/	Главная страница	0.19	121	2022-12-25 11:21:25.996259	rhythm
2507	1	6	/login/	Вход	0.19	20	2022-12-25 11:21:37.518298	rhythm
2508	1	1	/	Главная страница	0.19	4	2022-12-25 11:21:41.751109	rhythm
2509	1	1	/	Главная страница	0.19	14	2022-12-25 11:21:56.001864	rhythm
2510	1	1	/	Главная страница	0.19	121	2022-12-25 11:24:05.565719	rhythm
2511	1	6	/login/	Вход	0.19	18	2022-12-25 11:24:15.649732	rhythm
2512	1	1	/	Главная страница	0.19	7	2022-12-25 11:24:22.345185	rhythm
2513	2	1	/	Главная страница	0.19	14	2022-12-25 11:37:26.042833	rhythm
2514	2	1	/	Главная страница	0.19	12	2022-12-25 11:37:38.391913	rhythm
2515	2	6	/login/	Вход	0.19	6	2022-12-25 11:37:42.585701	rhythm
2516	2	1	/	Главная страница	0.19	3	2022-12-25 11:37:46.010073	rhythm
2517	2	1	/	Главная страница	0.19	121	2022-12-25 11:39:50.133194	rhythm
2518	2	1	/	Главная страница	0.19	75	2022-12-25 11:41:05.461735	rhythm
2519	2	1	/	Главная страница	0.19	2	2022-12-25 11:41:07.31353	rhythm
2520	2	1	/	Главная страница	0.19	51	2022-12-25 11:41:57.797144	rhythm
2521	2	1	/	Главная страница	0.19	1	2022-12-25 11:41:58.461621	rhythm
2522	2	1	/	Главная страница	0.19	2	2022-12-25 11:41:59.996762	rhythm
2523	2	1	/	Главная страница	0.19	2	2022-12-25 11:55:02.842328	rhythm
2524	2	1	/	Главная страница	0.19	28	2022-12-25 11:55:30.891612	rhythm
2525	2	1	/	Главная страница	0.19	121	2022-12-25 11:57:58.177088	rhythm
2526	2	14	/cookie_users_list/	Статистика сайта	0.29	386	2022-12-25 12:01:43.348559	rhythm
2527	2	1	/	Главная страница	0.19	4	2022-12-25 12:01:53.808085	rhythm
2528	2	1	/	Главная страница	0.19	2	2022-12-25 12:13:52.753292	rhythm
2529	2	1	/	Главная страница	0.19	2	2022-12-25 12:13:54.670848	rhythm
2530	2	1	/	Главная страница	0.2	2	2022-12-25 12:19:21.000264	rhythm
2531	2	1	/	Главная страница	0.2	1	2022-12-25 12:19:21.597016	rhythm
2532	2	1	/	Главная страница	0.41	99	2022-12-25 12:19:49.467386	rhythm
2533	2	0	/feedback_list/	Сообщения	0.2	65	2022-12-25 12:29:09.216707	rhythm
2534	2	1	/	Главная страница	0.2	2	2022-12-25 12:43:10.728208	rhythm
2535	2	0	/serve_list/	Список опций и услуг	0.2	9	2022-12-25 12:43:16.291196	rhythm
2536	2	6	/login/	Вход	0.2	6	2022-12-25 12:43:24.33155	rhythm
2537	2	1	/	Главная страница	0.2	3	2022-12-25 12:43:26.752933	rhythm
2538	2	1	/	Главная страница	0.2	11	2022-12-25 12:43:37.638156	rhythm
2539	2	91	/work_categories/	Работы	0.28	908	2022-12-25 12:45:46.555562	rhythm
2540	2	1	/	Главная страница	0.2	2	2022-12-25 13:32:45.765828	rhythm
2541	2	1	/	Главная страница	0.2	3	2022-12-25 13:32:48.690124	rhythm
2542	2	1	/	Главная страница	0.2	4	2022-12-25 13:44:44.029369	rhythm
2543	2	1	/	Главная страница	0.2	121	2022-12-25 13:51:21.087424	rhythm
2544	2	1	/	Главная страница	0.2	1	2022-12-25 13:51:21.972065	rhythm
2545	2	1	/	Главная страница	0.2	1	2022-12-25 13:51:23.284451	rhythm
2546	2	1	/	Главная страница	0.2	2	2022-12-25 14:02:35.997616	rhythm
2547	2	1	/	Главная страница	0.2	213	2022-12-25 14:11:52.572432	rhythm
2548	2	1	/	Главная страница	0.2	2	2022-12-25 14:11:54.376859	rhythm
2549	2	1	/	Главная страница	0.2	2	2022-12-25 14:27:47.068976	rhythm
2550	2	1	/	Главная страница	0.2	2	2022-12-25 14:27:48.459715	rhythm
2551	2	1	/	Главная страница	0.2	2	2022-12-25 15:37:08.809707	rhythm
2552	2	1	/	Главная страница	0.2	3	2022-12-25 15:37:11.953862	rhythm
2553	2	43	/blog/all-articles/test-article/	Тест | Статья блога	0.28	35	2022-12-25 15:41:26.780658	rhythm
2554	2	1	/	Главная страница	0.2	2	2022-12-25 15:45:15.758648	rhythm
2555	2	1	/	Главная страница	0.2	2	2022-12-25 15:49:57.516607	rhythm
2556	2	1	/	Главная страница	0.2	2	2022-12-25 16:31:10.594496	rhythm
2557	2	1	/	Главная страница	0.2	8	2022-12-25 16:31:18.684413	rhythm
2558	2	1	/	Главная страница	0.2	121	2022-12-25 16:39:18.391245	rhythm
2559	2	1	/	Главная страница	0.2	2	2022-12-25 16:39:20.51912	rhythm
2560	2	0	/create_tech_categories/	Создание тех категории	0.3	284	2022-12-25 16:41:09.061688	rhythm
2561	2	1	/	Главная страница	0.2	122	2022-12-25 17:03:21.110147	rhythm
2562	2	1	/	Главная страница	0.2	6	2022-12-25 17:03:26.872776	rhythm
2563	2	1	/	Главная страница	0.2	121	2022-12-25 17:07:08.168119	rhythm
2564	2	1	/	Главная страница	0.2	3	2022-12-25 17:07:10.676545	rhythm
2565	2	1	/	Главная страница	0.2	19	2022-12-25 17:07:56.693357	rhythm
2566	2	1	/	Главная страница	0.2	121	2022-12-25 17:10:44.20569	rhythm
2567	2	1	/	Главная страница	0.2	121	2022-12-25 17:14:35.430625	rhythm
2568	2	1	/	Главная страница	0.2	3	2022-12-25 17:14:38.937446	rhythm
2569	2	1	/	Главная страница	0.2	121	2022-12-25 17:24:58.789789	rhythm
2570	2	1	/	Главная страница	0.2	27	2022-12-25 17:25:26.532379	rhythm
2571	2	1	/	Главная страница	0.2	47	2022-12-25 17:26:14.158397	rhythm
2572	2	1	/	Главная страница	0.2	3	2022-12-25 17:43:00.152817	rhythm
2573	2	1	/	Главная страница	0.2	121	2022-12-25 17:47:54.76132	rhythm
2574	2	6	/login/	Вход	0.2	123	2022-12-25 17:51:11.027102	rhythm
2575	2	1	/	Главная страница	0.2	4	2022-12-25 17:51:15.325645	rhythm
2576	2	1	/	Главная страница	0.2	121	2022-12-25 18:03:39.01519	rhythm
2577	282	1	/	Главная страница	0.15	9	2022-12-25 18:53:10.399907	rhythm
2578	282	10	/info/	Информация	0.25	11	2022-12-25 18:53:20.111349	rhythm
2579	2	1	/	Главная страница	0.2	7	2022-12-25 19:32:12.01348	rhythm
2580	2	1	/	Главная страница	0.2	17	2022-12-25 19:32:29.33757	rhythm
2581	2	0	/dsd		0.2	5	2022-12-25 19:32:33.695248	rhythm
2582	2	0	/dsd		0.2	124	2022-12-25 19:36:11.674654	rhythm
2583	2	0	/dsd		0.2	17	2022-12-25 19:36:28.229774	rhythm
2584	2	0	/dsd/		0.2	4	2022-12-25 19:36:31.51071	rhythm
2585	2	0	/dsd/		0.2	121	2022-12-25 19:40:48.252062	rhythm
2586	2	0	/dsd/		0.19	121	2022-12-25 19:45:12.891336	rhythm
2587	2	0	/dsd/		0.19	121	2022-12-25 19:50:12.017955	rhythm
2588	2	0	/dsd/		0.19	121	2022-12-25 20:08:16.560828	rhythm
2589	2	10	/info/	Информация	0.53	7	2022-12-25 20:11:47.585563	rhythm
2590	12	1	/	Главная страница	0.2	121	2022-12-26 06:36:16.095096	rhythm
2591	2	1	/	Главная страница	0.19	42	2022-12-26 10:25:36.433126	rhythm
2592	12	1	/	Главная страница	0.2	121	2022-12-26 11:22:06.655728	rhythm
2593	288	1	/	Главная страница	0.21	2	2022-12-27 10:34:51.459853	rhythm
2594	2	1	/	Главная страница	0.19	3	2022-12-27 14:29:16.586369	rhythm
2595	12	1	/	Главная страница	0.2	4	2022-12-27 16:17:14.174829	rhythm
2596	2	1	/	Главная страница	0.19	4	2022-12-30 16:54:14.378988	rhythm
2597	2	14	/cookie_users_list/	Статистика сайта	0.19	13	2022-12-30 16:54:20.419578	rhythm
2598	297	1	/	Главная страница	0.17	3	2022-12-31 16:07:22.130861	rhythm
2599	2	14	/cookie_users_list/	Статистика сайта	0.2	12	2023-01-01 10:15:27.741877	rhythm
2600	2	1	/	Главная страница	0.2	2	2023-01-01 10:36:15.069393	rhythm
2601	2	14	/cookie_users_list/	Статистика сайта	0.84	48	2023-01-02 10:33:41.200266	rhythm
2602	2	1	/	Главная страница	0.19	4	2023-01-02 18:46:10.842384	rhythm
2603	2	6	/login/	Вход	0.19	15	2023-01-04 10:41:02.992531	rhythm
2604	2	0	/feedback_list/	Сообщения	0.19	124	2023-01-04 10:44:02.961421	rhythm
2605	2	63	/service/all-services/service-web-landing-create/	Разработка лендингов | Услуга	0.32	163	2023-01-04 16:17:28.515438	rhythm
2606	2	1	/	Главная страница	0.19	2	2023-01-05 16:48:17.497187	rhythm
2607	2	14	/cookie_users_list/	Статистика сайта	0.19	25	2023-01-05 16:48:28.957181	rhythm
2608	2	1	/	Главная страница	0.19	2	2023-01-07 19:01:58.919265	rhythm
2609	2	31	/tags/	Теги	0.19	19	2023-01-07 19:02:09.861121	rhythm
2610	306	1	/	Главная страница	0.18	3	2023-01-08 08:13:38.461229	rhythm
2611	306	10	/info/	Информация	0.37	7	2023-01-08 08:13:44.809637	rhythm
2612	306	1	/	Главная страница	0.72	38	2023-01-08 08:14:21.635457	rhythm
2613	306	91	/work_categories/	Работы	0.25	4	2023-01-08 08:14:24.183457	rhythm
2614	306	92	/works/all-works/	Все работы | Категория работ	0.28	8	2023-01-08 08:14:31.046457	rhythm
2615	306	92	/works/all-works/	Все работы | Категория работ	0.28	29	2023-01-08 08:15:00.405074	rhythm
2616	2	14	/cookie_users_list/	Статистика сайта	0.19	22	2023-01-10 11:15:54.286072	rhythm
2617	155	1	/	Главная страница	0.28	24	2023-01-11 10:31:46.971389	rhythm
2618	155	13	/history/	История просмотров	0.25	18	2023-01-11 10:32:03.24629	rhythm
2619	155	12	/user_orders/	Ваши заказы	0.25	6	2023-01-11 10:32:08.942668	rhythm
2620	155	61	/service_categories/	Услуги	0.57	55	2023-01-11 10:33:03.156235	rhythm
2621	155	91	/work_categories/	Работы	0.25	4	2023-01-11 10:33:05.35597	rhythm
2622	155	92	/works/all-works/	Все работы | Категория работ	0.36	11	2023-01-11 10:33:15.286795	rhythm
2623	155	71	/store_categories/	Товары	0.25	3	2023-01-11 10:33:17.885185	rhythm
2624	155	81	/wiki_categories/	База знаний	0.36	37	2023-01-11 10:33:53.796067	rhythm
2625	155	41	/blog_categories/	Блог	0.25	6	2023-01-11 10:33:58.76407	rhythm
2626	155	32	/tag/%D0%92%D0%B5%D0%B1-%D1%80%D0%B0%D0%B7%D1%80%D0%B0%D0%B1%D0%BE%D1%82%D0%BA%D0%B0/	Веб-разработка | Тег	0.25	8	2023-01-11 10:34:05.704812	rhythm
2627	155	9	/helps/how_to_order_a_project/	Как заказать проект | Категория помощи	1.09	68	2023-01-11 10:35:12.42609	rhythm
2628	155	31	/tags/	Теги	0.25	10	2023-01-11 10:35:21.643771	rhythm
2629	155	1	/	Главная страница	0.28	7	2023-01-11 10:35:27.838053	rhythm
2630	155	10	/info/	Информация	0.25	51	2023-01-11 10:36:17.306535	rhythm
2631	155	14	/cookie_users_list/	Статистика сайта	0.76	121	2023-01-11 10:38:19.490369	rhythm
2632	155	81	/wiki_categories/	База знаний	0.36	131	2023-01-11 10:42:20.941868	rhythm
2633	155	1	/	Главная страница	0.25	4	2023-01-11 10:42:22.276335	rhythm
2634	2	1	/	Главная страница	0.19	63	2023-01-11 10:53:27.114228	rhythm
2635	2	1	/	Главная страница	0.19	2	2023-01-11 10:58:25.545389	rhythm
2636	2	9	/helps/stages_of_project_creation/	Этапы создания проектов | Категория помощи	0.39	290	2023-01-11 10:59:11.10121	rhythm
2637	311	1	/	Главная страница	0.21	96	2023-01-11 12:56:50.88122	rhythm
2638	311	91	/work_categories/	Работы	0.21	4	2023-01-11 12:56:54.067535	rhythm
2639	311	62	/services/service_web/	Веб-разработка | Категория услуг	0.21	15	2023-01-11 12:57:07.429382	rhythm
2640	311	9	/helps/how_to_order_a_project/	Как заказать проект | Категория помощи	0.4	7	2023-01-11 12:57:13.748097	rhythm
2641	311	1	/	Главная страница	0.21	3	2023-01-11 12:57:15.799175	rhythm
2642	311	13	/history/	История просмотров	0.24	33	2023-01-11 12:57:47.127433	rhythm
2643	311	12	/user_orders/	Ваши заказы	0.21	9	2023-01-11 12:57:55.207661	rhythm
2644	311	13	/history/	История просмотров	0.26	8	2023-01-11 12:58:01.679459	rhythm
2645	155	10	/info/	Информация	0.25	121	2023-01-11 16:54:01.988878	rhythm
2646	2	6	/login/	Вход	0.19	7	2023-01-12 12:14:34.927583	rhythm
2647	2	0	/feedback_list/	Сообщения	0.19	11	2023-01-12 12:14:42.498791	rhythm
2648	2	62	/services/all-services/	Все услуги | Категория услуг	0.3	27	2023-01-12 14:21:52.917812	rhythm
2649	2	14	/cookie_users_list/	Статистика сайта	0.25	451	2023-01-12 14:23:06.370765	rhythm
2650	2	1	/	Главная страница	0.3	136	2023-01-13 13:01:15.294152	rhythm
2651	2	1	/	Главная страница	0.19	45	2023-01-13 13:02:00.370242	rhythm
2652	2	1	/	Главная страница	0.53	121	2023-01-13 13:08:31.006292	rhythm
2653	2	1	/	Главная страница	0.19	1	2023-01-13 13:08:32.29793	rhythm
2654	2	1	/	Главная страница	0.19	2	2023-01-13 13:36:07.880174	rhythm
2655	2	1	/	Главная страница	0.35	2	2023-01-13 13:36:10.024223	rhythm
2656	2	1	/	Главная страница	0.19	1	2023-01-13 13:36:10.443828	rhythm
2657	2	6	/login/	Вход	0.19	11	2023-01-13 13:36:19.468658	rhythm
2658	2	1	/	Главная страница	0.19	17	2023-01-13 13:36:29.281732	rhythm
2659	2	10	/info/	Информация	0.19	87	2023-01-13 17:52:20.291501	rhythm
2660	2	1	/	Главная страница	0.19	2	2023-01-14 08:50:29.86663	rhythm
2661	2	61	/service_categories/	Услуги	0.19	146	2023-01-14 09:06:58.578245	rhythm
2662	2	1	/	Главная страница	0.19	2	2023-01-14 17:48:28.388331	rhythm
2663	2	1	/	Главная страница	0.3	42	2023-01-14 17:49:41.504255	rhythm
2664	2	81	/wiki_categories/	База знаний	0.19	31	2023-01-14 20:01:05.924164	rhythm
2665	2	1	/	Главная страница	0.2	106	2023-01-15 09:21:13.540235	rhythm
2666	2	1	/	Главная страница	0.19	14	2023-01-15 09:21:28.459436	rhythm
2667	2	6	/login/	Вход	0.39	1039	2023-01-15 14:00:11.69518	rhythm
2668	2	1	/	Главная страница	0.19	151	2023-01-15 14:02:21.461603	rhythm
2669	2	1	/	Главная страница	0.2	2	2023-01-15 18:28:09.085202	rhythm
2670	2	1	/	Главная страница	0.7	8	2023-01-15 18:28:16.729912	rhythm
2671	2	1	/	Главная страница	0.2	3	2023-01-15 18:28:19.393808	rhythm
2672	2	1	/	Главная страница	0.2	12	2023-01-15 18:28:26.471859	rhythm
2673	2	1	/	Главная страница	0.2	121	2023-01-15 19:48:57.564913	rhythm
2674	2	1	/	Главная страница	0.2	1	2023-01-15 19:48:58.762772	rhythm
2675	1	1	/	Главная страница	0.19	2	2023-01-16 11:24:44.033092	rhythm
2676	1	1	/	Главная страница	0.19	1	2023-01-16 11:24:45.33751	rhythm
2677	1	1	/	Главная страница	0.3	141	2023-01-16 12:03:26.409473	rhythm
2678	1	1	/	Главная страница	0.19	13	2023-01-16 12:03:46.318689	rhythm
2679	2	1	/	Главная страница	0.19	2	2023-01-16 12:19:18.672414	rhythm
2680	2	1	/	Главная страница	0.38	2	2023-01-16 12:19:20.848338	rhythm
2681	2	1	/	Главная страница	0.19	2	2023-01-16 12:26:47.20126	rhythm
2682	2	1	/	Главная страница	0.19	3	2023-01-16 12:26:50.002506	rhythm
2683	2	1	/	Главная страница	0.19	1	2023-01-16 12:28:27.420957	rhythm
2684	2	1	/	Главная страница	0.19	18	2023-01-16 12:28:45.691811	rhythm
2685	2	1	/	Главная страница	0.19	237	2023-01-16 15:58:58.060642	rhythm
2686	1	1	/	Главная страница	0.19	2	2023-01-16 16:04:03.995337	rhythm
2687	1	1	/	Главная страница	0.19	127	2023-01-16 16:16:02.266	rhythm
2688	1	1	/	Главная страница	0.19	121	2023-01-16 16:21:29.200265	rhythm
2689	2	1	/	Главная страница	0.19	2	2023-01-16 16:21:33.748363	rhythm
2690	2	1	/	Главная страница	0.24	3	2023-01-16 16:21:36.603692	rhythm
2691	2	1	/	Главная страница	0.4	3	2023-01-16 16:21:39.153793	rhythm
2692	2	1	/	Главная страница	0.19	2	2023-01-16 16:42:19.735441	rhythm
2693	2	1	/	Главная страница	0.19	47	2023-01-16 16:43:07.201447	rhythm
2694	2	1	/	Главная страница	0.19	2	2023-01-16 18:29:54.394811	rhythm
2695	2	6	/login/	Вход	0.19	6	2023-01-16 18:29:59.537802	rhythm
2696	2	1	/	Главная страница	0.19	2	2023-01-16 18:30:01.558207	rhythm
2697	2	1	/	Главная страница	0.28	19	2023-01-16 18:30:12.056018	rhythm
2698	2	1	/	Главная страница	0.19	17	2023-01-16 18:30:30.084354	rhythm
2699	2	1	/	Главная страница	0.19	2	2023-01-17 12:03:08.162744	rhythm
2700	2	1	/	Главная страница	0.53	4	2023-01-17 12:03:12.181275	rhythm
2701	2	1	/	Главная страница	0.32	231	2023-01-17 14:14:14.625111	rhythm
2702	2	1	/	Главная страница	0.19	2	2023-01-17 14:14:16.431324	rhythm
2703	2	6	/login/	Вход	0.19	7	2023-01-17 14:14:22.35434	rhythm
2704	2	0	/feedback_list/	Сообщения	0.19	124	2023-01-17 14:15:27.845339	rhythm
2705	2	1	/	Главная страница	0.19	2	2023-01-17 16:57:02.523221	rhythm
2706	2	1	/	Главная страница	0.19	1	2023-01-17 16:57:03.67407	rhythm
2707	2	1	/	Главная страница	0.19	2	2023-01-17 18:05:22.888805	rhythm
2708	2	1	/	Главная страница	0.19	2	2023-01-17 18:09:44.92424	rhythm
2709	2	92	/works/all-works/	Все работы | Категория работ	0.3	30	2023-01-17 18:09:54.248348	rhythm
2710	2	1	/	Главная страница	0.24	28	2023-01-17 19:25:57.644078	rhythm
2711	2	1	/	Главная страница	0.19	2	2023-01-18 13:41:11.740733	rhythm
2712	2	1	/	Главная страница	0.32	23	2023-01-18 13:41:35.48625	rhythm
2713	1	1	/	Главная страница	0.19	2	2023-01-18 16:36:31.665352	rhythm
2714	1	1	/	Главная страница	0.53	286	2023-01-18 16:39:01.942521	rhythm
2715	1	1	/	Главная страница	0.19	2	2023-01-18 17:12:12.56635	rhythm
2716	1	14	/cookie_users_list/	Статистика сайта	0.3	244	2023-01-18 17:23:40.382698	rhythm
2717	1	14	/cookie_users_list/	Статистика сайта	0.99	100	2023-01-18 17:25:20.079835	rhythm
2718	1	14	/cookie_users_list/	Статистика сайта	0.53	108	2023-01-18 17:27:07.912523	rhythm
2719	1	14	/cookie_users_list/	Статистика сайта	0.53	121	2023-01-18 17:34:25.494491	rhythm
2720	1	14	/cookie_users_list/	Статистика сайта	0.32	110	2023-01-18 17:36:14.906031	rhythm
2721	1	14	/cookie_users_list/	Статистика сайта	0.36	147	2023-01-18 17:41:07.508119	rhythm
2722	1	14	/cookie_users_list/	Статистика сайта	0.18	121	2023-01-18 17:46:18.034646	rhythm
2723	1	14	/cookie_users_list/	Статистика сайта	0.18	84	2023-01-18 17:47:42.063279	rhythm
2724	1	14	/cookie_users_list/	Статистика сайта	0.18	121	2023-01-18 17:51:15.209779	rhythm
2725	1	13	/history/	История просмотров	0.28	268	2023-01-18 18:11:04.439274	rhythm
2726	1	13	/history/	История просмотров	0.52	199	2023-01-18 18:17:58.019534	rhythm
2727	1	13	/history/	История просмотров	0.39	153	2023-01-18 18:22:10.714423	rhythm
2728	1	13	/history/	История просмотров	0.4	113	2023-01-18 18:24:03.963462	rhythm
2729	1	13	/history/	История просмотров	0.35	121	2023-01-18 18:28:21.379852	rhythm
2730	2	1	/	Главная страница	0.19	9	2023-01-18 18:34:31.845438	rhythm
2731	2	13	/history/	История просмотров	0.57	181	2023-01-18 18:35:23.125533	rhythm
2732	2	13	/history/	История просмотров	0.35	15	2023-01-18 18:35:37.767997	rhythm
2733	2	14	/cookie_users_list/	Статистика сайта	0.3	79	2023-01-18 18:36:00.763132	rhythm
2734	2	13	/history/	История просмотров	2.28	93	2023-01-19 10:46:52.059295	rhythm
2735	2	1	/	Главная страница	0.53	481	2023-01-19 13:49:24.785868	rhythm
2736	1	1	/	Главная страница	0.69	121	2023-01-19 13:58:13.564304	rhythm
2737	1	1	/	Главная страница	0.59	29	2023-01-19 13:58:42.259409	rhythm
2738	1	1	/	Главная страница	0.59	101	2023-01-19 14:00:23.311159	rhythm
2739	1	1	/	Главная страница	0.59	175	2023-01-19 14:04:35.428207	rhythm
2740	1	1	/	Главная страница	0.51	164	2023-01-19 14:08:14.848274	rhythm
2741	1	1	/	Главная страница	0.4	28	2023-01-19 14:08:43.153333	rhythm
2742	1	1	/	Главная страница	0.51	241	2023-01-19 14:13:13.744031	rhythm
2743	1	1	/	Главная страница	0.43	12	2023-01-19 14:13:25.75274	rhythm
2744	1	1	/	Главная страница	0.38	74	2023-01-19 14:14:39.932827	rhythm
2745	1	1	/	Главная страница	0.4	105	2023-01-19 14:16:25.171829	rhythm
2746	1	1	/	Главная страница	0.56	121	2023-01-19 14:18:32.66226	rhythm
2747	1	1	/	Главная страница	0.75	159	2023-01-19 14:22:08.552259	rhythm
2748	1	1	/	Главная страница	0.46	284	2023-01-19 14:27:44.39578	rhythm
2749	1	1	/	Главная страница	0.43	121	2023-01-19 14:30:16.865962	rhythm
2750	2	1	/	Главная страница	0.46	150	2023-01-19 15:48:59.269333	rhythm
2751	1	1	/	Главная страница	0.46	255	2023-01-19 15:56:30.221744	rhythm
2752	1	1	/	Главная страница	0.4	15	2023-01-19 15:56:44.832841	rhythm
2753	1	1	/	Главная страница	0.43	55	2023-01-19 15:57:40.318386	rhythm
2754	1	1	/	Главная страница	0.51	77	2023-01-19 15:58:57.286044	rhythm
2755	1	1	/	Главная страница	0.43	361	2023-01-19 16:19:21.042588	rhythm
2756	1	1	/	Главная страница	0.43	241	2023-01-19 17:28:10.367421	rhythm
2757	2	1	/	Главная страница	0.19	36	2023-01-20 19:36:03.191133	rhythm
2758	2	1	/	Главная страница	0.27	158	2023-01-21 10:31:54.750747	rhythm
2759	2	1	/	Главная страница	0.19	12	2023-01-21 10:32:07.02146	rhythm
2760	1	1	/	Главная страница	0.4	51	2023-01-21 10:32:58.269904	rhythm
2761	2	14	/cookie_users_list/	Статистика сайта	0.19	13	2023-01-21 18:25:41.54593	rhythm
2762	12	1	/	Главная страница	0.2	121	2023-01-21 19:31:06.244706	rhythm
2763	12	1	/	Главная страница	0.2	7	2023-01-23 18:55:52.914607	rhythm
2764	12	1	/	Главная страница	0.2	5	2023-01-23 18:55:58.447045	rhythm
2765	12	10	/info/	Информация	0.2	3	2023-01-23 18:55:59.903477	rhythm
2766	12	14	/cookie_users_list/	Статистика сайта	0.27	93	2023-01-23 18:59:22.972225	rhythm
2767	12	1	/	Главная страница	0.45	16	2023-01-23 18:59:38.519256	rhythm
2768	12	13	/history/	История просмотров	0.27	121	2023-01-23 19:37:17.810141	rhythm
2769	12	13	/history/	История просмотров	0.2	121	2023-01-23 20:42:52.091738	rhythm
2770	2	1	/	Главная страница	0.19	18	2023-01-24 17:14:11.724762	rhythm
2771	2	14	/cookie_users_list/	Статистика сайта	0.19	18	2023-01-25 14:02:46.578523	rhythm
2772	155	1	/	Главная страница	0.25	9	2023-01-26 10:00:46.37769	rhythm
2773	155	81	/wiki_categories/	База знаний	0.25	4	2023-01-26 10:00:49.121681	rhythm
2774	155	41	/blog_categories/	Блог	0.25	8	2023-01-26 10:00:55.84236	rhythm
2775	155	9	/helps/how_to_order_a_project/	Как заказать проект | Категория помощи	1.09	133	2023-01-26 10:07:03.224518	rhythm
2776	155	32	/tag/%D0%92%D0%B5%D0%B1-%D1%80%D0%B0%D0%B7%D1%80%D0%B0%D0%B1%D0%BE%D1%82%D0%BA%D0%B0/	Веб-разработка | Тег	0.25	22	2023-01-26 10:07:13.910757	rhythm
2777	155	9	/helps/what_do_we_know_abou_you/	Что мы о Вас знаем | Категория помощи	0.49	69	2023-01-26 10:07:47.920785	rhythm
2778	155	1	/	Главная страница	0.25	6	2023-01-26 10:07:50.414698	rhythm
2779	155	13	/history/	История просмотров	0.46	36	2023-01-26 10:08:07.561592	rhythm
2780	155	12	/user_orders/	Ваши заказы	0.25	7	2023-01-26 10:08:10.545766	rhythm
2781	155	13	/history/	История просмотров	0.25	11	2023-01-26 10:08:15.521504	rhythm
2782	155	91	/work_categories/	Работы	0.25	7	2023-01-26 10:08:18.860019	rhythm
2783	155	92	/works/all-works/	Все работы | Категория работ	0.36	12	2023-01-26 10:08:24.438145	rhythm
2784	155	71	/store_categories/	Товары	0.25	10	2023-01-26 10:08:28.95162	rhythm
2785	155	81	/wiki_categories/	База знаний	0.36	58	2023-01-26 10:08:59.217875	rhythm
2786	155	1	/	Главная страница	0.25	121	2023-01-26 15:26:10.016088	rhythm
2787	155	10	/info/	Информация	0.25	99	2023-01-26 15:26:59.366952	rhythm
2788	155	1	/	Главная страница	0.25	121	2023-01-26 16:54:16.419767	rhythm
2789	2	1	/	Главная страница	0.32	70	2023-01-26 17:51:25.895847	rhythm
2790	2	1	/	Главная страница	0.27	70	2023-01-26 20:11:11.871106	rhythm
2791	2	6	/login/	Вход	0.19	6	2023-01-27 08:21:47.608725	rhythm
2792	2	1	/	Главная страница	0.19	135	2023-01-27 10:02:10.355522	rhythm
2793	2	43	/blog/all-articles/test-article/	Тест | Статья блога	0.19	16	2023-01-27 10:02:24.089245	rhythm
2794	2	1	/	Главная страница	0.19	272	2023-01-27 10:50:27.795558	rhythm
2795	155	1	/	Главная страница	0.25	2	2023-01-27 10:58:49.178423	rhythm
2796	2	91	/work_categories/	Работы	0.19	866	2023-01-27 18:02:35.018423	rhythm
2797	2	0	/create_item/	Создание объекта	0.19	814	2023-01-27 19:16:21.250389	rhythm
2798	2	1	/	Главная страница	0.19	2	2023-01-27 19:17:18.393172	rhythm
2799	2	1	/	Главная страница	0.69	241	2023-01-27 19:17:35.455477	rhythm
2800	2	93	/work/all-works/work_webservices/	вебсервисы.рф | Работа	0.19	141	2023-01-27 19:19:01.160152	rhythm
2801	2	0	/edit_item/23/	Изменение объекта вебсервисы.рф	0.19	111	2023-01-27 19:19:24.469044	rhythm
2802	2	1	/	Главная страница	0.51	175	2023-01-27 19:19:56.556686	rhythm
2803	2	1	/	Главная страница	0.85	29	2023-01-27 19:21:04.056762	rhythm
2804	2	43	/blog/all-articles/test-article/	Тест | Статья блога	0.3	358	2023-01-27 19:21:44.803185	rhythm
2805	2	43	/blog/all-articles/test-article/	Тест | Статья блога	0.19	2	2023-01-27 19:21:47.217644	rhythm
2806	2	0	/edit_file/14/	Изменение файла	0.19	3	2023-01-27 19:21:51.562028	rhythm
2807	2	43	/blog/all-articles/test-article/	Тест | Статья блога	0.24	6	2023-01-27 19:21:53.005567	rhythm
2808	2	1	/	Главная страница	0.96	79	2023-01-27 19:22:22.739168	rhythm
2809	2	1	/	Главная страница	0.88	588	2023-01-27 19:39:46.699423	rhythm
2810	2	1	/	Главная страница	0.19	52	2023-01-27 19:40:09.387375	rhythm
2811	2	1	/	Главная страница	0.19	121	2023-01-28 09:54:58.278384	rhythm
2812	2	1	/	Главная страница	0.35	136	2023-01-28 11:10:42.623812	rhythm
2813	2	1	/	Главная страница	0.19	1	2023-01-28 11:10:43.294058	rhythm
2814	2	1	/	Главная страница	0.19	1	2023-01-28 11:10:43.824976	rhythm
2815	2	1	/	Главная страница	0.19	443	2023-01-28 13:05:57.504586	rhythm
2816	1	1	/	Главная страница	0.19	5	2023-01-28 13:06:33.611778	rhythm
2817	1	6	/login/	Вход	0.19	21	2023-01-28 13:06:48.157772	rhythm
2818	1	6	/login/	Вход	0.19	18	2023-01-28 13:10:08.556847	rhythm
2819	1	1	/	Главная страница	0.19	3	2023-01-28 13:10:11.356647	rhythm
2820	1	1	/	Главная страница	0.19	2	2023-01-28 13:10:13.455692	rhythm
2821	1	1	/	Главная страница	0.9	9	2023-01-28 13:10:22.7235	rhythm
2822	1	1	/	Главная страница	0.88	6	2023-01-28 13:10:29.523328	rhythm
2823	1	1	/	Главная страница	0.85	6	2023-01-28 13:10:35.395533	rhythm
2824	1	63	/service/all-services/service-web-landing-create/	Разработка лендингов | Услуга	0.19	155	2023-01-28 13:13:58.295484	rhythm
2825	1	63	/service/all-services/service-web-landing-create/	Разработка лендингов | Услуга	0.24	47	2023-01-28 13:14:45.713288	rhythm
2826	1	63	/service/all-services/service-web-landing-create/	Разработка лендингов | Услуга	0.37	9	2023-01-28 13:14:54.980067	rhythm
2827	1	1	/	Главная страница	0.85	11	2023-01-28 13:15:02.025223	rhythm
2828	1	0	/%20%20/media/1/2023/1/27/programming.jpeg		0.19	2	2023-01-28 13:16:47.245559	rhythm
2829	1	91	/work_categories/	Работы	0.47	400	2023-01-28 14:06:44.79877	rhythm
2830	1	91	/work_categories/	Работы	0.19	121	2023-01-28 14:37:19.385436	rhythm
2831	1	6	/login/	Вход	0.27	260	2023-01-28 14:38:36.260934	rhythm
2832	1	1	/	Главная страница	0.19	104	2023-01-28 14:40:20.292165	rhythm
2833	1	91	/work_categories/	Работы	0.47	166	2023-01-28 14:41:53.085406	rhythm
2834	1	6	/login/	Вход	0.19	22	2023-01-28 14:42:07.701499	rhythm
2835	1	91	/work_categories/	Работы	0.43	123	2023-01-28 14:56:17.283021	rhythm
2836	1	91	/work_categories/	Работы	0.47	11	2023-01-28 14:56:28.523779	rhythm
2837	1	91	/work_categories/	Работы	0.19	3	2023-01-28 14:56:31.618972	rhythm
2838	1	1	/	Главная страница	0.83	1282	2023-01-28 15:01:33.773952	rhythm
2839	344	1	/	Главная страница	0.17	121	2023-01-28 15:05:56.430849	rhythm
2840	1	1	/	Главная страница	0.82	372	2023-01-28 15:10:56.402681	rhythm
2841	1	1	/	Главная страница	0.31	5	2023-01-28 15:11:01.547274	rhythm
2842	1	6	/login/	Вход	0.2	25	2023-01-28 15:18:56.490662	rhythm
2843	345	1	/	Главная страница	0.17	1	2023-01-28 15:26:36.390072	rhythm
2844	1	1	/	Главная страница	0.88	121	2023-01-28 15:26:42.474545	rhythm
2845	1	1	/	Главная страница	0.2	11	2023-01-28 15:26:53.073376	rhythm
2846	1	1	/	Главная страница	0.57	78	2023-01-28 15:27:24.003762	rhythm
2847	1	1	/	Главная страница	0.41	3	2023-01-28 15:27:27.284675	rhythm
2848	344	1	/	Главная страница	0.17	121	2023-01-28 22:56:36.532389	rhythm
2849	344	1	/	Главная страница	0.17	4	2023-01-28 22:56:40.73261	rhythm
2850	344	10	/	Информация	0.25	11	2023-01-28 22:56:50.286805	rhythm
2851	344	1	/	Главная страница	0.17	2	2023-01-28 22:56:52.105688	rhythm
2852	344	13	/	История просмотров	0.25	8	2023-01-28 22:56:58.701334	rhythm
2853	344	1	/	Главная страница	0.17	121	2023-01-28 23:27:35.223522	rhythm
2854	2	1	/	Главная страница	0.3	106	2023-01-29 09:09:55.640974	rhythm
2855	2	1	/	Главная страница	0.19	3	2023-01-29 11:00:32.780516	rhythm
2856	2	1	/	Главная страница	0.27	64	2023-01-29 11:00:54.550747	rhythm
2857	2	1	/	Главная страница	0.53	15	2023-01-29 11:00:55.89521	rhythm
2858	2	14	/cookie_users_list/	Статистика сайта	0.34	31	2023-01-29 14:08:18.359643	rhythm
2859	1	1	/	Главная страница	0.73	21	2023-01-29 14:34:12.951133	rhythm
2860	1	1	/	Главная страница	0.19	67	2023-01-29 14:36:28.749429	rhythm
2861	1	1	/	Главная страница	0.19	2	2023-01-29 14:36:30.340263	rhythm
2862	1	1	/	Главная страница	0.19	14	2023-01-29 15:00:07.916898	rhythm
2863	1	9	/helps/how_to_order_a_project/	Как заказать проект | Категория помощи	0.19	5	2023-01-29 15:00:11.54384	rhythm
2864	1	1	/	Главная страница	0.19	2	2023-01-29 15:00:13.867615	rhythm
2865	2	1	/	Главная страница	0.53	12	2023-01-29 15:49:02.337175	rhythm
2866	348	1	/	Главная страница	0.57	26	2023-01-29 20:09:44.36608	rhythm
2867	348	61	/service_categories/	Услуги	0.23	2	2023-01-29 20:09:45.200034	rhythm
2868	348	91	/work_categories/	Работы	0.23	3	2023-01-29 20:09:47.067571	rhythm
2869	348	92	/works/all-works/	Все работы | Категория работ	0.34	3	2023-01-29 20:09:49.345428	rhythm
2870	2	1	/	Главная страница	0.34	49	2023-01-30 09:13:35.34727	rhythm
2871	2	1	/	Главная страница	0.19	2	2023-01-30 09:49:01.165977	rhythm
2872	2	1	/	Главная страница	0.4	487	2023-01-30 09:49:50.891342	rhythm
2873	1	6	/login/	Вход	0.2	32	2023-01-30 13:34:20.440584	rhythm
2874	1	1	/	Главная страница	0.2	5	2023-01-30 13:34:25.522929	rhythm
2875	1	1	/	Главная страница	0.2	1	2023-01-30 13:46:58.98506	rhythm
2876	1	6	/login/	Вход	0.2	16	2023-01-30 13:47:07.850501	rhythm
2877	1	1	/	Главная страница	0.2	4	2023-01-30 13:47:12.173197	rhythm
2878	2	1	/	Главная страница	0.2	2	2023-01-30 15:13:21.649486	rhythm
2879	2	13	/history/	История просмотров	0.3	48	2023-01-30 15:13:37.533938	rhythm
2880	2	14	/cookie_users_list/	Статистика сайта	0.2	49	2023-01-30 15:15:03.51553	rhythm
2881	1	6	/login/	Вход	0.2	16	2023-01-30 15:47:22.402001	rhythm
2882	1	1	/	Главная страница	0.2	5	2023-01-30 15:47:27.551917	rhythm
2883	2	1	/	Главная страница	0.2	2	2023-01-30 16:45:58.542301	rhythm
2884	2	1	/	Главная страница	0.54	17	2023-01-30 16:46:04.764098	rhythm
2885	2	6	/login/	Вход	0.53	406	2023-01-31 09:23:23.175721	rhythm
2886	2	0	/feedback_list/	Сообщения	0.19	11	2023-01-31 09:23:29.206629	rhythm
2887	2	14	/cookie_users_list/	Статистика сайта	0.19	30	2023-02-01 09:02:49.124828	rhythm
2888	1	1	/	Главная страница	0.2	83	2023-02-01 11:54:47.227155	rhythm
2889	1	1	/	Главная страница	0.2	5	2023-02-01 11:54:51.893809	rhythm
2890	1	1	/	Главная страница	0.2	11	2023-02-01 11:56:11.227115	rhythm
2891	1	0	/login		0.2	4	2023-02-01 11:56:15.140314	rhythm
2892	1	6	/login/	Вход	0.2	8	2023-02-01 11:56:22.81288	rhythm
2893	1	1	/	Главная страница	0.2	16	2023-02-01 11:56:30.918539	rhythm
2894	2	1	/	Главная страница	0.2	44	2023-02-02 16:48:34.149754	rhythm
2895	2	1	/	Главная страница	0.2	16	2023-02-03 08:54:59.585399	rhythm
2896	2	1	/	Главная страница	0.54	121	2023-02-03 09:33:33.955128	rhythm
2897	2	14	/cookie_users_list/	Статистика сайта	0.2	14	2023-02-05 10:00:03.633128	rhythm
2898	365	1	/	Главная страница	0.66	6	2023-02-07 18:20:43.344889	rhythm
2899	365	21	/search/	Общий поиск | Начало	0.36	4	2023-02-07 18:20:46.038448	rhythm
2900	2	1	/	Главная страница	0.2	2	2023-02-07 18:28:17.98339	rhythm
2901	2	9	/helps/stages_of_project_creation/	Этапы создания проектов | Категория помощи	0.2	96	2023-02-07 18:28:44.586677	rhythm
2902	2	6	/login/	Вход	0.2	96	2023-02-07 22:03:23.083485	rhythm
2903	2	0	/orders/	Заказы	0.2	127	2023-02-07 22:08:20.958994	rhythm
2904	2	13	/history/	История просмотров	0.44	103	2023-02-08 11:27:00.595531	rhythm
2905	368	1	/	Главная страница	0.25	3	2023-02-08 22:18:46.18795	rhythm
2906	368	10	/	Информация	0.25	6	2023-02-08 22:18:51.03366	rhythm
2907	368	1	/	Главная страница	0.25	50	2023-02-08 22:19:39.832332	rhythm
2908	368	13	/history/	История просмотров	0.25	18	2023-02-08 22:19:56.625076	rhythm
2909	368	12	/user_orders/	Ваши заказы	0.25	7	2023-02-08 22:20:03.153431	rhythm
2910	368	71	/store_categories/	Товары	0.25	7	2023-02-08 22:20:08.837659	rhythm
2911	368	61	/service_categories/	Услуги	0.55	21	2023-02-08 22:20:28.474114	rhythm
2912	368	9	/helps/stages_of_project_creation/	Этапы создания проектов | Категория помощи	0.39	22	2023-02-08 22:20:50.271855	rhythm
2913	2	1	/	Главная страница	0.2	2	2023-02-10 12:34:50.852891	rhythm
2914	2	1	/	Главная страница	0.38	5	2023-02-10 12:34:55.983525	rhythm
2915	2	1	/	Главная страница	0.2	158	2023-02-10 12:38:13.322377	rhythm
2916	2	6	/login/	Вход	0.2	25	2023-02-11 10:03:41.08036	rhythm
2917	2	0	/serve_list/	Список опций и услуг	0.2	58	2023-02-11 10:03:59.909354	rhythm
2918	2	1	/	Главная страница	0.89	28	2023-02-12 17:31:49.33934	rhythm
2919	2	1	/	Главная страница	0.2	2	2023-02-13 08:16:57.032412	rhythm
2920	2	1	/	Главная страница	0.54	43	2023-02-13 08:17:12.274799	rhythm
2921	2	1	/	Главная страница	0.2	2	2023-02-14 08:06:32.958429	rhythm
2922	2	9	/helps/stages_of_project_creation/	Этапы создания проектов | Категория помощи	0.2	71	2023-02-14 08:06:46.537225	rhythm
2923	2	1	/	Главная страница	0.2	2	2023-02-14 20:29:42.298282	rhythm
2924	2	9	/helps/how_to_order_a_project/	Как заказать проект | Категория помощи	0.91	78	2023-02-14 20:30:04.741648	rhythm
2925	384	1	/	Главная страница	0.16	3	2023-02-15 21:12:06.38386	rhythm
2926	384	6	/login/	Вход	0.16	121	2023-02-15 21:47:56.429586	rhythm
2927	384	1	/	Главная страница	0.41	121	2023-02-15 21:47:56.615109	rhythm
2928	2	1	/	Главная страница	0.2	2	2023-02-17 08:00:16.404109	rhythm
2929	2	1	/	Главная страница	0.49	46	2023-02-17 08:00:32.732534	rhythm
2930	2	21	/search/	Общий поиск | Начало	0.18	358	2023-02-17 08:01:27.016004	rhythm
2931	11	1	/	Главная страница	0.52	42	2023-02-19 22:10:37.202949	rhythm
2932	11	62	/services/service_web/	Веб-разработка | Категория услуг	0.17	4	2023-02-19 22:10:40.517475	rhythm
2933	11	62	/services/all-services/	Все услуги | Категория услуг	0.17	6	2023-02-19 22:10:45.465691	rhythm
2934	11	92	/works/all-works/	Все работы | Категория работ	0.28	5	2023-02-19 22:10:49.343312	rhythm
2935	11	71	/store_categories/	Товары	0.17	3	2023-02-19 22:10:51.849505	rhythm
2936	11	81	/wiki_categories/	База знаний	0.28	5	2023-02-19 22:10:55.480663	rhythm
2937	11	41	/blog_categories/	Блог	0.18	8	2023-02-19 22:11:02.75065	rhythm
2938	11	32	/tag/%D0%92%D0%B5%D0%B1-%D1%80%D0%B0%D0%B7%D1%80%D0%B0%D0%B1%D0%BE%D1%82%D0%BA%D0%B0/	Веб-разработка | Тег	0.17	7	2023-02-19 22:11:08.180062	rhythm
2939	11	1	/	Главная страница	0.44	14	2023-02-19 22:11:21.516361	rhythm
2940	2	6	/login/	Вход	0.2	48	2023-02-20 08:16:19.969673	rhythm
2941	155	1	/	Главная страница	0.25	121	2023-02-20 16:57:44.182309	rhythm
2942	155	1	/	Главная страница	0.25	121	2023-02-20 16:57:51.58694	rhythm
2943	2	72	/stores/all-stores/	Все товары | Категория товаров	0.36	86	2023-02-21 13:20:52.653135	rhythm
2944	155	1	/	Главная страница	0.25	121	2023-02-21 16:55:19.955658	rhythm
2945	2	6	/login/	Вход	0.2	26	2023-02-21 17:22:50.040634	rhythm
2946	2	14	/cookie_users_list/	Статистика сайта	0.2	44	2023-02-21 17:23:07.328513	rhythm
2947	191	91	/work_categories/	Работы	0.18	2	2023-02-21 22:23:49.291902	rhythm
2948	2	14	/cookie_users_list/	Статистика сайта	0.2	17	2023-02-22 09:22:48.318754	rhythm
2949	2	14	/cookie_users_list/	Статистика сайта	0.2	14	2023-02-24 14:16:21.353975	rhythm
2950	2	1	/	Главная страница	0.2	2	2023-02-27 16:53:47.03685	rhythm
2951	2	1	/	Главная страница	0.2	68	2023-02-27 16:54:02.630501	rhythm
2952	403	1	/	Главная страница	0.15	2	2023-02-28 09:56:29.514298	rhythm
2953	403	1	/	Главная страница	0.15	3	2023-02-28 09:56:32.631552	rhythm
2954	403	13	/history/	История просмотров	0.15	3	2023-02-28 09:56:34.499002	rhythm
2955	403	1	/	Главная страница	0.15	3	2023-02-28 09:56:37.169631	rhythm
2956	403	10	/info/	Информация	0.15	4	2023-02-28 09:56:39.628428	rhythm
2957	403	14	/cookie_users_list/	Статистика сайта	0.15	17	2023-02-28 09:56:55.334233	rhythm
2958	403	91	/work_categories/	Работы	0.36	3	2023-02-28 09:56:58.117799	rhythm
2959	403	92	/works/web_development/	Веб-разработка | Категория работ	0.24	6	2023-02-28 09:57:03.116327	rhythm
2960	403	21	/search/%D0%9F%D0%B8%D1%82/	Общий поиск | Начало	0.15	9	2023-02-28 09:57:10.913552	rhythm
2961	403	21	/search/%D0%97%D0%B0%D0%BA/	Общий поиск | Начало	0.07	10	2023-02-28 09:57:19.984172	rhythm
2962	403	21	/search/	Общий поиск | Начало	0.07	7	2023-02-28 09:57:25.405246	rhythm
2963	403	21	/search/	Общий поиск | Начало	0.15	5	2023-02-28 09:57:29.704372	rhythm
2964	403	1	/	Главная страница	0.69	22	2023-02-28 09:57:51.207482	rhythm
2965	403	61	/service_categories/	Услуги	0.16	9	2023-02-28 09:57:58.456943	rhythm
2966	403	32	/tag/%D0%92%D0%B5%D0%B1-%D1%80%D0%B0%D0%B7%D1%80%D0%B0%D0%B1%D0%BE%D1%82%D0%BA%D0%B0/	Веб-разработка | Тег	0.16	3	2023-02-28 09:58:00.373986	rhythm
2967	403	9	/helps/how_to_order_a_project/	Как заказать проект | Категория помощи	1.1	22	2023-02-28 09:58:21.441469	rhythm
2968	403	1	/	Главная страница	0.15	2	2023-02-28 09:58:22.315997	rhythm
2969	403	1	/	Главная страница	0.15	3	2023-02-28 09:58:25.144358	rhythm
2970	403	13	/history/	История просмотров	0.31	6	2023-02-28 09:58:29.870294	rhythm
2971	403	12	/user_orders/	Ваши заказы	0.15	3	2023-02-28 09:58:32.174078	rhythm
2972	403	13	/history/	История просмотров	0.47	24	2023-02-28 09:58:54.692769	rhythm
2973	403	1	/	Главная страница	0.69	9	2023-02-28 09:59:02.565541	rhythm
2974	403	10	/info/	Информация	0.26	9	2023-02-28 09:59:10.308037	rhythm
2975	403	9	/helps/what_do_we_know_abou_you/	Что мы о Вас знаем | Категория помощи	0.84	12	2023-02-28 09:59:21.267095	rhythm
2976	403	21	/search/	Общий поиск | Начало	0.15	6	2023-02-28 09:59:26.737345	rhythm
2977	403	9	/helps/how_to_order_a_project/	Как заказать проект | Категория помощи	0.15	7	2023-02-28 09:59:32.913407	rhythm
2978	403	81	/wiki_categories/	База знаний	0.55	121	2023-02-28 11:20:17.700541	rhythm
2979	403	81	/wiki_categories/	База знаний	0.15	11	2023-02-28 11:20:28.28597	rhythm
2980	403	1	/	Главная страница	0.15	2	2023-02-28 11:20:30.179033	rhythm
2981	403	13	/history/	История просмотров	0.47	6	2023-02-28 11:20:35.001914	rhythm
2982	403	1	/	Главная страница	0.15	5	2023-02-28 11:20:38.835762	rhythm
2983	403	10	/info/	Информация	0.36	14	2023-02-28 11:20:51.797354	rhythm
2984	403	9	/helps/stages_of_project_creation/	Этапы создания проектов | Категория помощи	0.53	7	2023-02-28 11:20:57.803848	rhythm
2985	403	1	/	Главная страница	0.15	4	2023-02-28 11:21:00.298489	rhythm
2986	403	21	/search/	Общий поиск | Начало	0.15	16	2023-02-28 11:21:15.95692	rhythm
2987	404	21	/search/	Общий поиск | Начало	0.15	1	2023-02-28 11:21:28.186036	rhythm
2988	403	21	/search/	Общий поиск | Начало	0.15	3	2023-02-28 11:21:31.57648	rhythm
2989	403	1	/	Главная страница	0.15	3	2023-02-28 11:21:33.268233	rhythm
2990	403	10	/info/	Информация	0.15	2	2023-02-28 11:21:35.040753	rhythm
2991	403	14	/cookie_users_list/	Статистика сайта	0.15	7	2023-02-28 11:21:40.485105	rhythm
2992	403	1	/	Главная страница	0.15	3	2023-02-28 11:21:42.056577	rhythm
2993	2	14	/cookie_users_list/	Статистика сайта	0.2	9	2023-02-28 20:02:41.388458	rhythm
2994	2	1	/	Главная страница	0.2	121	2023-03-04 08:58:13.282293	rhythm
2995	2	6	/login/	Вход	0.2	116	2023-03-04 19:16:44.903492	rhythm
2996	2	0	/create_serve/	Создание опции	0.2	2	2023-03-04 19:16:59.425052	rhythm
2997	2	0	/serve_list/	Список опций и услуг	0.2	38	2023-03-04 19:17:00.775983	rhythm
2998	2	6	/login/	Вход	0.2	6	2023-03-06 16:55:23.663211	rhythm
2999	2	0	/feedback_list/	Сообщения	0.2	61	2023-03-06 16:55:42.832868	rhythm
3000	419	1	/	Главная страница	0.7	19	2023-03-08 12:16:02.648535	rhythm
3001	419	21	/search/	Общий поиск | Начало	0.24	3	2023-03-08 12:16:04.434623	rhythm
3002	419	1	/search/	Главная страница	0.24	2	2023-03-08 12:16:05.551282	rhythm
3003	419	21	/	Общий поиск | Начало	0.24	5	2023-03-08 12:16:09.949671	rhythm
3004	419	1	/	Главная страница	0.24	4	2023-03-08 12:16:12.677538	rhythm
3005	2	1	/	Главная страница	0.2	2	2023-03-08 20:43:11.577206	rhythm
3006	2	6	/login/	Вход	0.2	7	2023-03-08 20:43:16.666821	rhythm
3007	2	1	/	Главная страница	0.2	142	2023-03-08 20:57:00.061857	rhythm
3008	2	1	/	Главная страница	0.2	2	2023-03-09 17:55:24.079375	rhythm
3009	2	9	/helps/stages_of_project_creation/	Этапы создания проектов | Категория помощи	1.09	376	2023-03-09 18:22:30.887214	rhythm
3010	155	1	/	Главная страница	0.25	4	2023-03-10 11:21:49.841042	rhythm
3011	2	6	/login/	Вход	0.2	132	2023-03-11 09:52:53.944944	rhythm
3012	2	14	/cookie_users_list/	Статистика сайта	0.33	328	2023-03-11 10:24:37.366567	rhythm
3013	403	21	/search/	Общий поиск | Начало	0.15	4	2023-03-12 10:23:19.73326	rhythm
3014	403	1	/	Главная страница	0.15	3	2023-03-12 10:23:21.37492	rhythm
3015	403	1	/	Главная страница	0.68	12	2023-03-12 10:23:33.861828	rhythm
3016	403	61	/service_categories/	Услуги	0.32	10	2023-03-12 10:23:42.662407	rhythm
3017	403	1	/	Главная страница	0.15	4	2023-03-12 10:23:45.858162	rhythm
3018	403	21	/search/	Общий поиск | Начало	0.15	11	2023-03-12 10:23:55.618958	rhythm
3019	403	10	/info/	Информация	0.15	3	2023-03-12 10:23:57.41044	rhythm
3020	403	1	/	Главная страница	0.38	5	2023-03-12 10:24:01.258133	rhythm
3021	403	10	/info/	Информация	0.15	6	2023-03-12 10:24:07.041073	rhythm
3022	403	1	/	Главная страница	0.69	9	2023-03-12 10:24:14.770162	rhythm
3023	403	10	/info/	Информация	0.15	3	2023-03-12 10:24:16.66219	rhythm
3024	403	1	/	Главная страница	0.41	12	2023-03-12 10:24:27.092936	rhythm
3025	403	10	/info/	Информация	0.35	7	2023-03-12 10:24:33.893192	rhythm
3026	403	14	/cookie_users_list/	Статистика сайта	0.17	121	2023-03-12 18:58:59.562959	rhythm
3027	2	6	/login/	Вход	0.2	7	2023-03-13 16:09:19.664328	rhythm
3028	2	14	/cookie_users_list/	Статистика сайта	0.71	62	2023-03-13 16:09:36.704801	rhythm
3029	2	14	/cookie_users_list/	Статистика сайта	0.28	16	2023-03-14 12:21:10.336343	rhythm
3030	2	13	/history/	История просмотров	0.54	59	2023-03-15 09:18:47.186809	rhythm
3031	2	14	/cookie_users_list/	Статистика сайта	0.31	39	2023-03-15 09:19:01.621968	rhythm
3032	2	6	/login/	Вход	0.2	21	2023-03-15 15:14:20.867616	rhythm
3033	2	14	/cookie_users_list/	Статистика сайта	0.22	138	2023-03-15 15:15:00.982576	rhythm
3034	2	1	/	Главная страница	0.2	2	2023-03-15 19:12:38.783216	rhythm
3035	2	1	/	Главная страница	0.36	208	2023-03-15 19:13:26.190858	rhythm
3036	2	1	/	Главная страница	0.2	2	2023-03-17 07:59:42.187902	rhythm
3037	2	1	/	Главная страница	0.2	7	2023-03-17 07:59:46.91539	rhythm
3038	2	1	/	Главная страница	0.67	254	2023-03-17 08:00:22.029695	rhythm
3039	2	1	/	Главная страница	0.2	2	2023-03-18 08:27:22.869227	rhythm
3040	2	1	/	Главная страница	0.2	3	2023-03-18 08:27:25.887657	rhythm
3041	2	13	/history/	История просмотров	0.4	302	2023-03-18 08:28:18.735674	rhythm
3042	2	1	/	Главная страница	0.2	13	2023-03-19 09:06:05.237422	rhythm
3043	2	1	/	Главная страница	0.2	2	2023-03-20 08:50:04.92381	rhythm
3044	2	9	/helps/how_to_order_a_project/	Как заказать проект | Категория помощи	1.09	369	2023-03-20 08:50:37.987975	rhythm
3045	2	1	/	Главная страница	0.2	2	2023-03-20 14:47:42.760361	rhythm
3046	2	14	/cookie_users_list/	Статистика сайта	0.2	9	2023-03-20 14:47:47.744897	rhythm
3047	2	1	/	Главная страница	0.2	2	2023-03-22 10:11:38.493212	rhythm
3048	2	1	/	Главная страница	0.31	25	2023-03-22 10:11:48.046909	rhythm
3049	2	1	/	Главная страница	0.2	1	2023-03-23 14:11:23.131206	rhythm
3050	2	14	/cookie_users_list/	Статистика сайта	0.2	38	2023-03-23 14:11:31.524856	rhythm
3051	452	1	/	Главная страница	0.21	3	2023-03-27 21:01:18.13481	rhythm
3052	453	1	/	Главная страница	0.21	2	2023-03-27 21:01:18.738706	rhythm
3053	455	1	/	Главная страница	0.21	3	2023-03-27 21:01:28.924419	rhythm
3054	2	1	/	Главная страница	0.2	2	2023-04-02 12:41:54.917984	rhythm
3055	2	1	/	Главная страница	0.2	1	2023-04-02 12:41:55.367529	rhythm
3056	2	1	/	Главная страница	0.2	308	2023-04-02 12:42:26.798474	rhythm
3057	470	1	/	Главная страница	0.21	7	2023-04-03 09:46:07.820286	rhythm
3058	2	1	/	Главная страница	0.2	1	2023-04-03 12:45:59.513186	rhythm
3059	2	1	/	Главная страница	0.2	130	2023-04-03 12:50:25.576744	rhythm
3060	2	1	/	Главная страница	0.2	3	2023-04-03 20:03:59.111094	rhythm
3061	2	1	/	Главная страница	0.2	2	2023-04-03 20:04:00.595157	rhythm
3062	2	1	/	Главная страница	0.2	1	2023-04-03 20:04:01.134356	rhythm
3063	2	1	/	Главная страница	0.2	1	2023-04-03 20:04:01.586983	rhythm
3064	2	1	/	Главная страница	0.2	1	2023-04-03 20:04:02.067293	rhythm
3065	2	1	/	Главная страница	0.2	100	2023-04-03 20:04:15.510793	rhythm
3066	2	1	/	Главная страница	0.54	7	2023-04-03 20:04:34.828663	rhythm
3067	2	1	/	Главная страница	0.2	4	2023-04-03 20:04:38.236733	rhythm
3068	2	1	/	Главная страница	0.2	1	2023-04-03 20:04:38.713493	rhythm
3069	2	1	/	Главная страница	0.2	1	2023-04-03 20:04:39.083758	rhythm
3070	2	1	/	Главная страница	0.2	1	2023-04-03 20:04:39.469913	rhythm
3071	2	1	/	Главная страница	0.2	1	2023-04-03 20:04:40.010394	rhythm
3072	2	1	/	Главная страница	0.2	77	2023-04-03 20:04:54.332921	rhythm
\.


--
-- Data for Name: cookie_users; Type: TABLE DATA; Schema: public; Owner: serg
--

COPY public.cookie_users (id, ip, device, city_ru, city_en, region_ru, region_en, country_ru, country_en, height, seconds, created) FROM stdin;
13	66.249.66.146	2	Маунтин-Вью	Mountain View	Калифорния	California	США	United States	0	0	2022-09-30 03:44:50.82124
14	40.77.189.234	1	Чикаго	Chicago	Иллинойс	Illinois	США	United States	0	0	2022-09-30 07:31:06.44052
30	91.239.184.81	1	Микунь	Mikun'	Коми	Komi	Россия	Russia	0.19	1	2022-10-02 15:23:24.682227
15	176.59.8.196	2	Санкт-Петербург	Saint Petersburg	Санкт-Петербург	Sankt-Peterburg	Россия	Russia	0	0	2022-09-30 11:05:02.72324
40	5.255.231.107	1	Москва	Moscow	Москва	Moskva	Россия	Russia	0	0	2022-10-04 10:57:54.234767
31	91.239.184.81	1	Микунь	Mikun'	Коми	Komi	Россия	Russia	0.38	84	2022-10-02 15:59:05.081509
32	66.249.66.79	2	Маунтин-Вью	Mountain View	Калифорния	California	США	United States	0	0	2022-10-02 19:16:37.622957
33	5.255.231.107	1	Москва	Moscow	Москва	Moskva	Россия	Russia	0	0	2022-10-02 21:29:52.658018
34	5.255.231.107	1	Москва	Moscow	Москва	Moskva	Россия	Russia	0	0	2022-10-03 07:54:04.917506
35	87.117.9.48	1	Ростов-на-Дону	Rostov-on-Don	Ростовская область	Rostovskaya Oblast'	Россия	Russia	0.26	4	2022-10-03 08:22:18.475611
47	5.255.231.107	1	Москва	Moscow	Москва	Moskva	Россия	Russia	0	0	2022-10-05 17:02:44.859673
16	176.59.8.196	2	Санкт-Петербург	Saint Petersburg	Санкт-Петербург	Sankt-Peterburg	Россия	Russia	0	0	2022-09-30 11:06:53.170725
17	176.59.8.196	2	Санкт-Петербург	Saint Petersburg	Санкт-Петербург	Sankt-Peterburg	Россия	Russia	0	0	2022-09-30 11:07:13.732816
18	66.249.72.5	2	Маунтин-Вью	Mountain View	Калифорния	California	США	United States	0	0	2022-10-01 01:49:52.636849
19	66.249.69.33	2	Маунтин-Вью	Mountain View	Калифорния	California	США	United States	0	0	2022-10-01 04:12:38.550307
20	66.249.69.33	2	Маунтин-Вью	Mountain View	Калифорния	California	США	United States	0	0	2022-10-01 07:00:08.614726
21	66.249.65.124	2	Маунтин-Вью	Mountain View	Калифорния	California	США	United States	0	0	2022-10-01 18:14:22.631391
22	66.249.73.166	1	Маунтин-Вью	Mountain View	Калифорния	California	США	United States	0	0	2022-10-01 19:34:18.971232
23	66.249.65.126	2	Маунтин-Вью	Mountain View	Калифорния	California	США	United States	0	0	2022-10-01 20:27:52.265588
24	66.249.73.166	1	Маунтин-Вью	Mountain View	Калифорния	California	США	United States	0	0	2022-10-02 04:54:38.516223
25	5.255.231.107	1	Москва	Moscow	Москва	Moskva	Россия	Russia	0	0	2022-10-02 08:15:41.327095
26	5.255.231.107	1	Москва	Moscow	Москва	Moskva	Россия	Russia	0	0	2022-10-02 08:28:05.937989
2	91.239.184.81	1	Микунь	Mikun'	Коми	Komi	Россия	Russia	132.37999999999977	32901	2022-09-28 12:57:54.330308
52	77.88.5.35	1	Москва	Moscow	Москва	Moskva	Россия	Russia	0	0	2022-10-06 09:17:22.259238
3	91.239.184.81	1	Микунь	Mikun'	Коми	Komi	Россия	Russia	0	0	2022-09-28 12:57:58.182735
4	91.239.184.81	1	Микунь	Mikun'	Коми	Komi	Россия	Russia	0	0	2022-09-28 12:58:09.969666
5	91.239.184.81	1	Микунь	Mikun'	Коми	Komi	Россия	Russia	0	0	2022-09-28 12:58:20.24032
6	91.239.184.81	1	Микунь	Mikun'	Коми	Komi	Россия	Russia	0	0	2022-09-28 12:58:21.521042
7	87.250.224.112	1	Москва	Moscow	Москва	Moskva	Россия	Russia	0	0	2022-09-28 13:33:48.951109
8	5.45.207.152	1	Москва	Moscow	Москва	Moskva	Россия	Russia	0	0	2022-09-28 14:33:08.219324
9	87.250.224.112	1	Москва	Moscow	Москва	Moskva	Россия	Russia	0	0	2022-09-28 15:23:36.617097
41	66.249.70.74	2	Маунтин-Вью	Mountain View	Калифорния	California	США	United States	0	0	2022-10-04 20:34:34.058762
27	91.239.184.81	1	Микунь	Mikun'	Коми	Komi	Россия	Russia	0.19	1	2022-10-02 15:17:19.116718
10	87.250.224.112	1	Москва	Moscow	Москва	Moskva	Россия	Russia	0	0	2022-09-28 16:12:20.297782
28	91.239.184.81	1	Микунь	Mikun'	Коми	Komi	Россия	Russia	0.19	1	2022-10-02 15:17:19.413375
29	91.239.184.81	1	Микунь	Mikun'	Коми	Komi	Россия	Russia	0.19	1	2022-10-02 15:23:24.373682
53	66.249.70.74	2	Маунтин-Вью	Mountain View	Калифорния	California	США	United States	0	0	2022-10-07 10:10:35.445986
48	5.255.231.107	1	Москва	Moscow	Москва	Moskva	Россия	Russia	0	0	2022-10-05 20:06:58.737327
37	5.255.253.139	1	Москва	Moscow	Москва	Moskva	Россия	Russia	0	0	2022-10-04 00:10:14.011122
38	66.249.64.244	2	Маунтин-Вью	Mountain View	Калифорния	California	США	United States	0	0	2022-10-04 06:42:19.051947
39	66.249.70.70	2	Маунтин-Вью	Mountain View	Калифорния	California	США	United States	0	0	2022-10-04 10:34:59.304238
43	195.211.23.209	1	Москва	Moscow	Москва	Moskva	Россия	Russia	0.18	1	2022-10-05 13:53:43.377236
12	176.59.18.211	2	Санкт-Петербург	Saint Petersburg	Санкт-Петербург	Sankt-Peterburg	Россия	Russia	22.839999999999986	3226	2022-09-29 07:39:39.428785
44	195.211.23.209	1	Москва	Moscow	Москва	Moskva	Россия	Russia	0	0	2022-10-05 13:53:43.56863
45	40.77.189.162	1	Чикаго	Chicago	Иллинойс	Illinois	США	United States	0	0	2022-10-05 15:07:08.24499
46	66.249.70.70	2	Маунтин-Вью	Mountain View	Калифорния	California	США	United States	0	0	2022-10-05 16:27:06.139829
49	5.255.231.107	1	Москва	Moscow	Москва	Moskva	Россия	Russia	0	0	2022-10-06 01:53:24.285377
50	42.236.10.114	2	Лоян	Luoyang	Хэнань	Henan Sheng	Китай	China	0	0	2022-10-06 02:03:18.047642
51	18.191.53.61	1	Колумбус	Columbus	Огайо	Ohio	США	United States	0	0	2022-10-06 04:08:48.06895
1	91.239.184.81	1	Микунь	Mikun'	Коми	Komi	Россия	Russia	84.6299999999999	16579	2022-09-20 13:07:16.405676
36	176.59.7.78	2	Санкт-Петербург	Saint Petersburg	Санкт-Петербург	Sankt-Peterburg	Россия	Russia	1	23	2022-10-03 11:30:06.193261
54	77.88.5.35	1	Москва	Moscow	Москва	Moskva	Россия	Russia	0	0	2022-10-07 11:56:54.985611
42	66.249.64.240	2	Маунтин-Вью	Mountain View	Калифорния	California	США	United States	3.25	110	2022-10-05 05:17:33.630629
55	86.57.135.89	1	Минск	Minsk	Минск	Horad Minsk	Беларусь	Belarus	0.15	6	2022-10-07 13:59:30.592753
56	66.249.64.242	2	Маунтин-Вью	Mountain View	Калифорния	California	США	United States	0	0	2022-10-08 11:22:07.377744
89	176.59.17.217	2	Санкт-Петербург	Saint Petersburg	Санкт-Петербург	Sankt-Peterburg	Россия	Russia	0.2	1	2022-10-19 16:00:13.964259
57	85.249.175.161	1	Санкт-Петербург	Saint Petersburg	Санкт-Петербург	Sankt-Peterburg	Россия	Russia	0	0	2022-10-08 18:17:17.667666
58	85.249.175.161	1	Санкт-Петербург	Saint Petersburg	Санкт-Петербург	Sankt-Peterburg	Россия	Russia	0	0	2022-10-08 18:17:41.773629
59	80.80.108.36	2	Ростов-на-Дону	Rostov-on-Don	Ростовская область	Rostovskaya Oblast'	Россия	Russia	0.97	48	2022-10-09 03:07:54.10305
60	66.249.64.242	2	Маунтин-Вью	Mountain View	Калифорния	California	США	United States	0	0	2022-10-10 03:07:39.85674
61	66.249.70.70	2	Маунтин-Вью	Mountain View	Калифорния	California	США	United States	0	0	2022-10-10 10:05:25.683133
62	66.249.68.1	1	Маунтин-Вью	Mountain View	Калифорния	California	США	United States	0	0	2022-10-10 17:54:08.52173
63	111.7.100.28	1	Чжэнчжоу	Zhengzhou	Хэнань	Henan Sheng	Китай	China	0.21	4	2022-10-10 18:22:31.044678
64	101.227.1.197	1	Шанхай	Shanghai	Шанхай	Shanghai Shi	Китай	China	0.21	3	2022-10-10 18:23:27.78934
65	101.227.1.197	1	Шанхай	Shanghai	Шанхай	Shanghai Shi	Китай	China	0	0	2022-10-10 18:24:16.770556
66	111.7.96.171	1	Чжэнчжоу	Zhengzhou	Хэнань	Henan Sheng	Китай	China	0.21	3	2022-10-10 19:00:16.88025
67	66.249.68.11	1	Маунтин-Вью	Mountain View	Калифорния	California	США	United States	0	0	2022-10-10 21:57:57.637618
68	5.45.235.88	1	Москва	Moscow	Москва	Moskva	Россия	Russia	0	0	2022-10-11 08:17:36.777177
69	77.88.5.35	1	Москва	Moscow	Москва	Moskva	Россия	Russia	0	0	2022-10-11 13:56:43.640625
70	66.249.72.5	1	Маунтин-Вью	Mountain View	Калифорния	California	США	United States	0	0	2022-10-11 18:05:12.459592
71	66.249.69.38	2	Маунтин-Вью	Mountain View	Калифорния	California	США	United States	0	0	2022-10-11 19:34:17.8436
72	77.88.5.35	1	Москва	Moscow	Москва	Moskva	Россия	Russia	0	0	2022-10-12 08:40:56.337586
73	40.77.202.140	1	Редмонд	Redmond	Вашингтон	Washington	США	United States	0	0	2022-10-12 15:30:58.368707
74	88.156.137.238	1	Варшава	Warsaw	Мазовецкое воеводство	Mazowieckie	Польша	Poland	0.21	17	2022-10-13 18:27:00.861692
75	211.95.50.4	1	Шанхай	Shanghai	Шанхай	Shanghai Shi	Китай	China	0.21	4	2022-10-13 19:29:08.434776
76	36.99.136.129	1	Чжоукоу	Zhoukou	Хэнань	Henan Sheng	Китай	China	0.21	3	2022-10-13 19:30:25.972693
77	101.227.1.199	1	Шанхай	Shanghai	Шанхай	Shanghai Shi	Китай	China	0.21	3	2022-10-13 19:31:48.858896
78	101.227.1.198	1	Шанхай	Shanghai	Шанхай	Shanghai Shi	Китай	China	0.21	3	2022-10-13 19:32:20.167722
79	111.7.96.171	1	Чжэнчжоу	Zhengzhou	Хэнань	Henan Sheng	Китай	China	0	0	2022-10-13 19:32:39.410839
80	40.77.188.51	1	Чикаго	Chicago	Иллинойс	Illinois	США	United States	0	0	2022-10-14 15:42:17.783825
81	66.249.66.60	2	Маунтин-Вью	Mountain View	Калифорния	California	США	United States	0	0	2022-10-15 15:38:14.176024
82	40.77.190.244	1	Чикаго	Chicago	Иллинойс	Illinois	США	United States	0	0	2022-10-15 15:46:34.588468
83	40.77.188.67	1	Чикаго	Chicago	Иллинойс	Illinois	США	United States	0	0	2022-10-15 15:46:35.314739
84	66.249.66.58	2	Маунтин-Вью	Mountain View	Калифорния	California	США	United States	0	0	2022-10-16 00:38:00.609839
85	66.249.66.60	2	Маунтин-Вью	Mountain View	Калифорния	California	США	United States	0	0	2022-10-16 02:08:10.737627
86	66.249.66.38	2	Маунтин-Вью	Mountain View	Калифорния	California	США	United States	0	0	2022-10-16 12:39:28.176919
87	66.249.66.38	2	Маунтин-Вью	Mountain View	Калифорния	California	США	United States	0	0	2022-10-16 12:46:50.433109
88	66.249.64.240	1	Маунтин-Вью	Mountain View	Калифорния	California	США	United States	0	0	2022-10-17 23:55:53.124243
90	111.7.96.173	1	Чжэнчжоу	Zhengzhou	Хэнань	Henan Sheng	Китай	China	0.21	4	2022-10-19 21:03:45.447234
91	111.7.96.152	1	Чжэнчжоу	Zhengzhou	Хэнань	Henan Sheng	Китай	China	0.21	2	2022-10-19 21:04:20.688981
92	111.7.100.32	1	Чжэнчжоу	Zhengzhou	Хэнань	Henan Sheng	Китай	China	0.21	3	2022-10-19 21:05:03.828464
93	211.95.50.4	1	Шанхай	Shanghai	Шанхай	Shanghai Shi	Китай	China	0.21	3	2022-10-19 21:07:16.939642
98	176.59.22.87	2	Санкт-Петербург	Saint Petersburg	Санкт-Петербург	Sankt-Peterburg	Россия	Russia	0	0	2022-10-22 07:56:03.316273
99	77.88.9.9	1	Москва	Moscow	Москва	Moskva	Россия	Russia	0	0	2022-10-23 04:53:03.534591
100	77.88.9.9	1	Москва	Moscow	Москва	Moskva	Россия	Russia	0	0	2022-10-23 04:53:06.714099
94	185.59.220.165	1	Франкфурт-на-Майне	Frankfurt am Main	Гессен	Land Hessen	Германия	Germany	1.1400000000000001	76	2022-10-20 09:55:33.878874
95	40.77.188.231	1	Чикаго	Chicago	Иллинойс	Illinois	США	United States	0	0	2022-10-21 15:33:50.20023
96	176.59.22.87	2	Санкт-Петербург	Saint Petersburg	Санкт-Петербург	Sankt-Peterburg	Россия	Russia	0	0	2022-10-22 07:55:38.282315
97	176.59.22.87	2	Санкт-Петербург	Saint Petersburg	Санкт-Петербург	Sankt-Peterburg	Россия	Russia	0	0	2022-10-22 07:55:44.991353
101	101.227.1.198	1	Шанхай	Shanghai	Шанхай	Shanghai Shi	Китай	China	0.21	4	2022-10-28 21:35:59.061636
102	211.95.50.5	1	Шанхай	Shanghai	Шанхай	Shanghai Shi	Китай	China	0.21	3	2022-10-28 21:36:02.591017
104	111.7.100.29	1	Чжэнчжоу	Zhengzhou	Хэнань	Henan Sheng	Китай	China	0	0	2022-10-28 21:36:18.15745
103	36.99.136.128	1	Чжоукоу	Zhoukou	Хэнань	Henan Sheng	Китай	China	0.21	3	2022-10-28 21:36:16.981914
105	36.99.136.136	1	Чжоукоу	Zhoukou	Хэнань	Henan Sheng	Китай	China	0.21	4	2022-10-28 23:01:26.699693
106	40.77.188.86	1	Чикаго	Chicago	Иллинойс	Illinois	США	United States	0	0	2022-10-29 03:09:03.66939
107	77.88.9.9	1	Москва	Moscow	Москва	Moskva	Россия	Russia	0	0	2022-11-06 14:02:14.800453
108	66.249.68.7	2	Маунтин-Вью	Mountain View	Калифорния	California	США	United States	0	0	2022-11-06 16:53:15.984644
109	66.249.68.7	1	Маунтин-Вью	Mountain View	Калифорния	California	США	United States	0	0	2022-11-06 16:53:16.938078
110	92.252.184.191	1	Ульяновск	Ulyanovsk	Ульяновская область	Ulyanovsk Oblast	Россия	Russia	0.25	3	2022-11-08 12:27:43.159557
111	2.36.105.90	1	Милан	Milano	Ломбардия	Regione Lombardia	Италия	Italia	0.2	8	2022-11-08 18:28:13.195008
141	101.227.1.197	1	Шанхай	Shanghai	Шанхай	Shanghai Shi	Китай	China	0.21	2	2022-11-12 11:27:50.505201
112	176.213.84.51	1	Чебоксары	Cheboksary	Чувашия	Chuvashia	Россия	Russia	0.45999999999999996	150	2022-11-08 18:31:54.223444
142	205.185.116.89	1	Сан-Хосе	San Jose	Калифорния	California	США	United States	0	0	2022-11-12 11:27:53.057321
129	176.98.49.108	1	Москва	Moscow	Москва	Moskva	Россия	Russia	1.5	27	2022-11-11 09:30:28.902617
131	209.141.35.128	1	Лас-Вегас	Las Vegas	Невада	Nevada	США	United States	0.21	2	2022-11-12 09:09:17.279572
113	95.37.188.85	1	Нижний Новгород	Nizhny Novgorod	Нижегородская область	Nizhegorodskaya Oblast'	Россия	Russia	1.7	40	2022-11-08 18:37:04.400494
114	188.170.75.199	2	Санкт-Петербург	Saint Petersburg	Санкт-Петербург	Sankt-Peterburg	Россия	Russia	0.18	1	2022-11-08 18:50:09.939833
115	188.170.75.199	2	Санкт-Петербург	Saint Petersburg	Санкт-Петербург	Sankt-Peterburg	Россия	Russia	0.19	1	2022-11-08 18:50:12.927434
116	77.88.9.9	1	Москва	Moscow	Москва	Moskva	Россия	Russia	0	0	2022-11-09 03:30:22.471242
117	213.87.196.2	2	Уфа	Ufa	Башкортостан	Bashkortostan	Россия	Russia	0.72	19	2022-11-09 17:04:51.781899
118	66.249.70.70	2	Маунтин-Вью	Mountain View	Калифорния	California	США	United States	0	0	2022-11-10 00:57:57.494814
119	66.249.70.70	1	Маунтин-Вью	Mountain View	Калифорния	California	США	United States	0	0	2022-11-10 02:27:57.380052
120	185.210.142.66	2	Москва	Moscow	Москва	Moskva	Россия	Russia	0.18	1	2022-11-10 10:47:01.476583
121	185.210.142.66	2	Москва	Moscow	Москва	Moskva	Россия	Russia	0.18	1	2022-11-10 10:47:10.195448
122	185.210.142.66	2	Москва	Moscow	Москва	Moskva	Россия	Russia	0.24	1	2022-11-10 10:47:15.715925
123	185.210.142.66	2	Москва	Moscow	Москва	Moskva	Россия	Russia	0.28	1	2022-11-10 10:47:27.697786
124	185.210.142.66	2	Москва	Moscow	Москва	Moskva	Россия	Russia	0.18	1	2022-11-10 10:47:30.206134
125	66.249.64.242	2	Маунтин-Вью	Mountain View	Калифорния	California	США	United States	0	0	2022-11-10 10:57:53.809119
126	66.249.64.240	1	Маунтин-Вью	Mountain View	Калифорния	California	США	United States	0	0	2022-11-10 12:27:13.753072
127	185.210.142.66	2	Москва	Moscow	Москва	Moskva	Россия	Russia	0	0	2022-11-10 13:17:20.504118
128	66.249.70.74	2	Маунтин-Вью	Mountain View	Калифорния	California	США	United States	0	0	2022-11-11 03:21:10.356159
130	209.141.33.65	1	Лас-Вегас	Las Vegas	Невада	Nevada	США	United States	0.21	3	2022-11-12 09:09:16.649352
143	101.227.1.199	1	Шанхай	Shanghai	Шанхай	Shanghai Shi	Китай	China	0.21	1	2022-11-12 11:27:53.875111
132	209.141.55.120	1	Лас-Вегас	Las Vegas	Невада	Nevada	США	United States	0.21	3	2022-11-12 09:09:25.968798
133	205.185.116.25	1	Сан-Хосе	San Jose	Калифорния	California	США	United States	0.21	3	2022-11-12 09:09:26.235879
134	209.141.55.120	1	Лас-Вегас	Las Vegas	Невада	Nevada	США	United States	0.21	2	2022-11-12 09:09:27.700429
136	209.141.49.169	1	Лас-Вегас	Las Vegas	Невада	Nevada	США	United States	0	0	2022-11-12 09:09:37.596419
138	209.141.36.231	1	Лас-Вегас	Las Vegas	Невада	Nevada	США	United States	0	0	2022-11-12 09:09:39.093112
135	205.185.116.25	1	Сан-Хосе	San Jose	Калифорния	California	США	United States	0.21	3	2022-11-12 09:09:36.84948
137	209.141.55.120	1	Лас-Вегас	Las Vegas	Невада	Nevada	США	United States	0.21	2	2022-11-12 09:09:38.187841
139	101.227.1.196	1	Шанхай	Shanghai	Шанхай	Shanghai Shi	Китай	China	0.21	1	2022-11-12 11:27:44.934354
140	205.185.116.25	1	Сан-Хосе	San Jose	Калифорния	California	США	United States	0	0	2022-11-12 11:27:49.211615
144	205.185.116.89	1	Сан-Хосе	San Jose	Калифорния	California	США	United States	0.21	2	2022-11-12 11:28:04.148266
145	66.249.70.78	2	Маунтин-Вью	Mountain View	Калифорния	California	США	United States	0	0	2022-11-12 11:56:43.52628
146	66.249.64.240	2	Маунтин-Вью	Mountain View	Калифорния	California	США	United States	0	0	2022-11-12 13:31:54.022929
147	66.249.73.166	2	Маунтин-Вью	Mountain View	Калифорния	California	США	United States	0	0	2022-11-14 18:14:12.591733
148	81.24.178.46	1	Гаврилов-Ям	Gavrilov-Yam	Ярославская область	Yaroslavskaya Oblast'	Россия	Russia	0.68	9	2022-11-14 18:27:20.774769
149	40.77.189.205	1	Чикаго	Chicago	Иллинойс	Illinois	США	United States	0	0	2022-11-15 03:43:26.555302
150	66.249.77.36	2	Маунтин-Вью	Mountain View	Калифорния	California	США	United States	0	0	2022-11-15 20:36:59.656146
151	94.137.39.63	2	Омск	Omsk	Омская область	Omskaya Oblast'	Россия	Russia	0	0	2022-11-15 21:13:30.621677
152	5.165.74.25	1	Воронеж	Voronezh	Воронежская область	Voronezhskaya Oblast'	Россия	Russia	0.25	27	2022-11-16 19:08:22.831703
153	66.249.77.36	2	Маунтин-Вью	Mountain View	Калифорния	California	США	United States	0	0	2022-11-16 21:05:43.461717
154	66.249.72.68	1	Маунтин-Вью	Mountain View	Калифорния	California	США	United States	0	0	2022-11-16 22:35:20.968969
156	87.250.224.47	1	Москва	Moscow	Москва	Moskva	Россия	Russia	0	0	2022-11-17 13:10:45.48552
157	87.250.224.47	1	Москва	Moscow	Москва	Moskva	Россия	Russia	0	0	2022-11-17 14:40:15.812957
158	66.249.68.7	2	Маунтин-Вью	Mountain View	Калифорния	California	США	United States	0	0	2022-11-17 20:52:35.557274
159	66.249.70.70	2	Маунтин-Вью	Mountain View	Калифорния	California	США	United States	0	0	2022-11-18 23:56:49.62925
160	66.249.64.242	1	Маунтин-Вью	Mountain View	Калифорния	California	США	United States	0	0	2022-11-19 00:41:49.045796
161	40.77.189.212	1	Чикаго	Chicago	Иллинойс	Illinois	США	United States	0	0	2022-11-20 03:42:33.946739
162	66.249.70.70	2	Маунтин-Вью	Mountain View	Калифорния	California	США	United States	0	0	2022-11-21 01:07:09.276784
163	66.249.70.70	1	Маунтин-Вью	Mountain View	Калифорния	California	США	United States	0	0	2022-11-21 02:37:12.750745
164	66.249.64.240	2	Маунтин-Вью	Mountain View	Калифорния	California	США	United States	0	0	2022-11-21 03:34:13.431591
165	66.249.64.240	1	Маунтин-Вью	Mountain View	Калифорния	California	США	United States	0	0	2022-11-21 05:04:12.187882
166	66.249.70.70	2	Маунтин-Вью	Mountain View	Калифорния	California	США	United States	0	0	2022-11-23 02:45:26.583422
167	66.249.64.240	1	Маунтин-Вью	Mountain View	Калифорния	California	США	United States	0	0	2022-11-23 05:16:26.913114
168	66.249.64.244	2	Маунтин-Вью	Mountain View	Калифорния	California	США	United States	0	0	2022-11-23 06:26:25.949802
169	31.173.240.224	2	Новосибирск	Novosibirsk	Новосибирская область	Novosibirskaya Oblast'	Россия	Russia	0.82	60	2022-11-23 10:06:37.180573
170	66.249.66.41	1	Маунтин-Вью	Mountain View	Калифорния	California	США	United States	0	0	2022-11-24 05:30:08.735411
190	87.250.224.124	1	Москва	Moscow	Москва	Moskva	Россия	Russia	0	0	2022-11-29 13:07:25.868435
191	85.249.173.36	2	Санкт-Петербург	Saint Petersburg	Санкт-Петербург	Sankt-Peterburg	Россия	Russia	0	0	2022-11-29 14:33:07.647834
192	87.250.224.124	1	Москва	Moscow	Москва	Moskva	Россия	Russia	0	0	2022-11-29 16:55:17.350212
193	87.250.224.124	1	Москва	Moscow	Москва	Moskva	Россия	Russia	0	0	2022-11-29 18:49:43.10866
155	87.117.9.48	1	Ростов-на-Дону	Rostov-on-Don	Ростовская область	Rostovskaya Oblast'	Россия	Russia	10.37	1432	2022-11-17 09:35:40.742415
194	87.250.224.124	1	Москва	Moscow	Москва	Moskva	Россия	Russia	0	0	2022-11-29 18:49:45.793671
195	91.239.184.81	1	Микунь	Mikun'	Коми	Komi	Россия	Russia	0	0	2022-11-30 13:55:19.798748
171	178.214.251.59	1	Уфа	Ufa	Башкортостан	Bashkortostan	Россия	Russia	2.53	39	2022-11-24 11:46:57.069914
172	66.249.66.41	1	Маунтин-Вью	Mountain View	Калифорния	California	США	United States	0	0	2022-11-25 05:30:42.958111
173	40.77.188.163	1	Чикаго	Chicago	Иллинойс	Illinois	США	United States	0	0	2022-11-26 03:40:10.626487
174	66.249.65.122	1	Маунтин-Вью	Mountain View	Калифорния	California	США	United States	0	0	2022-11-27 04:55:31.192004
175	66.249.65.122	2	Маунтин-Вью	Mountain View	Калифорния	California	США	United States	0	0	2022-11-27 04:55:31.64051
176	66.249.73.166	2	Маунтин-Вью	Mountain View	Калифорния	California	США	United States	0	0	2022-11-27 07:24:38.690899
185	93.81.0.202	1	Иваново	Ivanovo	Ивановская область	Ivanovskaya Oblast'	Россия	Russia	2.24	34	2022-11-28 18:24:41.955972
186	95.153.160.66	1	Краснодар	Krasnodar	Краснодарский край	Krasnodarskiy Kray	Россия	Russia	0	0	2022-11-28 22:30:25.872256
177	91.193.177.235	2	Москва	Moscow	Москва	Moskva	Россия	Russia	1.58	58	2022-11-27 21:13:22.310805
187	66.249.77.33	2	Маунтин-Вью	Mountain View	Калифорния	California	США	United States	0	0	2022-11-29 00:10:25.621098
178	83.220.238.95	2	Москва	Moscow	Москва	Moskva	Россия	Russia	0.5700000000000001	23	2022-11-27 23:17:27.696425
179	66.249.66.62	1	Маунтин-Вью	Mountain View	Калифорния	California	США	United States	0	0	2022-11-27 23:43:29.750514
180	66.249.66.58	2	Маунтин-Вью	Mountain View	Калифорния	California	США	United States	0	0	2022-11-28 10:37:01.036255
196	66.249.68.5	2	Маунтин-Вью	Mountain View	Калифорния	California	США	United States	0	0	2022-11-30 14:57:42.379523
197	66.249.66.60	2	Маунтин-Вью	Mountain View	Калифорния	California	США	United States	0	0	2022-12-01 05:33:03.639248
198	66.249.66.38	1	Маунтин-Вью	Mountain View	Калифорния	California	США	United States	0	0	2022-12-01 09:21:24.059299
199	87.250.224.124	1	Москва	Moscow	Москва	Moskva	Россия	Russia	0	0	2022-12-01 11:05:28.95124
188	83.220.239.19	2	Москва	Moscow	Москва	Moskva	Россия	Russia	1.5499999999999998	94	2022-11-29 00:18:16.37565
182	109.252.43.102	1	Москва	Moscow	Москва	Moskva	Россия	Russia	2.959999999999999	53	2022-11-28 15:26:48.982166
183	83.220.237.79	2	Москва	Moscow	Москва	Moskva	Россия	Russia	0	0	2022-11-28 15:42:53.309542
184	83.220.237.79	2	Москва	Moscow	Москва	Moskva	Россия	Russia	0	0	2022-11-28 18:24:40.318459
200	87.250.224.124	1	Москва	Moscow	Москва	Moskva	Россия	Russia	0	0	2022-12-01 11:05:31.945463
189	66.249.72.68	2	Маунтин-Вью	Mountain View	Калифорния	California	США	United States	0	0	2022-11-29 08:29:33.69037
201	91.239.184.81	1	Микунь	Mikun'	Коми	Komi	Россия	Russia	0	0	2022-12-01 12:34:02.198788
202	87.250.224.124	1	Москва	Moscow	Москва	Moskva	Россия	Russia	0	0	2022-12-01 19:49:25.104306
203	91.239.184.81	1	Микунь	Mikun'	Коми	Komi	Россия	Russia	0	0	2022-12-01 20:04:19.472641
204	40.77.202.167	1	Редмонд	Redmond	Вашингтон	Washington	США	United States	0	0	2022-12-02 04:14:35.594289
205	85.249.165.175	1	Санкт-Петербург	Saint Petersburg	Санкт-Петербург	Sankt-Peterburg	Россия	Russia	0	0	2022-12-02 10:30:35.871937
11	85.249.169.6	1	Санкт-Петербург	Saint Petersburg	Санкт-Петербург	Sankt-Peterburg	Россия	Russia	1.86	347	2022-09-28 18:58:13.430717
206	66.249.66.58	2	Маунтин-Вью	Mountain View	Калифорния	California	США	United States	0	0	2022-12-03 07:02:08.438975
207	66.249.66.58	1	Маунтин-Вью	Mountain View	Калифорния	California	США	United States	0	0	2022-12-03 08:32:25.303282
208	66.249.66.41	1	Маунтин-Вью	Mountain View	Калифорния	California	США	United States	0	0	2022-12-03 12:42:13.199939
246	40.77.189.71	1	Чикаго	Chicago	Иллинойс	Illinois	США	United States	0	0	2022-12-14 05:17:40.757673
248	5.255.253.132	1	Москва	Moscow	Москва	Moskva	Россия	Russia	0	0	2022-12-14 14:50:10.565166
249	66.249.66.134	2	Маунтин-Вью	Mountain View	Калифорния	California	США	United States	0	0	2022-12-15 03:48:55.598023
250	66.249.66.58	2	Маунтин-Вью	Mountain View	Калифорния	California	США	United States	0	0	2022-12-15 12:12:33.7055
247	91.195.137.180	1	Орёл	Oryol	Орловская область	Orlovskaya Oblast'	Россия	Russia	3.3900000000000006	658	2022-12-14 13:37:43.929589
181	8.21.110.90	2	Индианаполис	Indianapolis	Индиана	Indiana	США	United States	4.34	118	2022-11-28 12:44:03.138446
209	95.161.221.122	1	Санкт-Петербург	Saint Petersburg	Санкт-Петербург	Sankt-Peterburg	Россия	Russia	0	0	2022-12-03 20:49:17.607561
210	66.249.64.242	2	Маунтин-Вью	Mountain View	Калифорния	California	США	United States	0	0	2022-12-04 23:02:29.753018
211	37.204.79.71	1	Москва	Moscow	Москва	Moskva	Россия	Russia	0	0	2022-12-05 06:58:13.757947
212	66.249.64.242	1	Маунтин-Вью	Mountain View	Калифорния	California	США	United States	0	0	2022-12-05 13:51:36.57123
213	66.249.64.240	2	Маунтин-Вью	Mountain View	Калифорния	California	США	United States	0	0	2022-12-05 14:36:34.78021
214	83.220.239.245	1	Москва	Moscow	Москва	Moskva	Россия	Russia	0.18	3	2022-12-05 23:39:41.082718
215	189.18.97.170	1	Сан-Паулу	São Paulo	Сан-Паулу	Estado de Sao Paulo	Бразилия	Brazil	0	0	2022-12-06 07:00:51.532168
216	189.18.97.170	1	Сан-Паулу	São Paulo	Сан-Паулу	Estado de Sao Paulo	Бразилия	Brazil	0	0	2022-12-06 07:00:52.210726
217	189.18.97.170	1	Сан-Паулу	São Paulo	Сан-Паулу	Estado de Sao Paulo	Бразилия	Brazil	0	0	2022-12-06 07:17:19.466342
218	189.18.97.170	1	Сан-Паулу	São Paulo	Сан-Паулу	Estado de Sao Paulo	Бразилия	Brazil	0	0	2022-12-06 07:17:20.160216
219	46.158.248.144	2	Краснодар	Krasnodar	Краснодарский край	Krasnodarskiy Kray	Россия	Russia	0	0	2022-12-06 07:32:53.74426
220	37.9.68.150	1	Москва	Moscow	Москва	Moskva	Россия	Russia	0	0	2022-12-06 08:25:38.778421
221	176.59.150.228	2	Новосибирск	Novosibirsk	Новосибирская область	Novosibirskaya Oblast'	Россия	Russia	0	0	2022-12-06 08:45:45.326987
222	91.107.98.187	2	Набережные Челны	Naberezhnye Chelny	Татарстан	Tatarstan	Россия	Russia	0	0	2022-12-06 15:21:45.003359
223	189.18.97.170	1	Сан-Паулу	São Paulo	Сан-Паулу	Estado de Sao Paulo	Бразилия	Brazil	0	0	2022-12-06 15:48:35.255599
224	189.18.97.170	1	Сан-Паулу	São Paulo	Сан-Паулу	Estado de Sao Paulo	Бразилия	Brazil	0	0	2022-12-06 15:48:35.984895
225	188.255.60.237	1	Москва	Moscow	Москва	Moskva	Россия	Russia	0	0	2022-12-06 22:28:23.263353
226	189.18.97.170	1	Сан-Паулу	São Paulo	Сан-Паулу	Estado de Sao Paulo	Бразилия	Brazil	0	0	2022-12-07 02:59:10.412325
227	189.18.97.170	1	Сан-Паулу	São Paulo	Сан-Паулу	Estado de Sao Paulo	Бразилия	Brazil	0	0	2022-12-07 02:59:20.427102
228	66.249.66.38	2	Маунтин-Вью	Mountain View	Калифорния	California	США	United States	0	0	2022-12-07 17:04:44.257138
229	46.147.136.100	2	Ижевск	Izhevsk	Удмуртия	Udmurtia	Россия	Russia	0	0	2022-12-08 02:19:40.073067
230	5.255.253.182	1	Москва	Moscow	Москва	Moskva	Россия	Russia	0	0	2022-12-08 19:19:02.240913
231	66.249.73.166	2	Маунтин-Вью	Mountain View	Калифорния	California	США	United States	0	0	2022-12-09 02:08:56.233136
232	66.249.73.169	1	Маунтин-Вью	Mountain View	Калифорния	California	США	United States	0	0	2022-12-09 14:09:31.426902
233	66.249.72.68	2	Маунтин-Вью	Mountain View	Калифорния	California	США	United States	0	0	2022-12-09 18:37:26.778552
234	66.249.77.58	1	Маунтин-Вью	Mountain View	Калифорния	California	США	United States	0	0	2022-12-09 20:45:19.684932
235	95.161.239.171	1	Санкт-Петербург	Saint Petersburg	Санкт-Петербург	Sankt-Peterburg	Россия	Russia	0	0	2022-12-10 01:27:57.98467
236	66.249.68.26	2	Маунтин-Вью	Mountain View	Калифорния	California	США	United States	0	0	2022-12-11 18:39:39.012173
237	66.249.68.13	2	Маунтин-Вью	Mountain View	Калифорния	California	США	United States	0	0	2022-12-11 20:30:42.068718
238	66.249.68.26	2	Маунтин-Вью	Mountain View	Калифорния	California	США	United States	0	0	2022-12-12 04:32:55.073525
239	5.255.253.132	1	Москва	Moscow	Москва	Moskva	Россия	Russia	0	0	2022-12-13 09:49:25.807223
240	5.255.253.132	1	Москва	Moscow	Москва	Moskva	Россия	Russia	0	0	2022-12-13 09:49:30.973219
241	66.249.66.41	1	Маунтин-Вью	Mountain View	Калифорния	California	США	United States	0	0	2022-12-13 17:07:21.052595
242	66.249.66.44	2	Маунтин-Вью	Mountain View	Калифорния	California	США	United States	0	0	2022-12-13 22:29:21.005402
243	66.249.66.58	2	Маунтин-Вью	Mountain View	Калифорния	California	США	United States	0	0	2022-12-13 22:51:14.530759
244	209.141.49.169	1	Лас-Вегас	Las Vegas	Невада	Nevada	США	United States	0	0	2022-12-13 23:20:20.279266
245	111.7.100.30	1	Чжэнчжоу	Zhengzhou	Хэнань	Henan Sheng	Китай	China	0	0	2022-12-13 23:20:21.516307
251	205.185.116.89	1	Сан-Хосе	San Jose	Калифорния	California	США	United States	0	0	2022-12-15 12:22:33.823718
252	5.255.253.132	1	Москва	Moscow	Москва	Moskva	Россия	Russia	0	0	2022-12-15 12:49:06.2608
253	5.255.253.132	1	Москва	Moscow	Москва	Moskva	Россия	Russia	0	0	2022-12-15 15:15:35.034865
254	66.249.66.58	2	Маунтин-Вью	Mountain View	Калифорния	California	США	United States	0	0	2022-12-15 16:42:26.656098
255	185.117.147.244	2	Москва	Moscow	Москва	Moskva	Россия	Russia	0	0	2022-12-15 18:09:01.029953
256	66.249.66.38	2	Маунтин-Вью	Mountain View	Калифорния	California	США	United States	0	0	2022-12-16 00:48:36.918594
257	209.141.35.128	1	Лас-Вегас	Las Vegas	Невада	Nevada	США	United States	0	0	2022-12-17 04:36:10.331843
258	66.249.66.210	1	Маунтин-Вью	Mountain View	Калифорния	California	США	United States	0	0	2022-12-17 20:54:22.583257
259	66.249.66.208	2	Маунтин-Вью	Mountain View	Калифорния	California	США	United States	0	0	2022-12-18 01:59:36.439804
260	66.249.66.58	2	Маунтин-Вью	Mountain View	Калифорния	California	США	United States	0	0	2022-12-18 13:58:31.399544
261	40.77.190.97	1	Чикаго	Chicago	Иллинойс	Illinois	США	United States	0	0	2022-12-19 19:05:10.859023
262	66.249.70.74	2	Маунтин-Вью	Mountain View	Калифорния	California	США	United States	0	0	2022-12-19 20:04:46.806827
263	66.249.73.169	1	Маунтин-Вью	Mountain View	Калифорния	California	США	United States	0	0	2022-12-21 14:32:54.150413
264	66.249.73.169	1	Маунтин-Вью	Mountain View	Калифорния	California	США	United States	0	0	2022-12-22 00:51:07.446007
265	66.249.73.166	2	Маунтин-Вью	Mountain View	Калифорния	California	США	United States	0	0	2022-12-22 06:50:38.344735
266	66.249.73.166	2	Маунтин-Вью	Mountain View	Калифорния	California	США	United States	0	0	2022-12-22 07:35:44.320072
267	66.249.65.100	2	Маунтин-Вью	Mountain View	Калифорния	California	США	United States	0	0	2022-12-22 07:42:29.051421
268	5.255.253.132	1	Москва	Moscow	Москва	Moskva	Россия	Russia	0	0	2022-12-22 13:30:48.659836
269	66.249.77.36	2	Маунтин-Вью	Mountain View	Калифорния	California	США	United States	0	0	2022-12-23 12:03:26.984162
271	40.77.190.138	1	Чикаго	Chicago	Иллинойс	Illinois	США	United States	0	0	2022-12-23 17:57:47.321065
272	40.77.189.80	1	Чикаго	Chicago	Иллинойс	Illinois	США	United States	0	0	2022-12-23 17:57:48.392726
270	37.99.40.176	1	Алматы	Almaty	Алматы	Almaty Qalasy	Казахстан	Kazakhstan	0.21	6	2022-12-23 16:57:08.963113
273	66.249.68.7	2	Маунтин-Вью	Mountain View	Калифорния	California	США	United States	0	0	2022-12-24 02:46:35.910536
274	66.249.68.11	1	Маунтин-Вью	Mountain View	Калифорния	California	США	United States	0	0	2022-12-24 10:47:29.352015
275	5.255.253.132	1	Москва	Moscow	Москва	Moskva	Россия	Russia	0	0	2022-12-24 19:14:46.504589
276	5.255.253.132	1	Москва	Moscow	Москва	Moskva	Россия	Russia	0	0	2022-12-24 19:16:38.099205
277	91.239.184.81	1	Микунь	Mikun'	Коми	Komi	Россия	Russia	0	0	2022-12-25 09:56:46.384711
278	91.239.184.81	1	Микунь	Mikun'	Коми	Komi	Россия	Russia	0	0	2022-12-25 09:56:47.272383
279	5.255.253.132	1	Москва	Moscow	Москва	Moskva	Россия	Russia	0	0	2022-12-25 09:57:29.406804
280	66.249.66.62	1	Маунтин-Вью	Mountain View	Калифорния	California	США	United States	0	0	2022-12-25 12:06:11.867063
281	66.249.66.41	2	Маунтин-Вью	Mountain View	Калифорния	California	США	United States	0	0	2022-12-25 12:51:13.43568
282	94.25.183.72	1	Салехард	Salekhard	Ямало-Ненецкий АО	Yamalo-Nenetskiy Avtonomnyy Okrug	Россия	Russia	0	0	2022-12-25 18:53:01.716779
283	5.255.253.132	1	Москва	Moscow	Москва	Moskva	Россия	Russia	0	0	2022-12-25 19:33:24.4001
284	5.255.253.132	1	Москва	Moscow	Москва	Moskva	Россия	Russia	0	0	2022-12-25 19:33:29.809649
285	66.249.66.41	2	Маунтин-Вью	Mountain View	Калифорния	California	США	United States	0	0	2022-12-26 12:49:17.987087
286	95.161.221.73	1	Санкт-Петербург	Saint Petersburg	Санкт-Петербург	Sankt-Peterburg	Россия	Russia	0	0	2022-12-26 23:00:33.296393
287	66.249.66.58	2	Маунтин-Вью	Mountain View	Калифорния	California	США	United States	0	0	2022-12-27 08:53:29.283103
288	209.141.35.128	1	Лас-Вегас	Las Vegas	Невада	Nevada	США	United States	0	0	2022-12-27 10:34:49.800655
289	176.59.23.67	2	Санкт-Петербург	Saint Petersburg	Санкт-Петербург	Sankt-Peterburg	Россия	Russia	0	0	2022-12-27 18:33:34.737452
290	77.88.5.243	1	Москва	Moscow	Москва	Moskva	Россия	Russia	0	0	2022-12-27 21:54:44.313686
291	66.249.66.79	2	Маунтин-Вью	Mountain View	Калифорния	California	США	United States	0	0	2022-12-28 04:57:55.180525
292	37.204.10.25	1	Москва	Moscow	Москва	Moskva	Россия	Russia	0	0	2022-12-29 12:17:58.451563
293	77.88.5.243	1	Москва	Moscow	Москва	Moskva	Россия	Russia	0	0	2022-12-30 03:40:44.055257
294	77.88.5.243	1	Москва	Moscow	Москва	Moskva	Россия	Russia	0	0	2022-12-30 03:40:49.027478
295	66.249.70.74	2	Маунтин-Вью	Mountain View	Калифорния	California	США	United States	0	0	2022-12-30 15:29:33.835191
296	180.163.220.67	2	Пекин	Beijing	Пекин	Beijing Shi	Китай	China	0	0	2022-12-31 01:40:32.256379
297	91.195.137.180	1	Орёл	Oryol	Орловская область	Orlovskaya Oblast'	Россия	Russia	0	0	2022-12-31 16:07:19.503398
298	66.249.66.138	2	Маунтин-Вью	Mountain View	Калифорния	California	США	United States	0	0	2022-12-31 22:14:41.462021
299	66.249.66.204	2	Маунтин-Вью	Mountain View	Калифорния	California	США	United States	0	0	2023-01-01 07:54:37.979643
300	66.249.65.97	2	Маунтин-Вью	Mountain View	Калифорния	California	США	United States	0	0	2023-01-01 17:32:48.894626
301	40.77.190.58	1	Чикаго	Chicago	Иллинойс	Illinois	США	United States	0	0	2023-01-03 18:43:58.630404
302	66.249.77.33	2	Маунтин-Вью	Mountain View	Калифорния	California	США	United States	0	0	2023-01-04 02:58:24.562941
303	40.77.188.221	1	Чикаго	Chicago	Иллинойс	Illinois	США	United States	0	0	2023-01-05 09:55:40.222706
304	66.249.66.58	1	Маунтин-Вью	Mountain View	Калифорния	California	США	United States	0	0	2023-01-05 13:38:51.12045
305	66.249.66.204	2	Маунтин-Вью	Mountain View	Калифорния	California	США	United States	0	0	2023-01-06 05:14:02.271861
307	66.249.66.58	2	Маунтин-Вью	Mountain View	Калифорния	California	США	United States	0	0	2023-01-09 15:47:50.992388
306	178.65.242.53	2	Мурманск	Murmansk	Мурманская область	Murmanskaya Oblast'	Россия	Russia	1	67	2023-01-08 08:13:35.879447
308	66.249.70.70	2	Маунтин-Вью	Mountain View	Калифорния	California	США	United States	0	0	2023-01-10 22:28:21.228518
309	66.249.70.78	2	Маунтин-Вью	Mountain View	Калифорния	California	США	United States	0	0	2023-01-10 22:28:21.659899
310	66.249.70.70	2	Маунтин-Вью	Mountain View	Калифорния	California	США	United States	0	0	2023-01-10 23:57:52.89201
344	85.249.160.243	1	Санкт-Петербург	Saint Petersburg	Санкт-Петербург	Sankt-Peterburg	Россия	Russia	1.1800000000000002	267	2023-01-28 14:38:25.756197
311	93.157.176.25	1	Ростов-на-Дону	Rostov-on-Don	Ростовская область	Rostovskaya Oblast'	Россия	Russia	0.47	11	2023-01-11 12:55:16.905062
312	77.88.5.172	1	Москва	Moscow	Москва	Moskva	Россия	Russia	0	0	2023-01-12 12:17:07.757091
313	77.88.5.172	1	Москва	Moscow	Москва	Moskva	Россия	Russia	0	0	2023-01-12 12:17:10.703366
314	77.88.5.243	1	Москва	Moscow	Москва	Moskva	Россия	Russia	0	0	2023-01-12 14:22:31.120284
315	66.249.65.100	2	Маунтин-Вью	Mountain View	Калифорния	California	США	United States	0	0	2023-01-12 22:52:08.12855
316	87.250.224.127	1	Москва	Moscow	Москва	Moskva	Россия	Russia	0	0	2023-01-13 13:04:55.939757
317	95.108.213.131	1	Москва	Moscow	Москва	Moskva	Россия	Russia	0	0	2023-01-13 17:52:15.252818
318	93.158.161.28	1	Москва	Moscow	Москва	Moskva	Россия	Russia	0	0	2023-01-14 08:52:02.719686
319	77.88.5.234	1	Москва	Moscow	Москва	Moskva	Россия	Russia	0	0	2023-01-14 20:04:58.765761
320	66.249.70.70	2	Маунтин-Вью	Mountain View	Калифорния	California	США	United States	0	0	2023-01-15 13:53:05.677308
321	66.249.77.33	2	Маунтин-Вью	Mountain View	Калифорния	California	США	United States	0	0	2023-01-15 15:23:10.894472
322	66.249.77.33	1	Маунтин-Вью	Mountain View	Калифорния	California	США	United States	0	0	2023-01-15 22:28:44.025173
323	66.249.70.33	2	Маунтин-Вью	Mountain View	Калифорния	California	США	United States	0	0	2023-01-17 21:04:48.888337
324	66.249.66.60	2	Маунтин-Вью	Mountain View	Калифорния	California	США	United States	0	0	2023-01-19 22:16:56.746004
325	66.249.66.60	2	Маунтин-Вью	Mountain View	Калифорния	California	США	United States	0	0	2023-01-21 06:01:10.834345
326	66.249.66.58	1	Маунтин-Вью	Mountain View	Калифорния	California	США	United States	0	0	2023-01-21 12:59:13.811098
327	87.250.224.69	1	Москва	Moscow	Москва	Moskva	Россия	Russia	0	0	2023-01-21 18:26:19.567739
328	87.250.224.69	1	Москва	Moscow	Москва	Moskva	Россия	Russia	0	0	2023-01-21 18:26:22.568016
329	88.83.200.170	1	Воронеж	Voronezh	Воронежская область	Voronezhskaya Oblast'	Россия	Russia	0	0	2023-01-22 20:13:17.054022
330	66.249.70.70	2	Маунтин-Вью	Mountain View	Калифорния	California	США	United States	0	0	2023-01-23 07:42:39.971596
331	66.249.70.70	2	Маунтин-Вью	Mountain View	Калифорния	California	США	United States	0	0	2023-01-24 00:21:00.477408
332	95.161.221.65	1	Санкт-Петербург	Saint Petersburg	Санкт-Петербург	Sankt-Peterburg	Россия	Russia	0	0	2023-01-24 09:03:56.603717
333	66.249.73.186	2	Маунтин-Вью	Mountain View	Калифорния	California	США	United States	0	0	2023-01-25 22:28:52.845341
334	66.249.73.186	2	Маунтин-Вью	Mountain View	Калифорния	California	США	United States	0	0	2023-01-26 03:01:26.603085
335	5.255.228.236	1	Москва	Moscow	Москва	Moskva	Россия	Russia	0	0	2023-01-26 08:53:45.747734
336	93.158.161.61	1	Москва	Moscow	Москва	Moskva	Россия	Russia	0	0	2023-01-27 10:14:29.383036
337	93.158.161.61	1	Москва	Moscow	Москва	Moskva	Россия	Russia	0	0	2023-01-27 18:02:50.116414
338	93.158.161.61	1	Москва	Moscow	Москва	Moskva	Россия	Russia	0	0	2023-01-27 18:02:54.78255
339	40.77.189.45	1	Чикаго	Chicago	Иллинойс	Illinois	США	United States	0	0	2023-01-28 01:28:06.8161
340	40.77.188.221	1	Чикаго	Chicago	Иллинойс	Illinois	США	United States	0	0	2023-01-28 01:28:07.57968
341	79.173.88.255	1	Гатчина	Gatchina	Ленинградская область	Leningradskaya Oblast'	Россия	Russia	0	0	2023-01-28 02:42:31.438121
342	66.249.72.193	2	Маунтин-Вью	Mountain View	Калифорния	California	США	United States	0	0	2023-01-28 04:18:57.425294
343	93.158.161.61	1	Москва	Moscow	Москва	Moskva	Россия	Russia	0	0	2023-01-28 09:34:39.514663
345	85.249.160.243	1	Санкт-Петербург	Saint Petersburg	Санкт-Петербург	Sankt-Peterburg	Россия	Russia	0	0	2023-01-28 15:26:36.344265
346	46.242.38.92	1	Москва	Moscow	Москва	Moskva	Россия	Russia	0	0	2023-01-28 18:47:06.638097
347	93.108.135.248	2	Лиссабон	Lisbon	Лиссабон	Distrito de Lisboa	Португалия	Portugal	0	0	2023-01-29 01:06:17.735092
348	2.132.100.91	1	Алматы	Almaty	Алматы	Almaty Qalasy	Казахстан	Kazakhstan	0	0	2023-01-29 20:09:18.791508
349	66.249.70.78	2	Маунтин-Вью	Mountain View	Калифорния	California	США	United States	0	0	2023-01-30 08:00:19.930272
350	66.249.70.74	1	Маунтин-Вью	Mountain View	Калифорния	California	США	United States	0	0	2023-01-30 09:30:22.218747
356	66.249.66.43	2	Маунтин-Вью	Mountain View	Калифорния	California	США	United States	0	0	2023-02-01 09:19:20.170343
351	66.249.70.4	2	Маунтин-Вью	Mountain View	Калифорния	California	США	United States	0	0	2023-01-30 17:05:20.696784
352	79.173.88.255	1	Гатчина	Gatchina	Ленинградская область	Leningradskaya Oblast'	Россия	Russia	0	0	2023-01-31 12:15:48.624732
353	95.29.237.201	1	Саратов	Saratov	Саратовская область	Saratovskaya Oblast'	Россия	Russia	0	0	2023-01-31 12:19:28.649455
354	89.109.49.253	1	Нижний Новгород	Nizhny Novgorod	Нижегородская область	Nizhegorodskaya Oblast'	Россия	Russia	0	0	2023-01-31 16:19:42.924793
355	95.161.239.221	1	Санкт-Петербург	Saint Petersburg	Санкт-Петербург	Sankt-Peterburg	Россия	Russia	0	0	2023-01-31 23:07:05.519381
357	95.108.213.106	1	Москва	Moscow	Москва	Moskva	Россия	Russia	0	0	2023-02-02 16:48:56.265479
358	66.249.70.6	2	Маунтин-Вью	Mountain View	Калифорния	California	США	United States	0	0	2023-02-03 10:19:53.987392
359	66.249.70.2	2	Маунтин-Вью	Mountain View	Калифорния	California	США	United States	0	0	2023-02-03 11:12:05.658747
360	66.249.70.4	2	Маунтин-Вью	Mountain View	Калифорния	California	США	United States	0	0	2023-02-04 17:17:40.478331
361	66.249.70.2	2	Маунтин-Вью	Mountain View	Калифорния	California	США	United States	0	0	2023-02-04 17:17:41.839228
362	66.249.65.80	2	Маунтин-Вью	Mountain View	Калифорния	California	США	United States	0	0	2023-02-07 12:19:21.71868
363	66.249.65.80	2	Маунтин-Вью	Mountain View	Калифорния	California	США	United States	0	0	2023-02-07 12:20:51.562188
364	66.249.65.83	2	Маунтин-Вью	Mountain View	Калифорния	California	США	United States	0	0	2023-02-07 14:50:43.96554
365	185.79.103.141	2	Москва	Moscow	Москва	Moskva	Россия	Russia	0	0	2023-02-07 18:20:37.91094
366	79.173.88.176	1	Гатчина	Gatchina	Ленинградская область	Leningradskaya Oblast'	Россия	Russia	0	0	2023-02-07 18:32:52.18555
367	77.88.5.48	1	Москва	Moscow	Москва	Moskva	Россия	Russia	0	0	2023-02-07 22:03:59.203454
405	66.249.66.1	1	Маунтин-Вью	Mountain View	Калифорния	California	США	United States	0	0	2023-03-01 01:29:46.013809
368	176.98.49.108	1	Москва	Moscow	Москва	Moskva	Россия	Russia	0.5	56	2023-02-08 22:18:43.370395
369	66.249.68.7	1	Маунтин-Вью	Mountain View	Калифорния	California	США	United States	0	0	2023-02-09 18:02:50.740657
370	66.249.68.7	2	Маунтин-Вью	Mountain View	Калифорния	California	США	United States	0	0	2023-02-10 01:55:25.446891
371	66.249.68.7	2	Маунтин-Вью	Mountain View	Калифорния	California	США	United States	0	0	2023-02-10 01:55:26.123119
372	77.88.5.233	1	Москва	Moscow	Москва	Moskva	Россия	Russia	0	0	2023-02-11 13:19:25.852383
373	66.249.66.136	2	Маунтин-Вью	Mountain View	Калифорния	California	США	United States	0	0	2023-02-11 18:51:12.448548
374	66.249.66.45	2	Маунтин-Вью	Mountain View	Калифорния	California	США	United States	0	0	2023-02-12 08:49:57.651679
375	95.161.221.105	1	Санкт-Петербург	Saint Petersburg	Санкт-Петербург	Sankt-Peterburg	Россия	Russia	0	0	2023-02-12 15:15:38.519121
376	93.158.161.30	1	Москва	Moscow	Москва	Moskva	Россия	Russia	0	0	2023-02-12 17:36:34.013675
377	95.161.221.112	1	Санкт-Петербург	Saint Petersburg	Санкт-Петербург	Sankt-Peterburg	Россия	Russia	0	0	2023-02-12 22:14:49.798726
378	93.158.161.30	1	Москва	Moscow	Москва	Moskva	Россия	Russia	0	0	2023-02-13 08:17:44.503703
379	93.158.161.30	1	Москва	Moscow	Москва	Moskva	Россия	Russia	0	0	2023-02-13 08:19:00.35858
380	66.249.66.43	2	Маунтин-Вью	Mountain View	Калифорния	California	США	United States	0	0	2023-02-13 19:22:25.212114
381	66.249.66.206	2	Маунтин-Вью	Mountain View	Калифорния	California	США	United States	0	0	2023-02-13 19:23:03.481299
382	5.255.231.118	1	Москва	Moscow	Москва	Moskva	Россия	Russia	0	0	2023-02-14 08:08:51.656525
383	66.249.66.199	2	Маунтин-Вью	Mountain View	Калифорния	California	США	United States	0	0	2023-02-15 07:43:32.460858
384	85.249.160.85	1	Санкт-Петербург	Saint Petersburg	Санкт-Петербург	Sankt-Peterburg	Россия	Russia	0.41	121	2023-02-15 21:12:03.698392
385	213.180.203.16	1	Москва	Moscow	Москва	Moskva	Россия	Russia	0	0	2023-02-17 08:05:13.492152
386	66.249.66.44	1	Маунтин-Вью	Mountain View	Калифорния	California	США	United States	0	0	2023-02-17 23:34:21.846535
387	66.249.65.83	2	Маунтин-Вью	Mountain View	Калифорния	California	США	United States	0	0	2023-02-19 05:00:57.785957
388	66.249.65.80	2	Маунтин-Вью	Mountain View	Калифорния	California	США	United States	0	0	2023-02-20 01:31:48.313797
389	149.56.160.189	1	Монреаль	Montreal	Квебек	Quebec	Канада	Canada	0	0	2023-02-20 19:57:18.185376
390	5.45.207.134	1	Москва	Moscow	Москва	Moskva	Россия	Russia	0	0	2023-02-21 13:27:58.713317
391	66.249.68.15	1	Маунтин-Вью	Mountain View	Калифорния	California	США	United States	0	0	2023-02-22 04:23:00.932005
392	66.249.66.43	2	Маунтин-Вью	Mountain View	Калифорния	California	США	United States	0	0	2023-02-23 04:56:22.81441
393	40.77.188.149	1	Чикаго	Chicago	Иллинойс	Illinois	США	United States	0	0	2023-02-24 07:08:33.981214
394	213.180.203.85	1	Москва	Moscow	Москва	Moskva	Россия	Russia	0	0	2023-02-24 14:17:11.072123
395	66.249.66.43	1	Маунтин-Вью	Mountain View	Калифорния	California	США	United States	0	0	2023-02-25 06:15:48.308336
396	66.249.66.2	2	Маунтин-Вью	Mountain View	Калифорния	California	США	United States	0	0	2023-02-26 03:50:11.870599
397	66.249.66.73	1	Маунтин-Вью	Mountain View	Калифорния	California	США	United States	0	0	2023-02-26 06:02:03.314787
398	66.249.73.227	2	Маунтин-Вью	Mountain View	Калифорния	California	США	United States	0	0	2023-02-27 08:44:39.451704
399	5.45.207.139	1	Москва	Moscow	Москва	Moskva	Россия	Russia	0	0	2023-02-27 17:00:37.620202
400	5.45.207.139	1	Москва	Moscow	Москва	Moskva	Россия	Russia	0	0	2023-02-27 17:01:33.350394
401	213.180.203.71	1	Москва	Moscow	Москва	Moskva	Россия	Russia	0	0	2023-02-27 19:00:00.44277
402	66.249.64.161	2	Маунтин-Вью	Mountain View	Калифорния	California	США	United States	0	0	2023-02-27 20:32:40.73492
404	176.59.12.94	2	Санкт-Петербург	Saint Petersburg	Санкт-Петербург	Sankt-Peterburg	Россия	Russia	0	0	2023-02-28 11:21:28.147594
406	69.171.251.23	1	Менло-Парк	Menlo Park	Калифорния	California	США	United States	0	0	2023-03-01 02:45:21.176181
407	66.249.66.44	2	Маунтин-Вью	Mountain View	Калифорния	California	США	United States	0	0	2023-03-03 01:55:03.528841
408	66.249.66.44	2	Маунтин-Вью	Mountain View	Калифорния	California	США	United States	0	0	2023-03-03 14:18:05.051479
409	93.158.161.39	1	Москва	Moscow	Москва	Moskva	Россия	Russia	0	0	2023-03-04 08:42:15.114431
410	93.158.161.39	1	Москва	Moscow	Москва	Moskva	Россия	Russia	0	0	2023-03-06 17:02:16.267991
411	93.158.161.39	1	Москва	Moscow	Москва	Moskva	Россия	Russia	0	0	2023-03-06 17:05:03.738007
412	66.249.66.73	2	Маунтин-Вью	Mountain View	Калифорния	California	США	United States	0	0	2023-03-07 03:56:18.08875
413	66.249.66.44	1	Маунтин-Вью	Mountain View	Калифорния	California	США	United States	0	0	2023-03-07 05:26:20.710565
414	66.249.66.43	2	Маунтин-Вью	Mountain View	Калифорния	California	США	United States	0	0	2023-03-07 08:10:09.446898
415	37.204.10.202	1	Москва	Moscow	Москва	Moskva	Россия	Russia	0	0	2023-03-07 10:36:40.877097
416	66.249.66.1	2	Маунтин-Вью	Mountain View	Калифорния	California	США	United States	0	0	2023-03-07 20:54:28.770914
417	66.249.66.1	2	Маунтин-Вью	Mountain View	Калифорния	California	США	United States	0	0	2023-03-07 23:09:22.47702
418	40.77.188.29	1	Чикаго	Chicago	Иллинойс	Illinois	США	United States	0	0	2023-03-08 05:02:36.698911
442	66.249.66.73	2	Маунтин-Вью	Mountain View	Калифорния	California	США	United States	0	0	2023-03-23 04:26:17.587275
443	80.82.63.186	1	Воронеж	Voronezh	Воронежская область	Voronezhskaya Oblast'	Россия	Russia	0	0	2023-03-23 06:19:49.489269
419	78.81.151.68	2	Ухта	Ukhta	Коми	Komi	Россия	Russia	0.72	11	2023-03-08 12:15:44.106956
420	66.249.66.44	2	Маунтин-Вью	Mountain View	Калифорния	California	США	United States	0	0	2023-03-09 01:23:29.349497
421	66.249.73.188	2	Маунтин-Вью	Mountain View	Калифорния	California	США	United States	0	0	2023-03-10 13:58:44.007621
422	66.249.66.74	2	Маунтин-Вью	Mountain View	Калифорния	California	США	United States	0	0	2023-03-10 21:45:47.385749
423	66.249.66.74	2	Маунтин-Вью	Mountain View	Калифорния	California	США	United States	0	0	2023-03-10 21:45:47.812525
424	66.249.66.82	2	Маунтин-Вью	Mountain View	Калифорния	California	США	United States	0	0	2023-03-11 00:01:10.740034
425	66.249.66.43	2	Маунтин-Вью	Mountain View	Калифорния	California	США	United States	0	0	2023-03-11 08:06:53.154215
426	93.158.161.71	1	Москва	Moscow	Москва	Moskva	Россия	Russia	0	0	2023-03-11 09:57:11.629751
444	40.77.188.92	1	Чикаго	Chicago	Иллинойс	Illinois	США	United States	0	0	2023-03-23 12:52:15.17938
445	40.77.190.25	1	Чикаго	Chicago	Иллинойс	Illinois	США	United States	0	0	2023-03-23 12:52:16.253073
446	95.108.213.198	1	Москва	Moscow	Москва	Moskva	Россия	Russia	0	0	2023-03-23 14:12:44.244059
447	66.249.64.130	2	Маунтин-Вью	Mountain View	Калифорния	California	США	United States	0	0	2023-03-24 18:01:33.711518
448	66.249.64.146	2	Маунтин-Вью	Mountain View	Калифорния	California	США	United States	0	0	2023-03-25 08:49:48.526871
449	79.173.90.54	1	Гатчина	Gatchina	Ленинградская область	Leningradskaya Oblast'	Россия	Russia	0	0	2023-03-25 09:02:39.741337
450	95.161.221.105	1	Санкт-Петербург	Saint Petersburg	Санкт-Петербург	Sankt-Peterburg	Россия	Russia	0	0	2023-03-26 00:35:50.03284
451	37.204.10.126	1	Москва	Moscow	Москва	Moskva	Россия	Russia	0	0	2023-03-27 02:36:23.128355
452	209.141.33.65	1	Лас-Вегас	Las Vegas	Невада	Nevada	США	United States	0	0	2023-03-27 21:01:15.454237
453	209.141.33.65	1	Лас-Вегас	Las Vegas	Невада	Nevada	США	United States	0	0	2023-03-27 21:01:16.659887
454	205.185.122.184	1	Сан-Хосе	San Jose	Калифорния	California	США	United States	0	0	2023-03-27 21:01:24.898446
455	205.185.122.184	1	Сан-Хосе	San Jose	Калифорния	California	США	United States	0	0	2023-03-27 21:01:25.362761
403	176.59.12.94	2	Санкт-Петербург	Saint Petersburg	Санкт-Петербург	Sankt-Peterburg	Россия	Russia	9.850000000000003	385	2023-02-28 09:56:27.600834
427	93.158.161.39	1	Москва	Moscow	Москва	Moskva	Россия	Russia	0	0	2023-03-14 12:52:27.492132
428	66.249.66.42	2	Маунтин-Вью	Mountain View	Калифорния	California	США	United States	0	0	2023-03-15 10:52:24.977279
429	66.249.66.42	1	Маунтин-Вью	Mountain View	Калифорния	California	США	United States	0	0	2023-03-15 11:37:30.59138
430	213.180.203.149	1	Москва	Moscow	Москва	Moskva	Россия	Russia	0	0	2023-03-15 15:19:11.74964
431	5.255.231.200	1	Москва	Moscow	Москва	Moskva	Россия	Russia	0	0	2023-03-15 15:21:52.996415
432	213.180.203.181	1	Москва	Moscow	Москва	Moskva	Россия	Russia	0	0	2023-03-15 19:15:05.061464
433	66.249.66.73	1	Маунтин-Вью	Mountain View	Калифорния	California	США	United States	0	0	2023-03-17 21:00:34.132023
434	66.249.66.2	2	Маунтин-Вью	Mountain View	Калифорния	California	США	United States	0	0	2023-03-19 22:50:55.09713
435	66.249.66.43	1	Маунтин-Вью	Mountain View	Калифорния	California	США	United States	0	0	2023-03-19 22:51:00.742093
436	66.249.66.1	2	Маунтин-Вью	Mountain View	Калифорния	California	США	United States	0	0	2023-03-20 04:18:38.223367
437	66.249.66.2	2	Маунтин-Вью	Mountain View	Калифорния	California	США	United States	0	0	2023-03-21 04:52:03.324098
438	66.249.66.74	2	Маунтин-Вью	Mountain View	Калифорния	California	США	United States	0	0	2023-03-21 04:52:03.680126
439	66.249.66.2	2	Маунтин-Вью	Mountain View	Калифорния	California	США	United States	0	0	2023-03-21 05:36:58.535899
440	149.56.150.20	1	Монреаль	Montreal	Квебек	Quebec	Канада	Canada	0	0	2023-03-21 13:15:35.488676
441	66.249.66.2	2	Маунтин-Вью	Mountain View	Калифорния	California	США	United States	0	0	2023-03-22 04:05:48.935228
456	209.141.36.231	1	Лас-Вегас	Las Vegas	Невада	Nevada	США	United States	0	0	2023-03-27 21:01:25.965571
457	66.249.66.73	1	Маунтин-Вью	Mountain View	Калифорния	California	США	United States	0	0	2023-03-28 02:03:49.956565
458	66.249.66.43	2	Маунтин-Вью	Mountain View	Калифорния	California	США	United States	0	0	2023-03-28 11:01:28.524115
459	95.29.227.53	1	Балаково	Balakovo	Саратовская область	Saratovskaya Oblast'	Россия	Russia	0	0	2023-03-29 02:27:52.958154
460	213.180.203.108	1	Москва	Moscow	Москва	Moskva	Россия	Russia	0	0	2023-03-29 23:03:35.031259
461	5.255.253.68	1	Москва	Moscow	Москва	Moskva	Россия	Russia	0	0	2023-03-30 11:05:16.066458
462	66.249.66.73	1	Маунтин-Вью	Mountain View	Калифорния	California	США	United States	0	0	2023-03-30 14:25:57.56878
463	79.173.88.41	1	Гатчина	Gatchina	Ленинградская область	Leningradskaya Oblast'	Россия	Russia	0	0	2023-03-31 03:31:48.763805
464	95.161.221.68	1	Санкт-Петербург	Saint Petersburg	Санкт-Петербург	Sankt-Peterburg	Россия	Russia	0	0	2023-03-31 11:53:34.309518
465	66.249.72.193	2	Маунтин-Вью	Mountain View	Калифорния	California	США	United States	0	0	2023-04-01 15:05:13.42075
466	66.249.72.196	1	Маунтин-Вью	Mountain View	Калифорния	California	США	United States	0	0	2023-04-01 15:50:41.316493
467	87.250.224.246	1	Москва	Moscow	Москва	Moskva	Россия	Russia	0	0	2023-04-02 12:42:17.64231
468	66.249.65.97	2	Маунтин-Вью	Mountain View	Калифорния	California	США	United States	0	0	2023-04-02 16:41:46.441888
469	66.249.65.97	2	Маунтин-Вью	Mountain View	Калифорния	California	США	United States	0	0	2023-04-02 16:41:46.838227
470	209.141.34.187	1	Лас-Вегас	Las Vegas	Невада	Nevada	США	United States	0	0	2023-04-03 09:46:01.517521
471	213.180.203.136	1	Москва	Moscow	Москва	Moskva	Россия	Russia	0	0	2023-04-03 12:46:39.397522
472	66.249.72.193	1	Маунтин-Вью	Mountain View	Калифорния	California	США	United States	0	0	2023-04-03 18:11:34.276234
\.


--
-- Data for Name: feedbacks; Type: TABLE DATA; Schema: public; Owner: serg
--

COPY public.feedbacks (id, username, email, message) FROM stdin;
1	эй ты	kostyakto@mail.ru	привет, сайты орлы.ру который ты делал, хочу заменить шаблон на нём и запустить с другим доменом, назови сумму за которую возьмёшься за это дело, спасиб!
2	эй ты	kostyakto@mail.ru	шаблон пока что вот этот пресмотрел https://preview.themeforest.net/item/galactic-esports-and-gaming-html-template/full_screen_preview/41938116?_ga=2.111752068.1671975483.1671011219-1499782470.1671011219&_gac=1.224569960.1671011531.CjwKCAiAheacBhB8EiwAItVO2005fzDMPWpvy_flFdGiwjazj8BHCVrub7XJ4QxnczhnPEgVsCZ4XBoCHkMQAvD_BwE куплю
\.


--
-- Data for Name: files; Type: TABLE DATA; Schema: public; Owner: serg
--

COPY public.files (id, user_id, item_id, item_types, types, src, description, "position", view, seconds) FROM stdin;
14	1	2	1	1	/media/1/2022/9/23/detail-0.jpg	\N	0	0	0
15	1	22	2	1	/media/1/2022/10/6/D7nkZfkj3C4.jpg	\N	0	0	0
16	1	22	2	1	/media/1/2022/10/6/detail-0.jpg	\N	0	0	0
17	1	22	2	1	/media/1/2022/10/6/detail-1.jpg	\N	0	0	0
18	1	22	2	1	/media/1/2022/10/6/detail-2.jpg	\N	0	0	0
\.


--
-- Data for Name: item_comments; Type: TABLE DATA; Schema: public; Owner: serg
--

COPY public.item_comments (id, comment, item_id, user_id, parent_id, created) FROM stdin;
\.


--
-- Data for Name: items; Type: TABLE DATA; Schema: public; Owner: serg
--

COPY public.items (id, title, description, content, link, image, is_active, price, user_id, created, "position", view, height, seconds, price_acc, types, slug, now_u) FROM stdin;
4	1. Услуги, товары и работы	\N	<span>Мы продумали этот сайт </span><u>немного необычным образом​​​​​​​ </u><span>:</span><br><br><span>1. Нашу работу можно заказать на нем на страницах услуг, портфолио, товаров.</span><br><span>2. На этих страницах встроен </span><strong>калькулятор</strong><span>, который поможет Вам выбрать только те программы и модули, которые Вам нужны.</span><br><span>3. Все наши предложения мы разделили на строительные блоки для лучшего понимания структуры веб-ресурсов.</span><br><br><u>Строительные блоки делятся на​​​​​​​</u><span> :</span><br><br><span>1. </span><strong>Веб-сервисы​​​​​​​</strong><span>. Это большие блоки, объединяющие большой проект. Например, "браузерное приложение" - сайт, работающий на компьютере, планшете, смартфоне. Или "мобильное приложение", программное обеспечение, предназначенное для работы на смартфонах, планшетах и других мобильных устройствах.</span><br><br><span>2. </span><strong>Технологии</strong><span>. К ним относятся разные способы реализации задуманного веб-сервиса. Например, язык python для веб-сервиса "Нейросеть". Или язык "Go".</span><br><br><span>3. </span><strong>Опции</strong><span>. Это детальные кирпичики, формирующие Ваш заказ. Например, опция "Админка" на технологии "Rust" для веб-сервиса "Браузерное приложение".</span><br><br><span>Ниже мы еще более детально распишем структуру блоков. Итак, </span><u>заказать проект можно в разделах​​​​​​​ </u><span>:</span><br><br><span>1. </span><strong>Услуги</strong><span>. Тут можно формировать проект почти с нуля, отталкиваясь от обязательных опций, без которых выбранные веб-сервисы не будут иметь смысла.</span><br><br><span>2. </span><strong>Работы</strong><span>. В нашем портфолио каждая работа будет обогащена калькулятором с указанием всех опций, составляющих выполненный проект. И можно будет прямо оттуда заказать аналог. Или добавить / убрать ненужное.</span><br><br><span>3. </span><strong>Товары</strong><span>. Уже готовые проекты, а также набранные конфигурации опций в калькуляторе.</span><br>\r\n              	\N	\N	t	0	1	2022-09-23 10:54:17.745107	1	0	0	0	\N	6	help_store_objects	1
13	3. Безопасность	\N	<p>Мы ответственно относимся к персональным данным, знаем требования закона, поэтому соблюдаем все меры предосторожности:<br><br></p><ul><li>Мы не просим Ваших территориальных адресов, телефонов и прочих секретных данных.</li><li>Почтовые адреса партнеров хранятся на трех разных серверах отдельно, пароли защищаются лучшим шифровальщиком мира на 2018 год.</li><li>Куки-файлы хранят несколько записей, которые ни о чем не скажут злоумышленнику, если он их перехватит. Даже если данные о просмотрах увидит третье лицо, то эти данные нельзя будет связать конкретно с Вами.</li><li>Пользователь вправе в любое время удалить все вышеперечисленные данные по своему желанию.</li></ul>\r\n              	\N	\N	t	0	1	2022-09-28 15:36:23.738297	3	0	0	0	\N	6	help-safety	1
18	3.Прототипирование	\N	<span>На основе технического задания создаем начальный проект сайта / приложения / API-интерфейса. Строим тестовую базу данных, делаем страницы / экраны / элементы пользовательского интерфейса. Наполняем полученную структуру текстом, объектами, кнопками, слайдерами и так далее.</span><br><br><span>Показываем полученное заказчику. Согласовываем, дополняем деталями и особенностями.</span>\r\n              	\N	\N	t	0	1	2022-09-28 15:44:15.428224	3	1	0.35	27	\N	6	help-prototyping	0
19	4. Сборка проекта	\N	<span>Улучшаем полученные каркасы более детальной графикой на основе согласованных с Вами макетов. Создаем рабочий дизайн, наводим чистоту.</span><br><br><span>Показываем заказчику, согласовываем новые детали.</span>\r\n              	\N	\N	t	0	1	2022-09-28 15:45:25.889557	4	0	0	0	\N	6	help-project-assembly	1
20	5. Тестирование	\N	<span>Перед разворачиванием проекта на сервере заказчика проводим полное тестирование всего функционала сайта на различных устройствах. Проверяем скорость загрузки страниц.</span><br><br><span>Добиваемся наилучших результатов. Всё должно работать как положено, выдерживать нагрузки, вызывать чувство надежности и качества.</span>\r\n              	\N	\N	t	0	1	2022-09-28 15:45:52.325846	5	0	0	0	\N	6	help-testing	1
21	6. Запуск и поддержка	\N	<span>Полученные веб-ресурсы разворачиваются либо на оборудовании заказчика, либо внедряются в высокоскоростные платформы на наших серверах (в случае договора о поддержке, заключенного с нами)</span>\r\n              	\N	\N	t	0	1	2022-09-28 15:46:51.027284	6	0	0	0	\N	6	help-launch-and-support	1
15	0. Общие положения	\N	<span>Грамотная, профессиональная разработка веб-сервисов позволяет подразделять себя на примерно обособленные друг от друга этапы. И в то же время диапазон форматов работы, обозначенных целей, масштабов - вносит свои коррективы в элементы цикла создания веб-ресурсов.</span><br><br><span>Поэтому мы перечислим основные этапы создания проектов, делая упор на бизнес-составляющую.</span>\r\n              	\N	\N	t	0	1	2022-09-28 15:38:23.979447	0	1	0.27	10	\N	6	help-development-intro	0
16	1.Аналитика	\N	<span>Исследуем специфику бизнеса в нише Вашего бизнеса. Анализируем полученные данные. На основе этой информации составляем техническое задание, определяем цели и задачи проекта.</span>\r\n              	\N	\N	t	0	1	2022-09-28 15:39:28.817628	1	1	0.27	20	\N	6	help-analytics	0
17	2. Анализ конкурентов	\N	<span>Анализируем конкурентов, их функционал и предложения. Составляем список: что из этого у них получилось хорошо, а что делать не стоит. Учитываем данные при разработке проекта.</span>\r\n              	\N	\N	t	0	1	2022-09-28 15:42:12.313568	2	1	0.27	24	\N	6	help-competitor-analysis	0
6	3. ВЕБ-СЕРВИСЫ	\N	<strong>Веб-сервисы - это большие строительные блоки проектов​​​​​​​</strong><span>. Приведем примеры для наилучшего понимания:</span><br><br><span>1. Вам нужен одностраничник? Его строят всего из одного такого блока под названием "Браузерное приложение". То есть проект здесь - работающий сайт в браузерах на компьютере, планшете, смартфоне.</span><br><br><span>2. Вы хотите соцсеть? Никаких проблем - переходите в услуги, выбираете нужную и там составляете блоки в зависимости от Ваших замыслов - "браузерные приложения", "мобильные приложения", "нейросети", и т.д.</span><br><br><span>Однако эти блоки могут быть разной сложности. Например, одностраничник, в котором работает реактивно и легко - здоровенный магазин. Исходя их этого, мы поделили услуги, товары и работы на 4 части: бюджетные, начальные, продвинутые и экспертные. Цена и сроки, конечно, различаются соответственно.</span><br><br><span>Веб-сервисы бывают </span><strong>открытые</strong><span> - без них создание проекта невозможно. И </span><strong>закрытые</strong><span> - имеющие добавочную ценность, раскрывающие потенциал затеи, дополняющие замысел. Калькулятор учитывает обязательные и выбранные опции технологий открытых веб-сервисов. Если Вы будете открывать закрытые вкладки сервисов - калькулятор учтет их цены.</span>\r\n              	\N	\N	t	0	1	2022-09-28 15:29:42.659104	3	0	0	0	\N	6	help-web-services	1
8	5. ОПЦИИ	\N	<span>Калькулятор заказа имеет и опции, разные для каждой технологии веб-сервисов. Покажем на примерах, как они работают и отличаются.</span><br><br><span>1. </span><strong>Опции по умолчанию​​​​​​​</strong><span>. Любой проект невозможен без обязательных опций. Вот магазин не может работать без админ-панели, в которой менеджеры взаимодействуют с товарами и заявками. Без пользовательского интерфейса не могут сайты. И так далее. Опции помечаются активным цветом.</span><br><br><span>2. </span><strong>Опции по умолчанию, имеющие несколько вариантов выбора​​​​​​​</strong><span>. Например, дизайн может быть уникальный, шаблонный, по Вашим макетам. Варианты по-разному оцениваются, требуют разного времени на разработку. Потому для правильного калькулятора стоимости без такого разделения никак.</span><br><br><span>3. </span><strong>Необязательные опции​​​​​​​</strong><span>. Например, отдельный мобильный вид для сайта, подчеркивающий его индивидуальность.</span><br><br><span>4. </span><strong>Необязательные опции, имеющие несколько вариантов выбора​​​​​​​</strong><span>. Это, быть может, разные варианты поддержки готового проекта.</span><br><br><span>Выбирайте веб-ресурсы, переключайте технологии, собирайте проект из опций - так Вы получите прекрасный образец того, как должны функционировать сайты компаний, предлагающие услуги веб-разработки.</span>\r\n              	\N	\N	t	0	1	2022-09-28 15:31:05.617682	5	0	0	0	\N	6	help-serves	1
9	6. ФОРМА ЗАКАЗА	\N	<span>Когда Вы выбрали все необходимые опции в калькуляторе заказа, решительно жмите на кнопку внизу - "Сумма ...</span><span>. Перейти к заказу". Откроется форма в отдельном окне.<br><br>Поскольку Вы хотите заказать у нас веб-ресурсы (они относятся к сложной, специфической продукции), Форма содержит в себе несколько секций.<br><br>1. </span><strong>Детали заказа​​​​​​​</strong><span>. Здесь представлен полный список опций, которые Вы выбрали. Список состоит из блоков. Каждый блок имеет структуру "веб-сервис - технология - опции". На каждый элемент можно нажать и получить полную информацию.<br></span><span>Далее расположен блок полной суммы. Напоминаем, что все цены сайта "вебсервисы.рф" не являются офертой, а призваны дать примерную картину ценообразования нашей продукции.<br><br>2. </span><strong>Сведения о заказчике​​​​​​​</strong><span>. Мы не хотим просить Ваш номер телефона, довольствуясь только несколькими видами данных о Вас как заказчике:<br><br>а) </span><span>Как к Вам обращаться<br></span><span>б) </span><span>Ваша почта<br></span><span>в) Ваши примечания (необязательно)<br>г) Файлы </span><span>(необязательно)</span><span>, которые Вы сочтете нужным прикрепить. Дизайн-макеты, брифы, видео, документы, и тому подобное.<br><br>3. </span><strong>Кнопка отправки формы​​​​​​​</strong><span>. Когда Вы ее нажмете, страница заменится на новую - "Ваши заказы".<br><br>Когда Вы отправите форму, мы в течении 1-2 календарных дней изучим ее и отправим Вам на почту данные для формирования договора предоставления услуг создания / развития веб-ресурсов.<br><br>Наш менеджер сформирует </span><strong>Ваш личный кабинет</strong><span> в системе наших клиентов, где Вы сможете в режиме реального времени наблюдать за ходом процесса "онлайн", вносить правки, изучать видео-отчеты процесса разработки Вашего проекта.</span>\r\n              	\N	\N	t	0	1	2022-09-28 15:31:36.766362	6	0	0	0	\N	6	help-order-form	1
3	0. Введение	help_store_intro	<span>Уважаемый заказчик! Введение нужно, чтобы замотивировать Вас на понимание важности тех нюансов, на которые человек часто не обращает внимание.</span><br><br><span>Мы провели масштабное исследование и выяснили, что </span><strong>ниша торговли веб-ресурсами​​​​​​​</strong><span> (сайтами, приложениями, ботами, нейросетями и так далее) поразительно </span><strong>не продумана​​​​​​​</strong><span> с точки зрения доступности материала.</span><br><br><span>Приведем аналогию на примере сферы недвижимости. Если Вы хотите купить квартиру, то найдете множество фирм, которые предоставляют исчерпывающую информацию о любом нюансе по этому вопросу. Включая даже смежные. Вы найдете даже конструкторы, которые помогут самостоятельно сформировать заказ без помощи персонала, риэлторов, юристов. Вы получаете удобный формат ознакомления с этой непростой сферой и для этого не нужен оператор, менеджер, "голос в трубке", выезд на объект.</span><br><br><span>У интеллектуального имущества много общего с недвижимостью, но Ваше желание заказать веб-ресурс наткнется на препятствие - Вы же ничего в этом не понимаете! И этим не замедлят воспользоваться мошенники и шарлатаны, которые пообещают дешевое и легкое решение проблемы.</span><br><br><span>Мы здесь - чтобы исправить ситуацию. Заказчик должен сам получить информацию в сфере создания сервисов в интернете. Ведь ему интересно, какой материал используется в стенах жилья, которое он покупает. Это важно. Так и при заказе, например, сайта следует ознакомиться с вопросами:</span><br><br><strong>а) на какой технологии фирма собирается строить сайт<br>б) почему выбраны те или иные решения<br>г) сколько стоит любая мелочь и какое время нужно на решение вопроса.</strong><br><br><span>Именно вышеизложенным обусловлены наши старания сделать удобный калькулятор для заказа веб-ресурсов. Мы хотим не запутать Вас, а дать всю необходимую информацию для Вашей же пользы. Чтобы Вы точно преуспели в задуманном. Это самая главная наша цель.</span>\r\n              	\N	\N	t	0	1	2022-09-23 10:53:31.663431	0	0	0	0	\N	6	help_store_intro	1
11	1. Идентификация	\N	<span>На сайте вебсервисы.рф есть два вида авторизации пользователей.</span><br><br><span>Первый работает в автоматическом режиме с момента Вашего посещения любой страницы сайта. Создается запись в cookie-файлах, по которой мы идентифицируем Вас. Также мы по Вашему ip адресу узнаем Ваше местоположение в формате "страна-регион-город". Создаем запись в базе данных и добавляем туда: сколько раз Вы смотрели каждую страницу сайта, потратили секунд, прокрутили метров, какое оборудование использовали, когда начали взаимодействие с сайтом.</span><br><br><span>Второй вид предназначен для наших партнеров, которые могут работать с определенным контентом - создавать новости, обучающие статьи, товары и так далее. Такие профили регистрируются с почтой и паролем. Пароль зашифровывается мощным инструментом argonautica, а процесс работы с сайтом осуществляется на основе сессий через redis-server.</span><br><br><span>Отказаться от первого вида авторизации можно, нажав на кнопку "Отказаться" во всплывающем окне предупреждения о использовании cookie-файлов, которое откроется при первом взаимодействии с сайтом. Второй вид профиля удаляется при помощи выбора пункта меню в настройках "Удалить аккаунт".</span><br><br><span>Отметим, что оба вида профилей могут работать одновременно.</span>\r\n              	\N	\N	t	0	1	2022-09-28 15:35:09.753911	1	0	0	0	\N	6	help-identification	1
12	2. СТАТИСТИКА	\N	<span>Мы сознательно не используем сторонние инструменты наблюдения за пользователями. Во-первых, нам нравится самостоятельно решать свои задачи без привлечения сторонних инструментов. Во-вторых, нам не нужны такие тонкие знания о Вас, как "подвинул указатель мыши туда-то", "навел мышью на кнопку такую-то" и в таком духе.</span><br><br><span>Конечно, мы стремимся получать нужные сведения о пользователе для улучшения понимания ценности своей работы, функционировании сайта, движении интереса к его страницам. Поэтому каждый Ваш переход на страницы, включая ту, с коей Вы начали, фиксируется и записывается в историю просмотров.</span><br><br><span>Таким образом, мы знаем, кто, откуда, куда, с какого оборудования, насколько долго и насколько глубоко взаимодействует с сайтом, а Вы можете пользоваться этой историей, чтобы ничего из просмотренного не потерять.</span><br><br><span>Также все посетители сайта могут видеть статистику посещений всех страниц в формате "кол-во просмотров, секунд и метров" и активность всех участников в собирательном формате.</span>\r\n              	\N	\N	t	0	1	2022-09-28 15:35:38.879974	2	0	0	0	\N	6	help-stat	1
14	4. Уместность	\N	<span>Получаемые данные о Вас нужны для улучшения пользовательского взаимодействия сайта, накопления движения интереса к разделам его страницам и встраиваемым дополнительным инструментам и проектам.</span><br><span>Пользователь получает взамен историю посещений сайта, хранимые заказы услуг и товаров, а также обращения в техподдержку. Плюс к этому, сайт запомнит выбранный фон для удобства.</span>\r\n              	\N	\N	t	0	1	2022-09-28 15:37:10.237126	4	0	0	0	\N	6	help-relevance	1
5	2. Ценообразование	\N	<span>Исходя из масштаба Вашего проекта, на его создание потребуется разное количество веб-сервисов и опций. Каждая опция зависит от технологии, на которой она будет реализовываться. А также от количества человеко-часов, требуемых её разработку. От сложности выбранного языка программирования, наконец. Все эти условия влияют - на цену опции, на итоговую стоимость всего заказа.</span><br><br><span>Мы продумали систему скидок для крупных заказчиков. Так, накопительная скидка на итоговую сумму от 1 до 2х миллионов рублей - 5 %.</span><br><br><span>Все расчеты производятся в рублях.</span>\r\n              	\N	\N	t	0	1	2022-09-28 15:29:03.680275	2	0	0	0	\N	6	help_pricing	1
7	4. ТЕХНОЛОГИИ	\N	<span>Калькулятор на страницах заказа веб-ресурсов имеет вкладки открытых и закрытых веб-сервисов. Каждый сервис может быть построен на разных языках программирования, технологиях, движках.</span><br><br><span>Разные технологии имеют набор плюсов и минусов, которые нужно учитывать для конкретного примера. К примеру, язык Python быстрый в разработке и простой, зато не такой производительный. Язык rust занимает больше времени на строительство и стоит дороже, зато может создавать соцсети высочайшей скорости и безопасности.</span><br><br><span>Вы можете выбирать из нескольких технологий, относящихся к конкретному веб-сервису. Калькулятор автоматически пересчитает итоговую стоимость проекта.</span><br><br><span>Мы умеем работать на многих технологиях, поэтому можем удовлетворить самые взыскательные требования.</span>\r\n              	\N	\N	t	0	1	2022-09-28 15:30:25.376192	4	0	0	0	\N	6	help-technologies	1
10	0. ВВЕДЕНИЕ	\N	<span>Уважаемый пользователь! При посещении сайтов могучей сети "Интернет", осуществляя так называемый "серфинг" - Вы в обязательном порядке оставляете след своей деятельности. Свою историю посещений, пристрастия, запросы. Свой ip (идентификатор оборудования в сети), MAC адрес (id Вашего оборудования), IMEI, по которым Вас можно легко идентифицировать, запеленговать и произвести любые другие манипуляции.</span><br><br><span>Эти процессы и сборы сведений - неизбежность. Наш сайт также собирает о Вас информацию. Давайте познакомимся с теми данными, которые мы накапливаем . Мы не увлекаемся с такими сборами, не превращаем их в очень уж детальные отчеты.</span>\r\n              	\N	\N	t	0	1	2022-09-28 15:34:27.855072	0	0	0	0	\N	6	help-personal-data-intro	1
22	Разработка лендингов	Разработка технического задания	\N	\N	/media/1/2023/1/28/detail-0.jpg	f	0	1	2022-10-06 09:17:01.029146	1	4	0.99	312	\N	2	service-web-landing-create	0
23	вебсервисы.рф	Высокотехнологичный сайт на rust с тотальной сменой внешнего вида	\N	https://вебсервисы.рф	/media/1/2023/1/27/store.jpg	f	0	1	2023-01-27 19:16:17.480746	1	0	0	0	\N	5	work_webservices	0
2	Тест	Разработка технического задания	<span dir="auto" style-target="bold">517 430 просмотров</span><span dir="auto" style-target="bold">  </span><span dir="auto" style-target="bold">25 дек. 2021 г.</span><span dir="auto" style-target="bold">  </span><span dir="auto">Приехал  на снегоходе см-002 в лес на охоту. Взял с собой собаку и кота чтобы не было скучно. Хочу добыть мясо на новый год. Если не будет сильно морозить, то попробую ещё половить хариуса. Обустроились в таёжной избе. Готовлю ужин для себя и домашних питомцев. Отдыхаем в зимовье далеко от цивилизации. Вокруг тишина такая что в ушах звенит. Сегодня на улице минус сорок градусов. Печку топлю почти весь день. Избушка построена для летнего периода, раньше здесь заготавливали сено и добывали рыбу. В такой холод жить в таких условиях конечно сложно. Выживаем как можем. Но не смотря на все сложности классно вот так отдохнуть душой и наслаждаться природой севера. Главное процесс и единение с тайгой. Завтра утром пойду на поиски боровой дичи.</span>\r\n              	\N	/media/1/2023/1/27/9ce059887e2e96335d175feaa16a32e5.jpg	f	0	1	2022-09-22 16:55:20.1855	1	7	1.58	480	\N	1	test-article	0
\.


--
-- Data for Name: messages; Type: TABLE DATA; Schema: public; Owner: serg
--

COPY public.messages (id, user_id, chat_id, created, content, view, types) FROM stdin;
\.


--
-- Data for Name: order_files; Type: TABLE DATA; Schema: public; Owner: serg
--

COPY public.order_files (id, order_id, src) FROM stdin;
\.


--
-- Data for Name: orders; Type: TABLE DATA; Schema: public; Owner: serg
--

COPY public.orders (id, title, types, object_id, username, email, description, created, user_id, price, price_acc) FROM stdin;
\.


--
-- Data for Name: serve; Type: TABLE DATA; Schema: public; Owner: serg
--

COPY public.serve (id, name, description, "position", serve_categories, price, man_hours, is_default, user_id, tech_cat_id, height, seconds, serve_id, view) FROM stdin;
\.


--
-- Data for Name: serve_categories; Type: TABLE DATA; Schema: public; Owner: serg
--

COPY public.serve_categories (id, name, description, tech_categories, "position", count, default_price, user_id, view, height, seconds) FROM stdin;
\.


--
-- Data for Name: serve_items; Type: TABLE DATA; Schema: public; Owner: serg
--

COPY public.serve_items (id, serve_id, item_id, types) FROM stdin;
\.


--
-- Data for Name: stat_pages; Type: TABLE DATA; Schema: public; Owner: serg
--

COPY public.stat_pages (id, types, view, height, seconds, now_u) FROM stdin;
3	7	0	0	0	1
2	6	60	12.45	4195	0
8	81	22	5.7700000000000005	695	0
20	38	3	1.1	57	0
15	14	56	18.06	4007	0
16	8	0	0	0	1
19	32	8	1.5	268	0
4	41	16	3.48	278	0
10	31	29	5.6000000000000005	352	0
11	13	60	20.369999999999997	3057	0
5	61	23	6.62	788	0
18	21	21	3.89	488	0
12	12	5	1.01	27	0
6	91	22	6.0200000000000005	2651	0
17	0	39	7.8100000000000005	3513	0
7	71	15	4.02	107	0
14	9	63	24.74	3078	0
9	10	51	12.299999999999999	1874	0
13	33	6	1.17	144	0
1	1	549	151.33999999999997	28979	985
\.


--
-- Data for Name: tags; Type: TABLE DATA; Schema: public; Owner: serg
--

COPY public.tags (id, name, "position", count, user_id, view, height, seconds, now_u) FROM stdin;
3	новости	1	0	1	2	0.38	6	0
2	трезвый.рус	2	0	1	5	0.95	16	0
1	Веб-разработка	1	3	1	31	6.51	1480	0
\.


--
-- Data for Name: tags_items; Type: TABLE DATA; Schema: public; Owner: serg
--

COPY public.tags_items (id, tag_id, item_id, types, created) FROM stdin;
10	1	3	6	2022-09-23 07:53:31.669439
11	1	4	6	2022-09-23 07:54:17.750569
12	1	5	6	2022-09-28 12:29:03.688076
17	1	23	5	2023-01-27 16:18:58.966107
18	3	2	1	2023-01-27 16:20:56.697794
19	2	2	1	2023-01-27 16:20:56.699193
20	1	2	1	2023-01-27 16:20:56.700286
21	1	22	2	2023-01-28 10:13:55.546692
\.


--
-- Data for Name: tech_categories; Type: TABLE DATA; Schema: public; Owner: serg
--

COPY public.tech_categories (id, name, description, "position", count, level, user_id, view, height, seconds) FROM stdin;
1	Браузерное приложение	Браузерное приложение	1	0	0	1	0	0	0
2	Браузерное приложение	Браузерное приложение	2	0	2	1	0	0	0
3	Браузерное приложение	Браузерное приложение	3	0	3	1	0	0	0
4	Браузерное приложение	Браузерное приложение	4	0	4	1	0	0	0
\.


--
-- Data for Name: tech_categories_items; Type: TABLE DATA; Schema: public; Owner: serg
--

COPY public.tech_categories_items (id, category_id, item_id, types, is_active) FROM stdin;
\.


--
-- Data for Name: users; Type: TABLE DATA; Schema: public; Owner: serg
--

COPY public.users (id, username, email, password, bio, image, perm) FROM stdin;
1	Serg	ochkarik1983@mail.ru	$argon2id$v=19$m=4096,t=192,p=1$x3VzuMHO10jHeEUbGNOV6jKDuM7PiXT6CwVZsPmWNbY$VDAXS1vkzUNLOGZmPlemuT+p6OoNHa8x6z9LLwLtqxc	\N	\N	60
\.


--
-- Name: categories_id_seq; Type: SEQUENCE SET; Schema: public; Owner: serg
--

SELECT pg_catalog.setval('public.categories_id_seq', 11, true);


--
-- Name: category_id_seq; Type: SEQUENCE SET; Schema: public; Owner: serg
--

SELECT pg_catalog.setval('public.category_id_seq', 36, true);


--
-- Name: chats_id_seq; Type: SEQUENCE SET; Schema: public; Owner: serg
--

SELECT pg_catalog.setval('public.chats_id_seq', 1, false);


--
-- Name: cookie_stats_id_seq; Type: SEQUENCE SET; Schema: public; Owner: serg
--

SELECT pg_catalog.setval('public.cookie_stats_id_seq', 3072, true);


--
-- Name: cookie_users_id_seq; Type: SEQUENCE SET; Schema: public; Owner: serg
--

SELECT pg_catalog.setval('public.cookie_users_id_seq', 472, true);


--
-- Name: feedbacks_id_seq; Type: SEQUENCE SET; Schema: public; Owner: serg
--

SELECT pg_catalog.setval('public.feedbacks_id_seq', 2, true);


--
-- Name: files_id_seq; Type: SEQUENCE SET; Schema: public; Owner: serg
--

SELECT pg_catalog.setval('public.files_id_seq', 18, true);


--
-- Name: item_comments_id_seq; Type: SEQUENCE SET; Schema: public; Owner: serg
--

SELECT pg_catalog.setval('public.item_comments_id_seq', 1, false);


--
-- Name: items_id_seq; Type: SEQUENCE SET; Schema: public; Owner: serg
--

SELECT pg_catalog.setval('public.items_id_seq', 23, true);


--
-- Name: messages_id_seq; Type: SEQUENCE SET; Schema: public; Owner: serg
--

SELECT pg_catalog.setval('public.messages_id_seq', 1, false);


--
-- Name: order_files_id_seq; Type: SEQUENCE SET; Schema: public; Owner: serg
--

SELECT pg_catalog.setval('public.order_files_id_seq', 1, false);


--
-- Name: orders_id_seq; Type: SEQUENCE SET; Schema: public; Owner: serg
--

SELECT pg_catalog.setval('public.orders_id_seq', 1, false);


--
-- Name: serve_categories_id_seq; Type: SEQUENCE SET; Schema: public; Owner: serg
--

SELECT pg_catalog.setval('public.serve_categories_id_seq', 1, false);


--
-- Name: serve_id_seq; Type: SEQUENCE SET; Schema: public; Owner: serg
--

SELECT pg_catalog.setval('public.serve_id_seq', 1, false);


--
-- Name: serve_items_id_seq; Type: SEQUENCE SET; Schema: public; Owner: serg
--

SELECT pg_catalog.setval('public.serve_items_id_seq', 1, false);


--
-- Name: stat_pages_id_seq; Type: SEQUENCE SET; Schema: public; Owner: serg
--

SELECT pg_catalog.setval('public.stat_pages_id_seq', 20, true);


--
-- Name: tags_id_seq; Type: SEQUENCE SET; Schema: public; Owner: serg
--

SELECT pg_catalog.setval('public.tags_id_seq', 3, true);


--
-- Name: tags_items_id_seq; Type: SEQUENCE SET; Schema: public; Owner: serg
--

SELECT pg_catalog.setval('public.tags_items_id_seq', 21, true);


--
-- Name: tech_categories_id_seq; Type: SEQUENCE SET; Schema: public; Owner: serg
--

SELECT pg_catalog.setval('public.tech_categories_id_seq', 5, true);


--
-- Name: tech_categories_items_id_seq; Type: SEQUENCE SET; Schema: public; Owner: serg
--

SELECT pg_catalog.setval('public.tech_categories_items_id_seq', 2, true);


--
-- Name: users_id_seq; Type: SEQUENCE SET; Schema: public; Owner: serg
--

SELECT pg_catalog.setval('public.users_id_seq', 1, true);


--
-- Name: __diesel_schema_migrations __diesel_schema_migrations_pkey; Type: CONSTRAINT; Schema: public; Owner: serg
--

ALTER TABLE ONLY public.__diesel_schema_migrations
    ADD CONSTRAINT __diesel_schema_migrations_pkey PRIMARY KEY (version);


--
-- Name: categories categories_pkey; Type: CONSTRAINT; Schema: public; Owner: serg
--

ALTER TABLE ONLY public.categories
    ADD CONSTRAINT categories_pkey PRIMARY KEY (id);


--
-- Name: categories categories_slug_key; Type: CONSTRAINT; Schema: public; Owner: serg
--

ALTER TABLE ONLY public.categories
    ADD CONSTRAINT categories_slug_key UNIQUE (slug);


--
-- Name: category category_pkey; Type: CONSTRAINT; Schema: public; Owner: serg
--

ALTER TABLE ONLY public.category
    ADD CONSTRAINT category_pkey PRIMARY KEY (id);


--
-- Name: chats chats_pkey; Type: CONSTRAINT; Schema: public; Owner: serg
--

ALTER TABLE ONLY public.chats
    ADD CONSTRAINT chats_pkey PRIMARY KEY (id);


--
-- Name: cookie_stats cookie_stats_pkey; Type: CONSTRAINT; Schema: public; Owner: serg
--

ALTER TABLE ONLY public.cookie_stats
    ADD CONSTRAINT cookie_stats_pkey PRIMARY KEY (id);


--
-- Name: cookie_users cookie_users_pkey; Type: CONSTRAINT; Schema: public; Owner: serg
--

ALTER TABLE ONLY public.cookie_users
    ADD CONSTRAINT cookie_users_pkey PRIMARY KEY (id);


--
-- Name: feedbacks feedbacks_pkey; Type: CONSTRAINT; Schema: public; Owner: serg
--

ALTER TABLE ONLY public.feedbacks
    ADD CONSTRAINT feedbacks_pkey PRIMARY KEY (id);


--
-- Name: files files_pkey; Type: CONSTRAINT; Schema: public; Owner: serg
--

ALTER TABLE ONLY public.files
    ADD CONSTRAINT files_pkey PRIMARY KEY (id);


--
-- Name: files files_src_key; Type: CONSTRAINT; Schema: public; Owner: serg
--

ALTER TABLE ONLY public.files
    ADD CONSTRAINT files_src_key UNIQUE (src);


--
-- Name: item_comments item_comments_pkey; Type: CONSTRAINT; Schema: public; Owner: serg
--

ALTER TABLE ONLY public.item_comments
    ADD CONSTRAINT item_comments_pkey PRIMARY KEY (id);


--
-- Name: items items_pkey; Type: CONSTRAINT; Schema: public; Owner: serg
--

ALTER TABLE ONLY public.items
    ADD CONSTRAINT items_pkey PRIMARY KEY (id);


--
-- Name: items items_slug_key; Type: CONSTRAINT; Schema: public; Owner: serg
--

ALTER TABLE ONLY public.items
    ADD CONSTRAINT items_slug_key UNIQUE (slug);


--
-- Name: messages messages_pkey; Type: CONSTRAINT; Schema: public; Owner: serg
--

ALTER TABLE ONLY public.messages
    ADD CONSTRAINT messages_pkey PRIMARY KEY (id);


--
-- Name: order_files order_files_pkey; Type: CONSTRAINT; Schema: public; Owner: serg
--

ALTER TABLE ONLY public.order_files
    ADD CONSTRAINT order_files_pkey PRIMARY KEY (id);


--
-- Name: orders orders_pkey; Type: CONSTRAINT; Schema: public; Owner: serg
--

ALTER TABLE ONLY public.orders
    ADD CONSTRAINT orders_pkey PRIMARY KEY (id);


--
-- Name: serve_categories serve_categories_pkey; Type: CONSTRAINT; Schema: public; Owner: serg
--

ALTER TABLE ONLY public.serve_categories
    ADD CONSTRAINT serve_categories_pkey PRIMARY KEY (id);


--
-- Name: serve_items serve_items_pkey; Type: CONSTRAINT; Schema: public; Owner: serg
--

ALTER TABLE ONLY public.serve_items
    ADD CONSTRAINT serve_items_pkey PRIMARY KEY (id);


--
-- Name: serve serve_pkey; Type: CONSTRAINT; Schema: public; Owner: serg
--

ALTER TABLE ONLY public.serve
    ADD CONSTRAINT serve_pkey PRIMARY KEY (id);


--
-- Name: stat_pages stat_pages_pkey; Type: CONSTRAINT; Schema: public; Owner: serg
--

ALTER TABLE ONLY public.stat_pages
    ADD CONSTRAINT stat_pages_pkey PRIMARY KEY (id);


--
-- Name: tags_items tags_items_pkey; Type: CONSTRAINT; Schema: public; Owner: serg
--

ALTER TABLE ONLY public.tags_items
    ADD CONSTRAINT tags_items_pkey PRIMARY KEY (id);


--
-- Name: tags tags_pkey; Type: CONSTRAINT; Schema: public; Owner: serg
--

ALTER TABLE ONLY public.tags
    ADD CONSTRAINT tags_pkey PRIMARY KEY (id);


--
-- Name: tech_categories_items tech_categories_items_pkey; Type: CONSTRAINT; Schema: public; Owner: serg
--

ALTER TABLE ONLY public.tech_categories_items
    ADD CONSTRAINT tech_categories_items_pkey PRIMARY KEY (id);


--
-- Name: tech_categories tech_categories_pkey; Type: CONSTRAINT; Schema: public; Owner: serg
--

ALTER TABLE ONLY public.tech_categories
    ADD CONSTRAINT tech_categories_pkey PRIMARY KEY (id);


--
-- Name: users users_email_key; Type: CONSTRAINT; Schema: public; Owner: serg
--

ALTER TABLE ONLY public.users
    ADD CONSTRAINT users_email_key UNIQUE (email);


--
-- Name: users users_pkey; Type: CONSTRAINT; Schema: public; Owner: serg
--

ALTER TABLE ONLY public.users
    ADD CONSTRAINT users_pkey PRIMARY KEY (id);


--
-- Name: users users_username_key; Type: CONSTRAINT; Schema: public; Owner: serg
--

ALTER TABLE ONLY public.users
    ADD CONSTRAINT users_username_key UNIQUE (username);


--
-- Name: chats_user_id_idx; Type: INDEX; Schema: public; Owner: serg
--

CREATE INDEX chats_user_id_idx ON public.chats USING btree (user_id);


--
-- Name: item_comments_id_idx; Type: INDEX; Schema: public; Owner: serg
--

CREATE INDEX item_comments_id_idx ON public.item_comments USING btree (item_id);


--
-- Name: item_comments_user_id_idx; Type: INDEX; Schema: public; Owner: serg
--

CREATE INDEX item_comments_user_id_idx ON public.item_comments USING btree (user_id);


--
-- Name: items_creator_idx; Type: INDEX; Schema: public; Owner: serg
--

CREATE INDEX items_creator_idx ON public.items USING btree (user_id);


--
-- Name: messages_user_id_idx; Type: INDEX; Schema: public; Owner: serg
--

CREATE INDEX messages_user_id_idx ON public.messages USING btree (user_id);


--
-- Name: order_files_id_idx; Type: INDEX; Schema: public; Owner: serg
--

CREATE INDEX order_files_id_idx ON public.order_files USING btree (order_id);


--
-- Name: category fk_category_cat; Type: FK CONSTRAINT; Schema: public; Owner: serg
--

ALTER TABLE ONLY public.category
    ADD CONSTRAINT fk_category_cat FOREIGN KEY (categories_id) REFERENCES public.categories(id);


--
-- Name: category fk_category_item; Type: FK CONSTRAINT; Schema: public; Owner: serg
--

ALTER TABLE ONLY public.category
    ADD CONSTRAINT fk_category_item FOREIGN KEY (item_id) REFERENCES public.items(id);


--
-- Name: chats fk_chat_creator; Type: FK CONSTRAINT; Schema: public; Owner: serg
--

ALTER TABLE ONLY public.chats
    ADD CONSTRAINT fk_chat_creator FOREIGN KEY (user_id) REFERENCES public.users(id);


--
-- Name: cookie_stats fk_cookie_stat_user; Type: FK CONSTRAINT; Schema: public; Owner: serg
--

ALTER TABLE ONLY public.cookie_stats
    ADD CONSTRAINT fk_cookie_stat_user FOREIGN KEY (user_id) REFERENCES public.cookie_users(id);


--
-- Name: item_comments fk_item_comment; Type: FK CONSTRAINT; Schema: public; Owner: serg
--

ALTER TABLE ONLY public.item_comments
    ADD CONSTRAINT fk_item_comment FOREIGN KEY (item_id) REFERENCES public.items(id);


--
-- Name: item_comments fk_item_parent_comment; Type: FK CONSTRAINT; Schema: public; Owner: serg
--

ALTER TABLE ONLY public.item_comments
    ADD CONSTRAINT fk_item_parent_comment FOREIGN KEY (parent_id) REFERENCES public.item_comments(id);


--
-- Name: messages fk_message_creator; Type: FK CONSTRAINT; Schema: public; Owner: serg
--

ALTER TABLE ONLY public.messages
    ADD CONSTRAINT fk_message_creator FOREIGN KEY (user_id) REFERENCES public.users(id);


--
-- Name: order_files fk_order_files; Type: FK CONSTRAINT; Schema: public; Owner: serg
--

ALTER TABLE ONLY public.order_files
    ADD CONSTRAINT fk_order_files FOREIGN KEY (order_id) REFERENCES public.orders(id);


--
-- Name: serve fk_serve_category; Type: FK CONSTRAINT; Schema: public; Owner: serg
--

ALTER TABLE ONLY public.serve
    ADD CONSTRAINT fk_serve_category FOREIGN KEY (serve_categories) REFERENCES public.serve_categories(id);


--
-- Name: serve fk_serve_creator; Type: FK CONSTRAINT; Schema: public; Owner: serg
--

ALTER TABLE ONLY public.serve
    ADD CONSTRAINT fk_serve_creator FOREIGN KEY (user_id) REFERENCES public.users(id);


--
-- Name: items fk_store_creator; Type: FK CONSTRAINT; Schema: public; Owner: serg
--

ALTER TABLE ONLY public.items
    ADD CONSTRAINT fk_store_creator FOREIGN KEY (user_id) REFERENCES public.users(id);


--
-- Name: tags fk_tag_creator; Type: FK CONSTRAINT; Schema: public; Owner: serg
--

ALTER TABLE ONLY public.tags
    ADD CONSTRAINT fk_tag_creator FOREIGN KEY (user_id) REFERENCES public.users(id);


--
-- Name: serve_categories fk_tech_category; Type: FK CONSTRAINT; Schema: public; Owner: serg
--

ALTER TABLE ONLY public.serve_categories
    ADD CONSTRAINT fk_tech_category FOREIGN KEY (tech_categories) REFERENCES public.tech_categories(id);


--
-- Name: item_comments fk_user_item_comment; Type: FK CONSTRAINT; Schema: public; Owner: serg
--

ALTER TABLE ONLY public.item_comments
    ADD CONSTRAINT fk_user_item_comment FOREIGN KEY (user_id) REFERENCES public.users(id);


--
-- PostgreSQL database dump complete
--

